time,hr,freq_hz,duration
0,82.10572699999999,1.368428783333333,0.0
730,89.16611505755486,1.4861019176259143,730.0
1402,87.1077268069904,1.4517954467831733,672.0
2090,91.41616494303916,1.5236027490506527,688.0
2746,97.55920166722137,1.6259866944536896,656.0
3361,106.23908895431165,1.770651482571861,615.0
3925,109.7110486667516,1.8285174777791933,564.0
4471,110.98783590867644,1.8497972651446075,546.0
5011,112.73467829114797,1.8789113048524662,540.0
5543,113.8412579656809,1.897354299428015,532.0
6070,114.50847405759188,1.9084745676265313,527.0
6593,115.490447399797,1.9248407899966167,523.0
7112,117.26307259158,1.954384543193,519.0
7623,118.84319697266929,1.9807199495444883,511.0
8127,119.62844397381302,1.9938073995635504,504.0
8628,121.81812567292029,2.0303020945486714,501.0
9120,122.69110310213703,2.0448517183689505,492.0
9609,123.11357583900046,2.0518929306500078,489.0
10096,125.42258387848362,2.090376397974727,487.0
10574,126.83366748192056,2.1138944580320094,478.0
11047,127.09566531459252,2.118261088576542,473.0
11519,128.71151765583667,2.145191960930611,472.0
11985,130.5734607235419,2.176224345392365,466.0
12444,130.57113042257188,2.176185507042865,459.0
12903,132.46114452417368,2.2076857420695615,459.0
13355,133.34278871575273,2.2223798119292124,452.0
13804,133.92072887456314,2.2320121479093857,449.0
14252,133.34624493027255,2.2224374155045425,448.0
14701,137.1344899124993,2.2855748318749884,449.0
15138,140.8836350686943,2.3480605844782385,437.0
15563,140.26424119130414,2.3377373531884023,425.0
15990,131.87112910620058,2.1978521517700096,427.0
16444,139.81834244847747,2.3303057074746243,454.0
16873,140.13737069911303,2.335622844985217,429.0
17301,140.9500255931218,2.3491670932186968,428.0
17726,142.13888167670663,2.368981361278444,425.0
18148,141.24983961415018,2.3541639935691694,422.0
18572,144.39674118263065,2.4066123530438444,424.0
18987,144.09900806991843,2.4016501344986403,415.0
19403,142.49611709153686,2.374935284858948,416.0
19824,143.84728241018396,2.3974547068363994,421.0
20241,145.7266538542701,2.428777564237835,417.0
20652,145.54917704687867,2.425819617447978,411.0
21064,145.86777014552777,2.431129502425463,412.0
21475,149.04808520932264,2.4841347534887106,411.0
21877,148.92134680515224,2.4820224467525374,402.0
22279,148.57388613069415,2.4762314355115693,402.0
22682,146.5941155096748,2.44323525849458,403.0
23091,151.7824630629086,2.529707717715143,409.0
23486,150.19933606287162,2.5033222677145273,395.0
23885,149.95900080065164,2.499316680010861,399.0
24285,150.22701120670132,2.5037835201116887,400.0
24684,151.73018346278602,2.5288363910464335,399.0
25079,149.73527047828415,2.4955878413047357,395.0
25479,152.8501874926175,2.5475031248769584,400.0
25871,151.9280333065151,2.5321338884419182,392.0
26265,152.04517007013968,2.534086167835661,394.0
26659,152.052568806598,2.5342094801099666,394.0
27053,152.44334648130175,2.540722441355029,394.0
27446,152.38819620681133,2.5398032701135222,393.0
27839,152.48351949018652,2.541391991503109,393.0
28232,153.2328706652964,2.5538811777549397,393.0
28623,153.19794498480005,2.5532990830800006,391.0
29014,153.12503186780862,2.552083864463477,391.0
29405,152.73196167190378,2.5455326945317296,391.0
29797,153.67610966066977,2.561268494344496,392.0
30187,153.77629161943548,2.562938193657258,390.0
30577,155.0242298661981,2.583737164436635,390.0
30964,153.74318962711777,2.5623864937852963,387.0
31354,153.63895985991113,2.5606493309985185,390.0
31744,153.73347631634,2.562224605272333,390.0
32134,154.67600464801015,2.5779334108001692,390.0
32521,154.16278642081727,2.569379773680288,387.0
32910,154.40610798184207,2.573435133030701,389.0
33298,156.43133081172854,2.6071888468621425,388.0
33681,155.9955109941852,2.59992518323642,383.0
34065,153.75582705732344,2.562597117622057,384.0
34455,154.83411918766902,2.580568653127817,390.0
34842,156.38520939647458,2.6064201566079097,387.0
35225,156.95552638231777,2.615925439705296,383.0
35607,156.77189707350513,2.6128649512250854,382.0
35989,156.2360896922546,2.6039348282042436,382.0
36373,155.74531604265428,2.5957552673775712,384.0
36758,155.7077808242185,2.595129680403642,385.0
37143,156.32264008787664,2.605377334797944,385.0
37526,156.60337797469722,2.610056299578287,383.0
37909,155.67863419479437,2.5946439032465727,383.0
38294,155.6616676742621,2.5943611279043686,385.0
38679,155.92975713131457,2.5988292855219095,385.0
39063,158.7190749655593,2.645317916092655,384.0
39441,155.57682542555744,2.5929470904259575,378.0
39826,154.74282606200012,2.579047101033335,385.0
40213,156.7258563038928,2.6120976050648803,387.0
40595,156.72884272775994,2.612147378795999,382.0
40977,157.8687777819618,2.63114629636603,382.0
41357,156.29918397470408,2.6049863995784013,380.0
41740,156.43161944603742,2.607193657433957,383.0
42123,156.28937404946893,2.604822900824482,383.0
42506,156.04315033502212,2.600719172250369,383.0
42890,159.5909911867445,2.659849853112408,384.0
43265,155.98461349463386,2.599743558243898,375.0
43649,154.7206146428795,2.578676910714658,384.0
44036,157.1586789878535,2.619311316464225,387.0
44417,157.06519604230843,2.6177532673718074,381.0
44799,157.49078233413374,2.624846372235562,382.0
45179,157.02191365377175,2.617031894229529,380.0
45561,156.43434370961975,2.607239061826996,382.0
45944,156.472242292677,2.6078707048779504,383.0
46327,157.12789806850128,2.618798301141688,383.0
46708,158.40402783388387,2.640067130564731,381.0
47086,158.11347604574328,2.635224600762388,378.0
47465,154.625206320507,2.57708677200845,379.0
47853,157.15899018391386,2.619316503065231,388.0
48234,157.09583234710252,2.6182638724517084,381.0
48615,157.83053168298514,2.6305088613830856,381.0
48995,155.84687070207016,2.5974478450345027,380.0
49379,157.97195432879855,2.6328659054799757,384.0
49758,157.41185819315743,2.623530969885957,379.0
50139,155.996034898035,2.59993391496725,381.0
50523,156.1454024175095,2.6024233736251583,384.0
50907,159.16889151076506,2.652814858512751,384.0
51283,157.00232392054562,2.6167053986757605,376.0
51665,157.07915045243246,2.617985840873874,382.0
52046,157.08791310514275,2.6181318850857123,381.0
52427,156.9848433091881,2.616414055153135,381.0
52809,154.25102311432852,2.5708503852388085,382.0
53197,157.84961809961763,2.6308269683269603,388.0
53577,157.72338190227453,2.6287230317045753,380.0
53957,157.7961032024181,2.629935053373635,380.0
54337,158.7032338603937,2.6450538976732285,380.0
54715,156.60524431334196,2.610087405222366,378.0
55098,156.28314019387693,2.604719003231282,383.0
55481,157.9033527852757,2.6317225464212615,383.0
55860,157.0616997587445,2.617694995979075,379.0
56242,157.02944679945153,2.6171574466575254,382.0
56624,155.0455999002353,2.584093331670588,382.0
57010,158.40049995914148,2.640008332652358,386.0
57388,158.21919741588877,2.6369866235981463,378.0
57767,155.04373452171458,2.5840622420285766,379.0
58153,158.763903854245,2.646065064237417,386.0
58530,156.43263012474918,2.607210502079153,377.0
58913,156.4619807171181,2.6076996786186353,383.0
59296,157.49613963703493,2.6249356606172487,383.0
59676,158.74846299186822,2.645807716531137,380.0
60053,159.23084691020614,2.6538474485034356,377.0
60429,158.9723103091507,2.649538505152512,376.0
60806,158.3365880389275,2.6389431339821248,377.0
61184,157.68805576528104,2.628134262754684,378.0
61564,157.39696336754733,2.6232827227924553,380.0
61945,157.48556983878476,2.6247594973130792,381.0
62325,157.07632419265676,2.6179387365442794,380.0
62706,157.25728336049494,2.6209547226749157,381.0
63087,157.3104984990719,2.6218416416511987,381.0
63468,156.58553561763622,2.6097589269606036,381.0
63851,159.55906818738998,2.6593178031231663,383.0
64227,157.53356239190447,2.6255593731984077,376.0
64607,157.90294748567342,2.6317157914278906,380.0
64986,156.30415052470778,2.6050691754117965,379.0
65369,156.45467283066841,2.60757788051114,383.0
65752,156.35965887322942,2.605994314553824,383.0
66135,159.51130893583243,2.658521815597207,383.0
66511,158.80512050471634,2.646752008411939,376.0
66888,157.50613716189937,2.625102286031656,377.0
67268,157.47781611608576,2.6246302686014293,380.0
67649,157.3461225091312,2.6224353751521865,381.0
68030,157.35467063323821,2.6225778438873038,381.0
68411,157.29033460700788,2.6215055767834645,381.0
68792,158.71178908462525,2.6451964847437544,381.0
69170,157.80504209146181,2.630084034857697,378.0
69550,157.74700638801392,2.6291167731335654,380.0
69930,157.74417738399464,2.6290696230665773,380.0
70310,158.28363508691217,2.6380605847818694,380.0
70689,158.51929415702287,2.641988235950381,379.0
71067,158.51813950894945,2.641968991815824,378.0
71445,158.65828016142413,2.644304669357069,378.0
71823,158.92795983891807,2.6487993306486346,378.0
72200,159.213079825712,2.653551330428533,377.0
72576,159.40142308410117,2.6566903847350196,376.0
72952,159.3821315586625,2.656368859311042,376.0
73328,159.0435623645374,2.6507260394089567,376.0
73705,158.70277579513146,2.645046263252191,377.0
74083,159.73409339875258,2.6622348899792097,378.0
74458,159.8328898524196,2.6638814975403267,375.0
74833,158.6110532068793,2.643517553447988,375.0
75211,158.37535732212925,2.639589288702154,378.0
75589,161.25048485771657,2.6875080809619427,378.0
75961,159.64925479090022,2.6608209131816705,372.0
76336,160.37509855356598,2.6729183092260995,375.0
76710,160.04919595957276,2.6674865993262125,374.0
77084,159.7124373290359,2.661873955483932,374.0
77459,159.74047538576332,2.6623412564293885,375.0
77834,159.62012411128217,2.6603354018547027,375.0
78209,161.3267119281158,2.6887785321352635,375.0
78580,159.15381988094202,2.652563664682367,371.0
78956,161.65908705749425,2.694318117624904,376.0
79327,159.54671387120328,2.659111897853388,371.0
79703,159.32920327851278,2.6554867213085465,376.0
80079,159.47357690863265,2.657892948477211,376.0
80455,161.80588213489906,2.6967647022483177,376.0
80825,162.05912682015142,2.7009854470025236,370.0
81195,159.9009978103096,2.6650166301718268,370.0
81570,159.77798234252623,2.662966372375437,375.0
81945,159.3307355085947,2.6555122584765782,375.0
82321,159.29083104657693,2.6548471841096153,376.0
82697,159.2571203312118,2.6542853388535304,376.0
83073,160.2036450727438,2.6700607512123966,376.0
83447,161.25629651830874,2.6876049419718124,374.0
83819,161.28101993502094,2.6880169989170155,372.0
84191,161.36110400584295,2.689351733430716,372.0
84562,159.68395777267833,2.6613992962113056,371.0
84937,159.5601649512768,2.6593360825212797,375.0
85313,159.84131633471725,2.664021938911954,376.0
85688,162.84693473249644,2.7141155788749405,375.0
86056,163.24233676760863,2.7207056127934774,368.0
86423,159.7043873259085,2.6617397887651415,367.0
86798,161.49074031746073,2.6915123386243454,375.0
87169,162.61960718205762,2.710326786367627,371.0
87537,161.96899211002014,2.699483201833669,368.0
87907,161.21238651051135,2.6868731085085225,370.0
88279,161.19495962711179,2.686582660451863,372.0
88651,161.09975309190398,2.6849958848650664,372.0
89023,162.8718085242649,2.714530142071082,372.0
89391,163.26208872021772,2.7210348120036287,368.0
89758,160.04355559417792,2.6673925932362987,367.0
90132,162.8280674135933,2.7138011235598882,374.0
90500,162.28516757717256,2.704752792952876,368.0
90869,162.3453060004681,2.7057551000078015,369.0
91238,162.32912263002805,2.7054853771671343,369.0
91607,163.42802192942705,2.7238003654904506,369.0
91974,162.77862471560883,2.7129770785934806,367.0
92342,161.31069185846366,2.6885115309743943,368.0
92713,162.11338183028167,2.701889697171361,371.0
93083,162.02021556125416,2.7003369260209027,370.0
93453,164.84142521278082,2.7473570868796804,370.0
93816,165.1708247512249,2.752847079187082,363.0
94179,163.83710892950984,2.7306184821584973,363.0
94545,162.29449857532845,2.7049083095888076,366.0
94914,160.93191877908433,2.682198646318072,369.0
95286,160.1568419530082,2.6692806992168037,372.0
95660,160.3940552258431,2.6732342537640514,374.0
96034,162.0639951664087,2.7010665861068115,374.0
96404,164.35603829228856,2.739267304871476,370.0
96769,163.1196083131353,2.718660138552255,365.0
97136,163.49524005014374,2.7249206675023956,367.0
97502,162.26157509879985,2.7043595849799975,366.0
97871,162.405285545033,2.7067547590838834,369.0
98240,162.45705418065796,2.7076175696776326,369.0
98609,162.49622274336215,2.708270379056036,369.0
98978,162.39327612106283,2.7065546020177136,369.0
99347,165.62581273905158,2.760430212317526,369.0
99709,163.8392317476166,2.7306538624602767,362.0
100075,161.6472772872527,2.6941212881208783,366.0
100446,163.8420386388431,2.730700643980718,371.0
100812,162.4854218072068,2.7080903634534463,366.0
101181,162.27845954390585,2.704640992398431,369.0
101550,162.24908293115786,2.704151382185964,369.0
101919,163.56685559544292,2.7261142599240484,369.0
102285,163.85964288918302,2.7309940481530504,366.0
102651,162.1515986413564,2.7025266440226066,366.0
103021,163.8651280362361,2.7310854672706015,370.0
103387,162.20186184835288,2.7033643641392144,366.0
103756,161.76081892012405,2.696013648668734,369.0
104126,163.76727480559683,2.7294545800932806,370.0
104492,164.05537204239764,2.734256200706627,366.0
104857,163.12590271517666,2.7187650452529444,365.0
105224,162.9981228117047,2.716635380195078,367.0
105592,163.14238140275506,2.7190396900459177,368.0
105959,162.10523926458498,2.701753987743083,367.0
106329,164.44937010780706,2.7408228351301176,370.0
106693,166.8189963546384,2.78031660591064,364.0
107052,167.51304041984312,2.7918840069973854,359.0
107410,166.93742945757512,2.782290490959585,358.0
107769,165.4479784156484,2.7574663069274736,359.0
108131,163.38615929667796,2.7231026549446327,362.0
108498,161.42173387557693,2.6903622312596154,367.0
108869,162.18160777472877,2.7030267962454797,371.0
109238,163.45939714260948,2.724323285710158,369.0
109605,162.8592455121705,2.714320758536175,367.0
109973,162.33947117842092,2.705657852973682,368.0
110342,164.39690768326088,2.7399484613876814,369.0
110706,164.61228995235788,2.743538165872631,364.0
111070,161.00654962994903,2.683442493832484,364.0
111442,164.03161340687262,2.733860223447877,372.0
111807,163.81031236942403,2.7301718728237336,365.0
112173,161.7507492621365,2.6958458210356087,366.0
112543,162.60360968452295,2.7100601614087156,370.0
112911,163.97958020060406,2.732993003343401,368.0
113276,162.80503567928025,2.7134172613213376,365.0
113644,163.5168661352578,2.725281102254297,368.0
114010,164.21406669990333,2.7369011116650555,366.0
114375,162.47614108559065,2.7079356847598444,365.0
114744,162.6652817831935,2.7110880297198916,369.0
115112,163.80036477884232,2.730006079647372,368.0
115478,163.9934498475921,2.733224164126535,366.0
115843,163.69584850247293,2.728264141707882,365.0
116209,163.62209419926825,2.7270349033211376,366.0
116575,163.63888213420714,2.7273147022367854,366.0
116941,163.67009796641509,2.727834966106918,366.0
117307,163.7987698619275,2.7299794976987917,366.0
117673,162.80180371733337,2.7133633952888894,366.0
118041,160.58200493809153,2.676366748968192,368.0
118414,164.340703939302,2.7390117323217,373.0
118779,164.51838209532315,2.7419730349220526,365.0
119143,163.7992510377581,2.7299875172959682,364.0
119509,163.9050991639839,2.731751652733065,366.0
119875,164.18690830630658,2.736448471771776,366.0
120240,162.27380850373603,2.704563475062267,365.0
120609,164.2925203982635,2.7382086733043915,369.0
120974,163.3239798772086,2.72206633128681,365.0
121341,161.68169441902288,2.6946949069837145,367.0
121712,165.84362318226536,2.7640603863710895,371.0
122073,165.71863049694468,2.7619771749490782,361.0
122435,163.2144470049014,2.720240783415023,362.0
122802,163.84397160458687,2.730732860076448,367.0
123168,165.35654454997857,2.7559424091663094,366.0
123530,163.92379795927417,2.732063299321236,362.0
123896,163.72457969980312,2.728742994996719,366.0
124262,163.90658654923496,2.7317764424872495,366.0
124628,164.5731989187607,2.742886648646012,366.0
124992,164.97134716745757,2.7495224527909596,364.0
125355,164.28464883678768,2.738077480613128,363.0
125720,164.23880459960648,2.7373134099934413,365.0
126085,163.33198147241413,2.722199691206902,365.0
126452,163.03546860810243,2.7172578101350404,367.0
126820,162.81343176660337,2.7135571961100564,368.0
127188,164.83366571933794,2.747227761988966,368.0
127552,165.83779444866397,2.763963240811066,364.0
127913,164.27868375643015,2.7379780626071692,361.0
128278,164.11527224178167,2.7352545373630277,365.0
128643,164.81747604611178,2.746957934101863,365.0
129007,164.50932556352444,2.7418220927254073,364.0
129371,164.4610839126328,2.7410180652105467,364.0
129735,164.83731577084995,2.7472885961808324,364.0
130098,163.3055959752768,2.72175993292128,363.0
130465,164.08843589642046,2.734807264940341,367.0
130830,164.69728240036576,2.744954706672763,365.0
131194,164.85611709018792,2.7476019515031322,364.0
131557,164.9912708178837,2.749854513631395,363.0
131920,165.08656053613637,2.7514426756022727,363.0
132283,164.16324160422153,2.7360540267370252,363.0
132648,163.30400169791395,2.721733361631899,365.0
133015,165.56143972522207,2.759357328753701,367.0
133377,163.5032419730184,2.72505403288364,362.0
133743,163.4982019205669,2.7249700320094488,366.0
134109,165.2545942119936,2.75424323686656,366.0
134472,165.15717372936996,2.7526195621561658,363.0
134835,166.1146379286556,2.7685772988109267,363.0
135196,165.0405778830051,2.7506762980500854,361.0
135559,163.8321457517239,2.730535762528732,363.0
135925,163.7253548107512,2.7287559135125203,366.0
136291,163.9992646037453,2.7333210767290885,366.0
136656,162.76501825679213,2.712750304279869,365.0
137024,166.08941695969958,2.7681569493283265,368.0
137385,166.1049972744401,2.7684166212406685,361.0
137746,165.18371391263534,2.753061898543922,361.0
138109,164.66988701748755,2.744498116958126,363.0
138473,164.61394145261318,2.743565690876886,364.0
138837,164.90009512922597,2.748334918820433,364.0
139200,164.77990393951865,2.7463317323253107,363.0
139564,164.99082746873438,2.7498471244789062,364.0
139927,164.0045010397514,2.7334083506625233,363.0
140292,165.31376009449843,2.7552293349083072,365.0
140654,167.1382395347502,2.7856373255791698,362.0
141012,166.46520479728923,2.7744200799548207,358.0
141372,166.29827532611168,2.771637922101861,360.0
141732,165.14947309324094,2.7524912182206824,360.0
142095,164.45938633251936,2.740989772208656,363.0
142459,164.79029552795376,2.746504925465896,364.0
142823,164.8614922620882,2.74769153770147,364.0
143186,164.7648211380765,2.7460803523012753,363.0
143550,165.21222827084173,2.753537137847362,364.0
143913,165.05769764637196,2.7509616274395325,363.0
144276,166.97041512615507,2.782840252102585,363.0
144635,168.2027481738678,2.80337913623113,359.0
144991,166.63864084506227,2.7773106807510377,356.0
145351,166.2499842970912,2.7708330716181866,360.0
145711,165.29057923581692,2.7548429872636153,360.0
146073,164.9702490928232,2.749504151547053,362.0
146436,165.6570869165037,2.760951448608395,363.0
146798,165.76425289493773,2.7627375482489622,362.0
147159,165.73936425582724,2.762322737597121,361.0
147521,165.81232732690756,2.763538788781793,362.0
147882,166.31371039190324,2.7718951731983874,361.0
148242,164.25688040757007,2.7376146734595013,360.0
148607,166.15211507466168,2.769201917911028,365.0
148968,167.98304142035175,2.7997173570058624,361.0
149325,165.65965722193536,2.760994287032256,357.0
149687,164.86474315229088,2.7477457192048482,362.0
150050,164.70000607537108,2.7450001012561844,363.0
150414,166.68289535142424,2.7780482558570707,364.0
150773,168.4338209838932,2.8072303497315536,359.0
151129,165.6999192440623,2.7616653207343718,356.0
151491,165.71645500114897,2.761940916685816,362.0
151853,167.0232549901409,2.7837209165023484,362.0
152212,165.77742484767452,2.7629570807945756,359.0
152573,165.11256771017838,2.751876128502973,361.0
152936,165.5927800329387,2.7598796672156447,363.0
153298,163.97160357843478,2.7328600596405797,362.0
153663,166.4985670494218,2.7749761174903633,365.0
154023,167.63750971172402,2.7939584951954,360.0
154380,166.16079329677,2.769346554946167,357.0
154741,166.21703516646417,2.7702839194410696,361.0
155101,166.23273434494305,2.7705455724157177,360.0
155461,166.036030110529,2.7672671685088166,360.0
155822,166.07709610156203,2.7679516016927006,361.0
156183,165.3003025964603,2.7550050432743385,361.0
156545,164.7585398064597,2.745975663440995,362.0
156909,164.75884588584353,2.7459807647640586,364.0
157273,165.47550710393764,2.7579251183989606,364.0
157635,167.19974578101252,2.7866624296835423,362.0
157993,167.3587614610069,2.789312691016782,358.0
158351,165.37955823039766,2.756325970506628,358.0
158713,165.32119296775534,2.7553532161292558,362.0
159075,166.259827051622,2.7709971175270334,362.0
159435,165.15293218535425,2.752548869755904,360.0
159798,164.51091319165465,2.7418485531942443,363.0
160162,164.61016521316034,2.7435027535526726,364.0
160526,165.75359607037177,2.762559934506196,364.0
160887,167.52973676362555,2.792162279393759,361.0
161245,166.782844775149,2.7797140795858164,358.0
161604,166.40363126143214,2.7733938543572023,359.0
161964,167.21381042471592,2.786896840411932,360.0
162322,165.72097627687324,2.7620162712812206,358.0
162684,164.71513715918508,2.745252285986418,362.0
163048,166.29901184669382,2.771650197444897,364.0
163408,166.00275082285302,2.766712513714217,360.0
163769,165.14258533301245,2.7523764222168743,361.0
164132,165.28428158663203,2.7547380264438672,363.0
164495,165.52895116208447,2.758815852701408,363.0
164857,165.79632546541822,2.7632720910903035,362.0
165218,165.7125736725539,2.761876227875898,361.0
165580,165.73197460959327,2.7621995768265544,362.0
165942,165.74818993596205,2.762469832266034,362.0
166303,165.74732472244744,2.762455412040791,361.0
166664,165.73765305113946,2.762294217518991,361.0
167026,165.77720740627083,2.7629534567711804,362.0
167387,165.55999910278769,2.759333318379795,361.0
167749,164.9232714965885,2.7487211916098087,362.0
168112,164.40537946074613,2.740089657679102,363.0
168476,165.4078397592598,2.7567973293209964,364.0
168838,166.66243177914302,2.7777071963190503,362.0
169198,166.3770712394699,2.7729511873244985,360.0
169558,166.26969173489405,2.771161528914901,360.0
169918,164.07922917923517,2.7346538196539196,360.0
170283,165.50447396034374,2.7584078993390624,365.0
170645,165.84966319854234,2.764161053309039,362.0
171006,163.02008428356476,2.717001404726079,361.0
171374,164.95869823953606,2.7493116373256012,368.0
171737,165.54286930140458,2.7590478216900762,363.0
172099,165.8948171637509,2.7649136193958483,362.0
172460,166.8892378869039,2.7814872981150653,361.0
172819,166.20437160314546,2.7700728600524243,359.0
173180,163.871287118136,2.7311881186356,361.0
173546,165.19042741621203,2.7531737902702007,366.0
173909,165.90183559353378,2.7650305932255628,363.0
174270,165.43353456732808,2.7572255761221345,361.0
174632,165.46820943682988,2.7578034906138313,362.0
174994,163.62983956521498,2.727163992753583,362.0
175360,165.51289790480138,2.7585482984133565,366.0
175722,166.72931719595522,2.77882195326592,362.0
176081,165.86238046514865,2.7643730077524773,359.0
176442,167.33608723381013,2.788934787230169,361.0
176800,167.40294628620993,2.790049104770165,358.0
177158,165.53521230279574,2.7589202050465955,358.0
177520,165.19333664482716,2.753222277413786,362.0
177883,165.60080154251915,2.7600133590419857,363.0
178245,165.39755339834235,2.7566258899723723,362.0
178607,164.99063950331103,2.7498439917218507,362.0
178970,164.659321022596,2.7443220170432667,363.0
179334,166.63679710699998,2.777279951783333,364.0
179694,167.64488417354426,2.794081402892404,360.0
180051,166.66957620667588,2.7778262701112646,357.0
180410,167.2208944005529,2.7870149066758816,359.0
180768,167.11723105352036,2.7852871842253393,358.0
181127,165.53624759988756,2.758937459998126,359.0
181489,165.79586537730867,2.7632644229551446,362.0
181850,168.79646743992785,2.8132744573321307,361.0
182205,169.47249745046102,2.8245416241743504,355.0
182559,168.6135326016448,2.8102255433607466,354.0
182914,167.22004820767745,2.7870008034612908,355.0
183272,166.29758928095217,2.7716264880158694,358.0
183632,166.80649504870223,2.7801082508117037,360.0
183991,166.78926184354097,2.779821030725683,359.0
184350,167.58331059618934,2.7930551766031555,359.0
184708,167.71173392343158,2.7951955653905265,358.0
185065,163.7728175277544,2.7295469587959067,357.0
185431,166.423983557443,2.773733059290717,366.0
185791,168.804670713958,2.8134111785659663,360.0
186146,166.08264258610967,2.768044043101828,355.0
186507,165.9261837899975,2.7654363964999584,361.0
186868,164.74240298797247,2.745706716466208,361.0
187232,166.9559156283388,2.7825985938056466,364.0
187591,167.65974276337238,2.7943290460562062,359.0
187948,166.0743934939792,2.7679065582329865,357.0
188309,167.08047193402416,2.784674532233736,361.0
188668,168.05429165966314,2.8009048609943856,359.0
189025,167.86342207864675,2.797723701310779,357.0
189382,167.93254270417117,2.798875711736186,357.0
189739,166.94377029486827,2.782396171581138,357.0
190098,165.75455670183297,2.7625759450305494,359.0
190459,166.27006943133148,2.771167823855525,361.0
190819,166.7947796793821,2.7799129946563683,360.0
191178,166.99286894611456,2.7832144824352425,359.0
191537,166.50344547842982,2.775057424640497,359.0
191897,165.47112514975748,2.7578520858292914,360.0
192259,166.45285115922138,2.774214185987023,362.0
192619,167.86997095813592,2.7978328493022655,360.0
192976,167.18488114744656,2.786414685790776,357.0
193334,166.62293121428118,2.777048853571353,358.0
193694,166.50267790589933,2.775044631764989,360.0
194054,166.21323146979154,2.7702205244965254,360.0
194414,165.95591151804544,2.7659318586340906,360.0
194775,166.0827766390744,2.768046277317907,361.0
195136,165.30369025175824,2.7550615041959707,361.0
195498,164.3908379605661,2.7398472993427685,362.0
195862,166.84777298875713,2.7807962164792857,364.0
196221,167.14629057573634,2.7857715095956057,359.0
196579,167.13061852029276,2.785510308671546,358.0
196938,167.09223792806162,2.78487063213436,359.0
197297,166.10791951525553,2.768465325254259,359.0
197658,166.44888432985624,2.774148072164271,361.0
198018,167.17362462136862,2.78622707702281,360.0
198376,164.37560768155004,2.7395934613591675,358.0
198741,165.64225536354385,2.760704256059064,365.0
199103,167.15317027096097,2.785886171182683,362.0
199461,164.95227426209627,2.7492045710349378,358.0
199824,165.35627127639984,2.755937854606664,363.0
200186,165.37761386030164,2.756293564338361,362.0
200548,165.96719858198767,2.7661199763664612,362.0
200909,166.51379129566976,2.7752298549278294,361.0
201269,166.87107387137345,2.7811845645228908,360.0
201628,166.94749682535797,2.7824582804226328,359.0
201987,166.6516312669353,2.777527187782255,359.0
202347,165.90491547117173,2.765081924519529,360.0
202708,165.5646232373833,2.7594103872897215,361.0
203070,165.09081844983882,2.751513640830647,362.0
203433,163.97204383047745,2.732867397174624,363.0
203798,163.96219338687519,2.7327032231145862,365.0
204163,164.7625584042503,2.7460426400708386,365.0
204527,167.2355950034096,2.7872599167234933,364.0
204885,166.46973607558564,2.7744956012597606,358.0
205245,164.40903570134117,2.7401505950223526,360.0
205609,164.6589417203263,2.7443156953387717,364.0
205973,165.87411949365625,2.764568658227604,364.0
206334,164.50626831579174,2.741771138596529,361.0
206698,162.98090823318248,2.7163484705530414,364.0
207066,165.90810144589506,2.765135024098251,368.0
207427,166.21185726750008,2.7701976211250012,361.0
207787,166.18127848366294,2.7696879747277157,360.0
208148,166.2930019569635,2.7715500326160583,361.0
208508,165.8388980222923,2.763981633704872,360.0
208869,164.65517711048744,2.7442529518414576,361.0
209233,166.0302014644044,2.76717002440674,364.0
209594,166.67582895705436,2.7779304826175726,361.0
209953,164.5249297637142,2.74208216272857,359.0
210317,165.01152634015176,2.750192105669196,364.0
210680,164.43230901588814,2.7405384835981357,363.0
211044,165.41352988238654,2.7568921647064424,364.0
211406,168.03771301496272,2.8006285502493786,362.0
211763,166.25363237288252,2.7708938728813752,357.0
212123,166.55283877767047,2.775880646294508,360.0
212483,166.61327062688446,2.7768878437814077,360.0
212843,166.36058092103193,2.7726763486838655,360.0
213203,165.3397954532242,2.7556632575537368,360.0
213565,165.3662449187176,2.7561040819786267,362.0
213927,165.86661456719096,2.7644435761198496,362.0
214288,166.27556712956635,2.7712594521594394,361.0
214648,164.85866639312107,2.747644439885351,360.0
215011,165.79644697233817,2.7632741162056362,363.0
215372,164.26407933643247,2.7377346556072077,361.0
215737,165.7212380758259,2.7620206345970986,365.0
216099,169.5265710109928,2.8254428501832134,362.0
216452,166.31968789222682,2.7719947982037803,353.0
216812,165.16472835689606,2.7527454726149343,360.0
217175,166.41128439649458,2.773521406608243,363.0
217535,167.11082269977882,2.785180378329647,360.0
217894,164.52204756995081,2.742034126165847,359.0
218258,164.89876961524539,2.7483128269207566,364.0
218621,164.45806533231195,2.7409677555385326,363.0
218985,165.04842946154722,2.7508071576924538,364.0
219348,166.99394712885493,2.783232452147582,363.0
219707,167.50839352184494,2.7918065586974157,359.0
220065,166.84155357959128,2.7806925596598546,358.0
220424,164.9671323366399,2.749452205610665,359.0
220787,165.028567572356,2.750476126205933,363.0
221150,165.77909188180377,2.762984864696729,363.0
221511,167.33947961294618,2.7889913268824365,361.0
221869,164.9919649425251,2.7498660823754184,358.0
222232,165.4049637756979,2.7567493962616316,363.0
222594,165.12560300564195,2.7520933834273658,362.0
222957,165.8677123107551,2.7644618718459184,363.0
223318,168.3765502492249,2.8062758374870813,361.0
223674,167.83529401899438,2.797254900316573,356.0
224031,166.88997567974639,2.78149959466244,357.0
224390,166.04262920790683,2.7673771534651137,359.0
224751,165.72711903769502,2.7621186506282505,361.0
225113,166.59289540602387,2.7765482567670645,362.0
225473,166.6210546618631,2.7770175776977184,360.0
225833,165.88478216508904,2.7647463694181504,360.0
226194,167.4412010074979,2.7906866834582984,361.0
226552,163.86377164906392,2.731062860817732,358.0
226918,166.7180427938376,2.77863404656396,366.0
227277,167.16673202070854,2.7861122003451424,359.0
227635,166.1207470943255,2.7686791182387585,358.0
227996,165.25989734759688,2.754331622459948,361.0
228359,169.50178401207995,2.8250297335346657,363.0
228712,171.68707708436426,2.8614512847394042,353.0
229061,171.7132989766458,2.86188831627743,349.0
229410,170.38364263213307,2.839727377202218,349.0
229762,168.4445847459278,2.8074097457654634,352.0
230118,166.67004895282378,2.7778341492137297,356.0
230477,165.88976031217732,2.7648293385362885,359.0
230838,166.23819260318888,2.7706365433864812,361.0
231198,166.16306234486834,2.769384372414472,360.0
231559,166.34149246384132,2.7723582077306888,361.0
231919,167.51926667364205,2.7919877778940343,360.0
232277,165.40518275887703,2.756753045981284,358.0
232639,165.5338122633092,2.758896871055153,362.0
233001,165.85378817325514,2.7642298028875856,362.0
233362,165.9364666836588,2.7656077780609802,361.0
233723,162.6692992995996,2.71115498832666,361.0
234091,167.437212808734,2.7906202134789,368.0
234449,167.50072460370095,2.791678743395016,358.0
234807,166.79377549440736,2.7798962582401225,358.0
235166,166.84178909186568,2.780696484864428,359.0
235525,166.76590036810728,2.779431672801788,359.0
235884,165.1221889490826,2.7520364824847103,359.0
236247,164.04265254552382,2.7340442090920636,363.0
236612,167.26739428581192,2.787789904763532,365.0
236970,166.5608752572033,2.776014587620055,358.0
237330,165.7355589760766,2.762259316267943,360.0
237692,165.71333756511945,2.7618889594186573,362.0
238054,164.78839927792166,2.7464733212986943,362.0
238418,164.89656129667995,2.7482760216113324,364.0
238781,165.72156353920855,2.7620260589868093,363.0
239143,165.3886417910023,2.7564773631833717,362.0
239505,167.59459449807153,2.7932432416345256,362.0
239863,165.1538993618371,2.7525649893639517,358.0
240226,164.380322705586,2.7396720450931,363.0
240591,164.38542556128067,2.739757092688011,365.0
240955,164.42412355270903,2.7404020592118172,364.0
241319,164.4646726347996,2.74107787724666,364.0
241683,164.50145374505618,2.7416908957509363,364.0
242047,164.52884782098255,2.7421474636830423,364.0
242411,164.54123580008252,2.7423539300013755,364.0
242775,164.53295966850217,2.7422159944750364,364.0
243139,163.87033835548596,2.731172305924766,364.0
243505,162.63932026777428,2.710655337796238,366.0
243873,165.32087656798373,2.755347942799729,368.0
244235,163.90605443527696,2.7317675739212826,362.0
244601,164.39679967522054,2.7399466612536756,366.0
244965,164.07537274605008,2.734589545767501,364.0
245330,164.08172936425248,2.734695489404208,365.0
245695,164.0992160047933,2.734986933413222,365.0
246060,164.83255732523082,2.747209288753847,365.0
246424,164.3974195258249,2.7399569920970817,364.0
246788,165.27066828591188,2.754511138098531,364.0
247151,163.01555821218636,2.716925970203106,363.0
247519,163.07352735301666,2.7178921225502775,368.0
247886,165.2920845365068,2.7548680756084467,367.0
248248,163.47064856963976,2.7245108094939963,362.0
248615,163.49595503943974,2.7249325839906624,367.0
248981,164.1274344800415,2.735457241334025,366.0
249346,164.3836417355718,2.73972736225953,365.0
249710,164.38655002925336,2.739775833820889,364.0
250074,164.37457507064983,2.739576251177497,364.0
250439,163.04347800000002,2.7173913000000005,365.0
250807,164.39037254340502,2.739839542390084,368.0
251171,163.93230007723196,2.7322050012871992,364.0
251537,163.63639133112466,2.727273188852078,366.0
251903,163.6365719740413,2.727276199567355,366.0
252269,163.63396468022313,2.7272327446703857,366.0
252635,164.98908938850187,2.749818156475031,366.0
252998,164.98634846710436,2.7497724744517393,363.0
253361,164.986251,2.74977085,363.0
253724,163.49399605893805,2.7248999343156344,363.0
254090,164.15168663806554,2.735861443967759,366.0
254455,164.16223032392386,2.7360371720653975,365.0
254820,163.93582692017085,2.7322637820028475,365.0
255185,163.93356346092327,2.7322260576820545,365.0
255551,163.93619438140368,2.732269906356728,366.0
255916,163.92722108940958,2.7321203514901597,365.0
256282,164.8178092570352,2.7469634876172533,366.0
256646,165.9703017049959,2.766171695083265,364.0
257007,165.97999929484806,2.766333321580801,361.0
257368,164.8633098485127,2.747721830808545,361.0
257731,163.4882807229346,2.724804678715577,363.0
258097,164.5870852478889,2.743118087464815,366.0
258461,164.61689934378558,2.7436149890630928,364.0
258825,164.6005228400586,2.74334204733431,364.0
259189,164.6361778193926,2.743936296989877,364.0
259553,163.47476106767576,2.7245793511279293,364.0
259920,164.83614440430443,2.7472690734050738,367.0
260283,163.48807389969883,2.724801231661647,363.0
260649,165.39556229003125,2.7565927048338543,366.0
261011,165.44756863709958,2.757459477284993,362.0
261373,165.46541498345726,2.7577569163909543,362.0
261735,163.98715270556983,2.733119211759497,362.0
262100,164.29048008309414,2.738174668051569,365.0
262465,166.22582003945124,2.770430333990854,365.0
262825,163.57847876849752,2.7263079794749587,360.0
263191,164.30581233676943,2.738430205612824,366.0
263556,164.9846534865201,2.749744224775335,365.0
263919,164.73279266363218,2.7455465443938696,363.0
264283,164.71763690855784,2.7452939484759638,364.0
264647,164.72881422714855,2.7454802371191422,364.0
265011,164.5392524101531,2.7423208735025515,364.0
265375,164.53721836513387,2.742286972752231,364.0
265739,164.5140644017202,2.741901073362003,364.0
266103,164.8614216724136,2.7476903612068933,364.0
266466,163.5802162654074,2.72633693775679,363.0
266832,163.3770056536306,2.7229500942271767,366.0
267199,165.27906516480232,2.7546510860800386,367.0
267562,163.95598020347848,2.7325996700579744,363.0
267927,165.63205851125286,2.760534308520881,365.0
268289,166.40783411711763,2.7734639019519607,362.0
268649,166.52940659914412,2.775490109985735,360.0
269009,163.66049668944677,2.727674944824113,360.0
269375,163.75068452468307,2.7291780754113844,366.0
269741,166.1776996657782,2.76962832776297,366.0
270102,164.64573829364738,2.7440956382274564,361.0
270466,164.51113587856693,2.741852264642782,364.0
270830,164.50981180533466,2.741830196755578,364.0
271194,165.2482618462862,2.7541376974381033,364.0
271557,165.29608755753412,2.7549347926255687,363.0
271919,165.30301102225,2.7550501837041663,362.0
272281,165.22520663306324,2.753753443884387,362.0
272644,166.2414338714343,2.770690564523905,363.0
273004,164.1292518494255,2.7354875308237583,360.0
273369,163.49369658008825,2.724894943001471,365.0
273735,164.3383932309306,2.73897322051551,366.0
274100,164.38644894518026,2.7397741490863377,365.0
274464,164.4174408792254,2.7402906813204235,364.0
274828,163.57695774268538,2.726282629044756,364.0
275194,163.70969844227142,2.728494974037857,366.0
275560,166.6066163767289,2.7767769396121484,366.0
275920,164.7920328217571,2.7465338803626183,360.0
276284,164.58490165925855,2.743081694320976,364.0
276648,164.3542622280182,2.7392377038003035,364.0
277013,165.26241967282792,2.7543736612137986,365.0
277376,164.4776096990488,2.7412934949841468,363.0
277740,164.00272983747007,2.7333788306245013,364.0
278105,163.39035449928144,2.7231725749880242,365.0
278472,165.578847423921,2.7596474570653498,367.0
278834,165.78880334824328,2.7631467224707214,362.0
279195,165.73878299852453,2.762313049975409,361.0
279557,165.39870352260365,2.756645058710061,362.0
279919,164.03795014511596,2.7339658357519325,362.0
280284,163.9024723302266,2.7317078721704435,365.0
280650,164.27159229386632,2.7378598715644387,366.0
281015,165.32645780002116,2.755440963333686,365.0
281377,163.6586792803357,2.7276446546722615,362.0
281743,163.48371883423872,2.724728647237312,366.0
282110,163.33164638843587,2.722194106473931,367.0
282477,165.9719608690076,2.7661993478167934,367.0
282838,166.30829376173446,2.771804896028908,361.0
283198,165.3764857192987,2.7562747619883115,360.0
283560,164.88569237456772,2.748094872909462,362.0
283923,164.82549791948333,2.7470916319913887,363.0
284287,164.8593990890537,2.7476566514842284,364.0
284650,164.74647348713867,2.745774558118978,363.0
285014,165.77046623671038,2.762841103945173,364.0
285375,164.15134133799666,2.735855688966611,361.0
285740,163.85658668148815,2.730943111358136,365.0
286106,164.61478176517895,2.7435796960863157,366.0
286470,166.90913819530863,2.7818189699218103,364.0
286829,167.30039725722185,2.788339954287031,359.0
287187,165.32559694047353,2.755426615674559,358.0
287549,165.0887024760726,2.75147837460121,362.0
287912,165.144403504304,2.7524067250717335,363.0
288275,165.2569322206035,2.7542822036767247,363.0
288638,165.05337499699309,2.750889583283218,363.0
289001,163.34373696989377,2.722395616164896,363.0
289368,166.7851449875609,2.779752416459348,367.0
289727,166.54870740976443,2.7758117901627406,359.0
290087,166.3000607938878,2.77166767989813,360.0
290447,166.4021519661991,2.773369199436652,360.0
290807,165.855343710825,2.76425572851375,360.0
291168,165.1807387276772,2.7530123121279533,361.0
291531,165.16255348355222,2.75270922472587,363.0
291894,164.99587953722258,2.749931325620376,363.0
292257,166.61255204931356,2.776875867488559,363.0
292617,165.13510189768297,2.752251698294716,360.0
292980,164.65247366264938,2.7442078943774897,363.0
293344,166.0913660365458,2.76818943394243,364.0
293705,166.13632579711594,2.7689387632852656,361.0
294066,167.59847352450063,2.7933078920750107,361.0
294423,168.05733543733427,2.800955590622238,357.0
294780,165.3101323170994,2.7551688719516565,357.0
295142,164.04204471607864,2.7340340786013106,362.0
295507,167.385214323361,2.7897535720560165,365.0
295865,165.71560866295144,2.761926811049191,358.0
296227,165.0990056609913,2.751650094349855,362.0
296590,166.25004265481346,2.770834044246891,363.0
296950,166.39035930329428,2.7731726550549047,360.0
297310,166.33685185189273,2.7722808641982124,360.0
297670,166.5934279767198,2.77655713294533,360.0
298030,166.80778430255324,2.7801297383758876,360.0
298389,165.11734865541882,2.751955810923647,359.0
298752,164.61030196149673,2.7435050326916124,363.0
299116,165.4181553255546,2.75696925542591,364.0
299478,165.5546379816411,2.759243966360685,362.0
299840,165.4632951154923,2.7577215852582047,362.0
300202,166.14137301475293,2.7690228835792157,362.0
300563,166.955460779521,2.7825910129920164,361.0
300922,167.00486713070183,2.7834144521783637,359.0
301281,167.1102072929886,2.78517012154981,359.0
301640,165.90514929141568,2.7650858215235945,359.0
302001,165.7606440072924,2.76267740012154,361.0
302362,165.1064019328725,2.751773365547875,361.0
302725,164.96799637923718,2.7494666063206195,363.0
303088,164.9420381587161,2.749033969311935,363.0
303451,165.4692836356688,2.7578213939278133,363.0
303813,165.41342814423402,2.756890469070567,362.0
304175,166.98733032986001,2.7831221721643336,362.0
304534,167.8343844707951,2.797239741179918,359.0
304891,163.67854885656612,2.727975814276102,357.0
305257,166.78204287336152,2.7797007145560255,366.0
305616,164.33939174189962,2.7389898623649938,359.0
305981,166.33977062927661,2.7723295104879435,365.0
306341,164.08720292122084,2.7347867153536805,360.0
306706,163.11305682251663,2.7185509470419436,365.0
307073,163.50166486010983,2.725027747668497,367.0
307439,162.76915185385914,2.712819197564319,366.0
307807,165.8521759684986,2.76420293280831,368.0
308168,166.62886646740338,2.777147774456723,361.0
308528,165.63490454505768,2.760581742417628,360.0
308890,163.64694081862484,2.7274490136437475,362.0
309256,164.53894835153696,2.7423158058589494,366.0
309620,164.64270436887173,2.744045072814529,364.0
309984,163.55224057517987,2.7258706762529976,364.0
310350,163.68217760354892,2.728036293392482,366.0
310716,162.03489754186566,2.700581625697761,366.0
311086,165.2080704040801,2.753467840068002,370.0
311449,164.29602012095992,2.738267002015999,363.0
311814,163.53454325755428,2.7255757209592377,365.0
312180,163.944976599068,2.7324162766511337,366.0
312545,163.81674713030222,2.73027911883837,365.0
312911,163.7706510424028,2.729510850706713,366.0
313277,163.81401966643605,2.7302336611072677,366.0
313643,163.3565716253564,2.7226095270892734,366.0
314010,162.39742227424017,2.7066237045706694,367.0
314379,167.52759982089682,2.7921266636816138,369.0
314737,165.00572130344523,2.7500953550574203,358.0
315100,163.6539489807423,2.727565816345705,363.0
315466,163.99777165411473,2.7332961942352454,366.0
315831,163.96152664742428,2.7326921107904045,365.0
316196,163.76096621497598,2.7293494369162663,365.0
316562,165.18109137156975,2.7530181895261623,366.0
316925,163.93702226833,2.7322837044721666,363.0
317290,163.40503957722484,2.723417326287081,365.0
317657,163.3866402617899,2.7231106710298314,367.0
318024,164.53858697689952,2.7423097829483254,367.0
318388,164.9159150076982,2.7485985834616367,364.0
318751,164.7880068864629,2.7464667814410486,363.0
319115,164.9421345219844,2.7490355753664066,364.0
319478,164.01626178409956,2.7336043630683258,363.0
319843,163.73571334226756,2.728928555704459,365.0
320209,163.7671387365479,2.7294523122757983,366.0
320575,163.9672416234523,2.732787360390872,366.0
320940,163.32591086186568,2.722098514364428,365.0
321307,162.92962510253278,2.7154937517088795,367.0
321675,166.45834661673328,2.7743057769455546,368.0
322035,166.26266505451596,2.771044417575266,360.0
322395,162.48326208537583,2.708054368089597,360.0
322764,164.0640085049871,2.734400141749785,369.0
323129,165.0515991066217,2.7508599851103614,365.0
323492,164.67975369721933,2.744662561620322,363.0
323856,165.41419076769105,2.7569031794615175,364.0
324218,163.7972092619505,2.7299534876991753,362.0
324584,164.55098243186592,2.742516373864432,366.0
324948,165.2624122364418,2.75437353727403,364.0
325311,164.64776365778434,2.744129394296406,363.0
325675,166.31291969412155,2.7718819949020257,364.0
326035,165.9498958173568,2.765831596955947,360.0
326396,163.67077253045107,2.7278462088408513,361.0
326762,164.6523375597979,2.744205625996632,366.0
327126,166.0058413875924,2.76676402312654,364.0
327487,164.14450450927788,2.735741741821298,361.0
327852,165.3912412898326,2.7565206881638766,365.0
328214,164.4592069016734,2.740986781694557,362.0
328578,164.42751508069622,2.7404585846782705,364.0
328942,165.17644397084305,2.7529407328473843,364.0
329305,165.96603793865046,2.766100632310841,363.0
329666,166.29686502921436,2.7716144171535726,361.0
330026,165.8894012256749,2.7648233537612485,360.0
330387,165.40958570611704,2.756826428435284,361.0
330749,165.0936035093271,2.751560058488785,362.0
331112,165.07736140524875,2.7512893567541457,363.0
331475,164.89684092965433,2.7482806821609054,363.0
331838,164.82805400743155,2.7471342334571927,363.0
332202,164.80766245283544,2.7467943742139243,364.0
332566,165.1053632341485,2.7517560539024752,364.0
332929,165.69419983444405,2.761569997240734,363.0
333291,165.61074004444248,2.760179000740708,362.0
333653,166.63837501474555,2.777306250245759,362.0
334013,165.1140943366371,2.751901572277285,360.0
334376,164.08532124105625,2.734755354017604,363.0
334741,165.1945343725076,2.7532422395417933,365.0
335104,164.5470846548832,2.74245141091472,363.0
335468,164.00144516405928,2.733357419400988,364.0
335833,164.57213009947722,2.742868834991287,365.0
336197,164.37816510420146,2.7396360850700243,364.0
336562,166.36806362018268,2.772801060336378,365.0
336922,167.52547333860363,2.7920912223100607,360.0
337280,165.62075652989185,2.760345942164864,358.0
337642,166.01532329014495,2.766922054835749,362.0
338003,165.03525957468668,2.750587659578111,361.0
338366,164.14024168822883,2.735670694803814,363.0
338731,165.03380067709364,2.7505633446182274,365.0
339094,165.4538528431306,2.7575642140521763,363.0
339456,164.57693812392273,2.7429489687320454,362.0
339820,164.70087651487376,2.7450146085812293,364.0
340184,164.64979097729855,2.744163182954976,364.0
340548,166.39378453861661,2.773229742310277,364.0
340908,167.50087877873906,2.7916813129789846,360.0
341266,165.8688683069941,2.7644811384499017,358.0
341627,167.1383223864701,2.7856387064411683,361.0
341985,166.56127380280253,2.776021230046709,358.0
342345,164.85959302296843,2.7476598837161403,360.0
342708,164.2887637525231,2.7381460625420515,363.0
343073,166.2685849496278,2.7711430824937966,365.0
343433,165.44465465512118,2.7574109109186864,360.0
343795,165.35569546772825,2.7559282577954707,362.0
344157,165.45764348682155,2.7576273914470257,362.0
344519,165.82577838589523,2.763762973098254,362.0
344880,166.44592836631315,2.7740988061052194,361.0
345240,166.43495326558835,2.773915887759806,360.0
345600,166.35349255472929,2.772558209245488,360.0
345960,165.78751495701385,2.763125249283564,360.0
346321,166.1758373866259,2.769597289777098,361.0
346682,165.43464472765882,2.7572440787943138,361.0
347044,166.4511522820621,2.7741858713677017,362.0
347404,167.18923707603437,2.786487284600573,360.0
347762,165.76962971324284,2.7628271618873805,358.0
348123,165.39746242599603,2.7566243737666003,361.0
348485,165.122776904087,2.7520462817347835,362.0
348848,167.06861186652569,2.784476864442095,363.0
349207,166.44237568774903,2.774039594795817,359.0
349567,166.32682830832005,2.7721138051386673,360.0
349927,167.22257666082675,2.7870429443471125,360.0
350285,166.5722445884733,2.776204076474555,358.0
350645,169.167941031732,2.8194656838622,360.0
350999,170.35478750221668,2.839246458370278,354.0
351351,165.59553566746024,2.7599255944576706,352.0
351713,166.49933590314748,2.7749889317191245,362.0
352073,167.01055880169244,2.7835093133615407,360.0
352432,165.28497136565082,2.754749522760847,359.0
352795,165.56757486072792,2.759459581012132,363.0
353157,166.20746993196602,2.7701244988661005,362.0
353517,166.7587533139169,2.7793125552319484,360.0
353876,166.7101533096991,2.778502555161652,359.0
354235,167.0439114975288,2.78406519162548,359.0
354594,167.12018152305194,2.785336358717532,359.0
354953,167.238988266856,2.787316471114267,359.0
355311,166.53524544880858,2.7755874241468095,358.0
355671,166.4185043229636,2.77364173871606,360.0
356031,166.53860787651917,2.775643464608653,360.0
356391,165.78314588596697,2.763052431432783,360.0
356752,166.16509686967282,2.769418281161214,361.0
357113,165.4929251134906,2.758215418558177,361.0
357475,168.21536168035266,2.803589361339211,362.0
357831,168.09704944268512,2.801617490711419,356.0
358187,166.93559345525753,2.782259890920959,356.0
358546,168.202324435186,2.8033720739197667,359.0
358902,166.85840388827899,2.780973398137983,356.0
359261,166.05418441478406,2.767569740246401,359.0
359622,166.29173648911546,2.7715289414852577,361.0
359982,166.00909630822326,2.766818271803721,360.0
360343,167.21165835936145,2.786860972656024,361.0
360701,168.45357367661424,2.807559561276904,358.0
361057,167.66554260082918,2.7944257100138197,356.0
361414,166.37033235219513,2.772838872536586,357.0
361774,166.10225205696972,2.768370867616162,360.0
362135,166.1085466172866,2.768475776954777,361.0
362496,166.89104679404983,2.781517446567497,361.0
362855,168.29516315884075,2.8049193859806794,359.0
363211,166.86064166370159,2.7810106943950266,356.0
363570,167.1695494641367,2.7861591577356117,359.0
363928,168.90943238277322,2.8151572063795536,358.0
