time,hr,freq,duration
0.0,72.0,1.2,0.0
833.3333333333334,74.39500636553501,1.2399167727589169,833.3333333333334
1639.839077888202,76.83165734133325,1.2805276223555542,806.5057445548686
2420.7671754488633,79.29063942685843,1.3215106571143072,780.9280975606614
3177.4769262303153,81.7534244708072,1.3625570745134534,756.7097507814519
3911.3911370218766,84.20291872731542,1.4033819787885904,733.9142107915613
4623.955510167959,86.62392447170194,1.4437320745283657,712.5643731460823
5316.604802680683,89.00341048775529,1.4833901747959215,692.6492925127241
5990.736273274773,91.33061063909135,1.5221768439848558,674.1314705940904
6647.690163981804,93.59698338672527,1.5599497231120878,656.953890707031
7288.736465144003,95.79607013999893,1.5966011689999822,641.0463011621987
7915.066959832506,97.92328888797016,1.6320548147995027,626.3304946885028
8527.791477987155,99.9756942228423,1.6662615703807049,612.7245181546496
9127.937348104968,101.95172787692245,1.6991954646153742,600.1458701178126
9716.451159979082,103.85097684260538,1.7308496140434229,588.5138118741143
10294.202104882903,105.67394995731969,1.7612324992886614,577.7509449038207
10861.986313046156,107.4218789087857,1.7903646484797617,567.7842081632534
11420.531747267683,109.09654599560541,1.8182757665934235,558.5454342215271
11970.503329341573,110.70013851607037,1.8450023086011729,549.9715820738893
12512.508071199143,112.23512812677242,1.8705854687795405,542.0047418575705
13047.100056804831,113.70417267580106,1.8950695445966843,534.591985605688
13574.785176779056,115.11003766401274,1.9185006277335457,527.685119974225
14096.025558744095,116.45553445424126,1.9409255742373543,521.240381965039
14611.24366564803,117.74347250665038,1.962391208444173,515.2181069039343
15120.826054570787,118.97662317974195,1.9829437196623658,509.5823889227577
15625.126802032379,120.15769294116679,2.002628215686113,504.3007474615915
16124.470610417398,121.2893041426984,2.021488402378307,499.34380838501966
16619.155615200747,122.3739818073543,2.039566363455905,494.68500478334863
17109.455915263337,123.41414514209677,2.0569024190349463,490.3003000625904
17595.623849505537,124.41210272207917,2.073535045367986,486.1679342421994
18077.89204276992,125.37005049151017,2.0895008415251697,482.2681932643827
18556.475243181594,126.29007189377687,2.1048345315629478,478.5832004116746
19031.571971691388,127.17413958261163,2.119568993043527,475.09672850979405
19503.366003063813,128.02411828039223,2.1337353046732037,471.7940313724248
19972.027695922272,128.84176844273793,2.1473628073789657,468.661692858459
20437.715187837337,129.628750463786,2.1604791743964333,465.68749191506504
20900.575469876097,128.41216947532703,2.140202824588784,462.8602820387605
21367.820904986733,127.19187747297545,2.119864624549591,467.2454351106353
21839.549141035048,125.9696813156706,2.09949468859451,471.728236048315
22315.8542278888,124.74740239761947,2.079123373293658,476.3050868537539
22796.826166757364,123.52686238480568,2.058781039746761,480.9719388685626
23282.550476770928,122.30986896026437,2.0384978160044063,485.7243100135638
23773.10778428871,121.09820184345591,2.0183033640575987,490.55730751778174
24268.573440150078,119.89359933958184,1.9982266556596973,495.46565586136785
24769.017169677776,118.69774565676343,1.9782957609460572,500.44372952769845
25274.502759720075,117.5122592035941,1.958537653393235,505.485590042299
25785.087786394168,116.33868204798593,1.9389780341330989,510.58502667409266
26300.823386486765,115.17847068203555,1.919641178033926,515.7356000925975
26821.75407470225,114.03298819856238,1.900549803309373,520.9306882154851
27347.917608148586,112.9034979447945,1.8817249657465749,526.1635334463354
27879.344898641728,111.79115867909307,1.8631859779848845,531.4272904931422
28416.059972614934,110.69702121914547,1.8449503536524245,536.715073973206
28958.079977662936,109.62202653601183,1.827033775600197,542.0200050480016
29505.415234052212,108.56700521877542,1.8094500869795904,547.3352563892768
30058.069328904447,107.53267821000493,1.7922113035000822,552.6540948522343
30616.039250222908,106.51965869314967,1.7753276448858277,557.9699213184613
31179.315557489736,108.23227893958563,1.8038713156597603,563.2763072668276
31733.678826819872,109.87264146336665,1.8312106910561108,554.363269330137
32279.76563424413,111.4430832440209,1.8573847207336815,546.0868074242571
32818.157055707416,112.94617601026157,1.8824362668376928,538.391421463286
33349.38354003344,114.38463782889279,1.9064106304815465,531.2264843260273
33873.92950301278,115.76126293345706,1.9293543822242845,524.5459629793404
34392.23760089946,117.0788669705583,1.9513144495093049,518.3080978866783
34904.71266623374,118.34024505852491,1.9723374176420818,512.475065334278
35411.72530568135,119.54814034105239,1.9924690056842065,507.0126394476101
35913.61517054106,120.70522102938612,2.0117536838231023,501.88986485970963
36410.693917328594,121.81406423089602,2.030234403848267,497.0787467875343
36903.24787962207,122.87714514298423,2.047952419049737,492.5539622934739
37391.540474068184,123.89683044124622,2.0649471740207703,488.2925944461167
37875.81436377396,124.87537490722501,2.0812562484537502,484.27388970577886
38356.29340173142,125.81492052478008,2.096915342079668,480.47903795745515
38833.18437578868,126.7174974276274,2.1119582904604566,476.8909740572635
39306.678575232356,127.58502620740867,2.126417103456811,473.494199443674
39776.95319744751,128.4193211953518,2.14032201992253,470.2746222151545
40244.17261148512,129.22209441471364,2.1537015735785605,467.21941403760866
40708.48949376255,129.9949599689711,2.166582666149518,464.31688227743143
41170.04584959605,130.73943868499566,2.178990644749928,461.55635583349795
41628.973932839275,131.4569628736553,2.1909493812275884,458.92808324322687
42085.39707459151,132.14888110451392,2.202481351741899,456.42314175223146
42539.430430746426,132.81646291826016,2.213607715304336,454.0333561549196
42991.181657075394,133.4609034216317,2.2243483903605283,451.7512263289682
43440.751519572485,134.08332772606173,2.2347221287676953,449.56986249709007
43888.23444692481,134.6847952040217,2.244746586733695,447.48292735232826
44333.71903120258,135.2663035468252,2.2544383924470868,445.48458427776495
44777.28848217992,135.8287926151172,2.2638132102519535,443.5694509773457
45219.02104009211,136.3731480788888,2.272885801314813,441.7325579121898
45658.990351098204,136.90020484803284,2.2816700808005472,439.9693110060907
46097.26580924382,137.41075029749896,2.290179171624983,438.27545814561745
46533.91286829923,137.90552729327203,2.2984254548878673,436.64705905540904
46968.99332647697,138.38523702688516,2.3064206171147528,435.0804581777411
47402.565586705445,138.8505416671396,2.3141756944523264,433.57226022847317
47834.68489484495,139.30206683826947,2.321701113971158,432.1193081395031
48265.4035579762,139.7404039340508,2.3290067322341796,430.71866313125065
48694.77114466442,140.1661122773924,2.336101871289873,429.3675866882186
49122.83466890099,140.57972113481813,2.3429953522469686,428.0635242365752
49549.63875924671,140.9817315950034,2.34969552658339,426.80409034571494
49975.22581454236,141.37261832019897,2.3562103053366497,425.58705529565486
50399.63614741251,141.75283117899068,2.3625471863165113,424.4103328701458
50822.90811666325,142.12279676842508,2.3687132794737513,423.2719692507453
51245.078249564336,141.04646200727373,2.3507743667878955,422.170132901083
51670.469990315025,139.9510286062244,2.3325171434370735,425.39174075068877
52099.19138377345,138.83744598850967,2.313957433141828,428.7213934584215
52531.351451057926,137.70677430694835,2.295112905115806,432.16006728447974
52967.059863385264,136.56018227704055,2.2760030379506757,435.708412327338
53406.426588001064,135.39894353825875,2.256649058970979,439.3667246158002
53849.56150790571,134.22443150594108,2.2370738584323515,443.13491990464536
54296.57401767629,133.0381127115819,2.217301878526365,447.01250977058226
54747.57259828662,131.84153866777638,2.1973589777962728,450.99858061032864
55202.66437441639,130.63633633423672,2.177272272237279,455.0917761297678
55661.95465829643,129.42419730154535,2.1570699550257557,459.2902838800437
56125.54648463943,128.2068658479112,2.1367810974651866,463.5918263429994
56593.540141634185,126.98612605936758,2.116435434322793,467.9936569947531
57066.03270331726,125.76378823389733,2.096063137231622,472.4925616830733
57543.11756886227,124.54167481338705,2.0756945802231175,477.08486554500996
58024.88401443082,123.32160610289571,2.0553601017149288,481.7664455685517
58511.416763201036,122.10538604366037,2.0350897673943398,486.53274877021613
59002.79557902613,120.8947883041918,2.014913138403197,491.37881582509726
59499.094888877524,119.69154294285447,1.9948590490475744,496.2993098513907
60000.38343880161,118.49732387606531,1.9749553979344219,501.2885499240874
60506.7239875785,117.3137373596941,1.9552289559949017,506.3405487768905
61018.173041631184,116.14231165876728,1.935705194312788,511.4490540526822
61534.78063401563,117.44362362175977,1.9573937270293296,516.6075923844473
62045.6640532231,118.68949712729028,1.978158285454838,510.8834192074719
62551.18477285049,119.88265599607061,1.9980442666011768,505.5207196273841
63051.67418477982,121.0257438877988,2.0170957314633133,500.48941192933125
63547.43647528576,122.12130979058941,2.03535516317649,495.76229050593975
64038.7512188214,123.17179851829349,2.0528633086382246,491.3147435356441
64525.875712591696,124.17954510967617,2.0696590851612693,487.12449377029407
65009.04707504924,125.14677223033593,2.0857795371722654,483.1713624575423
65488.48413068155,126.0755898530325,2.101259830883875,479.43705563231197
65964.38910221444,126.96799663764877,2.116133277294146,475.90497153288743
66436.94912985063,127.82588255186646,2.130431375864441,472.5600276361947
66906.33763554435,128.65103237141756,2.144183872856959,469.38850569371425
67372.715548679,129.44512977793448,2.1574188296322414,466.3779131346528
67836.23240792996,130.20976183607766,2.170162697267961,463.5168592509581
68297.0273525942,130.94642368250794,2.1824403947084656,460.7949446642451
68755.23001527612,131.65652329972644,2.1942753883287742,458.20266268191335
69210.9613265413,132.34138627980002,2.2056897713300003,455.73131126519
69664.33424099111,133.00226050816164,2.216704341802694,453.37291444980656
70115.45439316565,133.64032071736747,2.2273386786227913,451.1201521745388
70564.42069074654,134.25667287601001,2.2376112146001668,448.96629758088966
71011.32585169456,134.85235838981978,2.2475393064969964,446.90516094802297
71456.25689121378,135.42835810105868,2.2571393016843113,444.9310395192151
71899.29556377324,135.98559607919623,2.266426601319937,443.03867255945806
72340.51876483239,136.52494320103057,2.2754157200171763,441.22320105915423
72779.99889639817,137.04722052223792,2.2841203420372986,439.48013156578236
73217.80420008373,137.55320244510622,2.2925533740851036,437.8053036855563
73653.99906093362,138.04361968916203,2.300726994819367,436.1948608498933
74088.64428492228,138.51916207272245,2.308652701212041,434.64522398865665
74521.79735271589,138.98048111424185,2.316341351904031,433.1530677936098
74953.51265200802,139.42819246279205,2.3238032077132007,431.71529929213284
75383.84169049148,139.8628781672076,2.33104796945346,430.3290384834545
75812.83329130974,140.28508879341047,2.338084813223508,428.99160081826267
76240.53377263715,140.69534539926426,2.344922423321071,427.70048132741067
76666.98711286481,141.09414137603477,2.351569022933913,426.45334022765746
77092.23510271644,141.48194416518385,2.358032402753064,425.24798985163216
77516.31748548288,141.85919685882953,2.364319947647159,424.0823827664426
77939.27208644336,142.22631969177874,2.3704386615296458,422.9546009604819
78361.13493243436,142.5837114325999,2.376395190543332,421.862845990996
78781.94036243162,142.93175068076107,2.382195844679351,420.8054299972573
79201.7211299254,143.27079707642122,2.3878466179403537,419.7807674937794
79620.5084977935,143.6011924290372,2.39335320715062,418.78736786810623
80038.33232630837,143.92326177053735,2.398721029508956,417.8238285148691
80455.22115485411,144.23731433841988,2.4039552389736647,416.88882854573603
80871.20227787491,144.54364449376192,2.4090607415626986,415.9811230207997
81286.30181552764,144.8425325787703,2.4140422096461713,415.09953765272803
81700.5447794676,143.8198441360547,2.3969974022675786,414.2429639399634
82117.73338344939,142.7760987500623,2.3796016458343714,417.18860398179095
82537.97178837341,141.71195583380057,2.3618659305633427,420.23840492402087
82961.36584603759,140.62818481290708,2.343803080215118,423.3940576641762
83388.02284996482,139.52566641898431,2.3254277736497384,426.65700392723375
83818.05125649345,138.405392744272,2.306756545737867,430.02840652862506
84251.56037640802,137.26846594911964,2.287807765818661,433.50911991456815
84688.66003790085,136.1160955366605,2.268601592277675,437.0996614928299
85129.46022220998,134.94959413731164,2.249159902288527,440.80018430913333
85574.07067386461,133.77037177864977,2.2295061963108296,444.6104516546329
86022.60048806953,132.57992865292738,2.2096654775487896,448.52981420491415
86475.15767835939,131.37984643378542,2.189664107229757,452.5571902898664
86931.8487282324,130.1717782341106,2.169529637235177,456.691049873014
87392.77813101042,128.95743733681303,2.1492906222802173,460.92940277801245
87858.04792264944,127.7385848677915,2.1289764144631915,465.26979163901706
88327.75721261925,126.51701661375274,2.108616943562546,469.7092899698182
88802.00171826687,125.29454921521624,2.0882424869202705,474.24450564761355
89280.8733082587,124.0730059855678,2.067883433092797,478.87158999183157
89764.45956075087,122.85420261936302,2.04757004365605,483.58625249216857
90252.8433418568,121.63993305657786,2.027332217609631,488.38378110593476
90746.1024097658,120.43195576398212,2.0071992627330353,493.2590679089917
91244.30904951833,119.23198068057232,1.9871996780095387,498.2066397525341
91747.52974297256,118.04165705180122,1.9673609508633538,503.2206934542337
92255.82487791522,119.26217715974053,1.9877029526623422,508.2951349426585
92758.91815886075,120.43124832389331,2.0071874720648886,503.0932809455262
93257.12772519051,121.55147074665416,2.0258578457775696,498.20956632976595
93750.74577548179,122.62534489751397,2.0437557482918995,493.6180502912757
94240.04103536584,123.65526398663589,2.0609210664439312,489.2952598840493
94725.2609772074,124.64350988979686,2.077391831496614,485.2199418415694
95206.6338144538,125.59225171238081,2.0932041952063467,481.37283724639565
95684.3702924764,126.5035463406076,2.1083924390101267,477.73647802259075
96158.66529633701,127.37934046108622,2.12298900768477,474.29500386062136
96629.6992943371,128.22147363871326,2.137024560645221,471.0339980000863
97097.63963457262,129.03168213147046,2.1505280355245078,467.94034023552376
97562.64171010061,129.81160319211102,2.163526719868517,465.00207552798383
98024.85000677501,130.56277966400512,2.1760463277334186,462.2082966744056
98484.39904635893,131.28666472408338,2.188111078734723,459.54903958391515
98941.41423618112,131.98462666203335,2.1997437777005557,457.0151898221957
99396.01263538438,132.65795361347566,2.2109658935579275,454.5983992032561
99848.3036467083,133.3078581872645,2.2217976364544083,452.2910113239195
100298.3896417568,133.93548194455167,2.2322580324091943,450.0859950485028
100746.36652681284,134.54189970081484,2.2423649950135807,447.9768850560358
101192.32425547153,135.12812363249418,2.252135393874903,445.9577286586864
101636.34729365994,135.69510717785025,2.2615851196308374,444.02303818841756
102078.51504198826,136.24374872767828,2.2707291454613046,442.1677483283129
102518.9022198244,136.77489510600253,2.279581585100042,440.38717783614993
102957.57921499592,137.28934484416556,2.2881557474027594,438.6769951715105
103394.61240259037,137.78785125408484,2.296464187568081,437.0331875944539
103830.06443594386,138.2711253080825,2.3045187551347084,435.45203335348924
104263.99451256914,138.73983833376974,2.3123306388961624,433.93007662528544
104696.45861747647,139.19462453311888,2.3199104088853146,432.46410490732524
105127.50974607609,139.636083335183,2.327268055586383,431.0511285996181
105557.19810861757,140.06478159200765,2.334413026533461,429.68836254147755
105985.57131791419,140.4812556271887,2.3413542604531448,428.3732092966238
106412.67456191729,140.8860131463062,2.3481002191051035,427.10324400309764
106838.55076254263,141.2795350181534,2.3546589169692234,425.87620062533824
107263.24072200696,141.66227693530575,2.3610379489217626,424.6899594643328
107686.78325780427,142.03467096216218,2.3672445160360365,423.5425357973145
108109.21532733738,142.39712697815855,2.373285449635976,422.43206953311164
108530.57214311924,142.7500340234102,2.379167233723503,421.35681578185176
108950.88727936754,143.09376155360013,2.3848960258933354,420.31513624830404
109370.19277073604,143.42866061049813,2.3904776768416354,419.3054913685046
109788.51920385347,143.75506491407396,2.395917748567899,418.3264331174287
110205.89580227707,144.07329188176925,2.401221531362821,417.37659842359426
110622.35050540995,144.38364358010477,2.406394059668413,416.4547031328839
111037.91004187996,144.68640761343937,2.411440126890656,415.559536470013
111452.59999783148,144.98185795435217,2.416364299239203,414.689955951515
111866.44488054012,145.2702557197976,2.4211709286632934,413.8448827086395
112279.46817772306,144.25668100777216,2.404278016796203,413.02329718293913
112695.39345467274,143.22180208776703,2.3870300347961173,415.9252769496816
113114.32408622025,142.16623232967893,2.369437205494649,418.93063154751144
113536.36523492892,141.09069422256854,2.3515115703761422,422.0411487086676
113961.62361451666,139.9960211566582,2.3332670192776366,425.25837958774355
114390.20722356695,138.88315801833085,2.314719300305514,428.5836090502853
114822.22504960228,137.75316048153172,2.2958860080255286,432.01782603532774
115257.78674408728,136.60719289956518,2.2767865483260863,435.5616944850044
115697.00226946677,135.4465247273128,2.257442078788547,439.21552537949174
116139.98151991853,134.27252543491892,2.237875423915315,442.9792504517536
116586.83391809645,133.0866579092276,2.218110965153793,446.852398177929
117037.66799074199,131.890470377619,2.19817450629365,450.83407264553534
117492.59092663124,130.6855869290119,2.1780931154835317,454.92293588924804
117951.70812088305,129.47369674707824,2.1578949457846375,459.1171942518122
118415.12271015834,128.2565422094188,2.1376090368236467,463.41458927528583
118882.93510371275,127.03590604179418,2.1172651006965695,467.8123935544136
119355.2425156051,125.81359774679265,2.0968932957798776,472.30741189235414
119832.13850359483,124.59143955002888,2.0765239925004813,476.8959879897302
120313.71252037074,123.37125212288917,2.0561875353814862,481.5740167759068
120800.04948273077,122.15484034813784,2.0359140058022973,486.33696236003016
121291.2293641747,120.94397939299819,2.015732989883303,491.1798814439244
121787.32681607873,119.74040134371704,1.9956733557286173,496.0974519040319
122288.41082220101,118.54578263668196,1.9757630439446994,501.08400612228434
122794.54439073028,119.7450013225609,1.9957500220426816,506.13356852927245
123295.60914781669,120.89384284683356,2.0148973807805595,501.0647570864094
123791.91233900582,121.99486790885088,2.033247798480848,496.3031911891303
124283.7363069192,123.05053392931494,2.050842232155249,491.82396791338397
124771.34085509993,124.0631890409848,2.0677198173497464,487.6045481807232
125254.96537308792,125.03506917818395,2.083917819636399,483.62451798799157
125734.830745214,125.96829752180471,2.099471625363412,479.865372126078
126211.14106440057,126.8648857053225,2.114414761755375,476.31031918656663
126684.08517077344,127.72673631002067,2.1287789385003446,472.94410637287365
127153.83803327802,128.55564627782044,2.1425941046303407,469.75286250458157
127620.56199085772,129.3533109512906,2.1558885158548433,466.72395757969934
128084.4078681588,130.12132851574344,2.168688808595724,463.8458773010789
128545.51597921486,130.86120467058183,2.1810200778430304,461.1081110560626
129004.01703115794,131.57435739863806,2.1929059566439677,458.5010519430798
129460.03293871213,132.2621217351426,2.20436869558571,456.01590755418874
129913.67755905287,132.9257544638598,2.2154292410643297,453.6446203407395
130365.0573555566,133.5664386882034,2.2261073114700567,451.3797965037229
130814.27199801676,134.18528824092635,2.2364214706821057,449.21464246016694
131261.41490605503,134.78335190818146,2.246389198469691,447.1429080382659
131706.5737417017,135.361617453113,2.2560269575518834,445.1588356466673
132149.8308564505,135.92101543125779,2.2653502571876296,443.25711474881973
132591.2636974989,136.46242279538524,2.274373713256421,441.4328410483722
133030.94517735922,136.98666629137153,2.283111104856192,439.68147986033
133468.9440105623,137.494525649583,2.29157542749305,437.9988332030771
133905.32502076277,137.98673657828465,2.2997789429714106,436.38101020047907
134340.14942119317,138.46399356697736,2.3077332261162895,434.8244004303997
134773.47507109202,138.92695250845685,2.315449208474281,433.3256498988485
135205.3567104474,139.37623314889288,2.3229372191482147,431.88163935538614
135635.8461751462,139.81242137545013,2.330207022924169,430.4894646987959
136064.99259439658,140.23607135097615,2.3372678558496025,429.1464192503772
136492.84257209479,140.64770750513168,2.344128458418861,427.8499776982062
136919.44035363212,141.04782639107654,2.3507971065179425,426.5977815373335
137344.82797948353,141.43689841648288,2.3572816402747145,425.3876258514065
137769.0454267816,141.81536945725628,2.363589490954271,424.21744729808415
138192.13073995765,142.1836623619223,2.3697277060320383,423.08531317603774
138614.12015142234,142.5421783541981,2.375702972569968,421.9894114646886
139035.04819316242,142.89129834082584,2.381521639013764,420.9280417400878
139454.9478000432,143.23138413130746,2.3871897355217913,419.8996068807901
139873.8504055294,143.56277957575173,2.3927129929291957,418.9026054861897
140291.7860304686,143.88581162663252,2.3980968604438755,417.9356249391858
140708.7833655199,144.20079132986194,2.4033465221643655,416.9973350513028
141124.86984775527,144.508014750206,2.4084669125034335,416.086482235376
141540.07173191177,144.80776383571515,2.4134627305952523,415.20188415650045
141954.41415672866,145.1003072255087,2.4183384537584782,414.3424248168885
142367.9212067637,145.38590100493698,2.423098350082283,413.5070500350557
142780.61597004728,144.3748210153878,2.40624701692313,412.6947632835654
143196.20090084075,143.3423728982233,2.3890395483037214,415.58493079346954
143614.77915364114,142.28915758701388,2.3714859597835645,418.57825280039106
144036.45569609525,141.21588485813294,2.353598080968882,421.67654245410813
144461.33707583716,140.12337524157516,2.335389587359586,424.8813797419134
144889.53115763515,139.0125607593127,2.3168760126552117,428.1940817979921
145321.14683086833,137.88448437257165,2.298074739542861,431.61567323317286
145756.29368784084,136.7402980393623,2.279004967322705,435.14685697251116
146195.08167397443,135.58125930901423,2.259687655150237,438.78798613359686
146637.62071149176,134.40872641094978,2.2401454401824963,442.53903751733014
147084.02029879647,133.22415182972685,2.2204025304954476,446.3995873047097
147534.38908835864,132.02907439645077,2.2004845732741796,450.3687895621697
147988.8344465063,130.82510996664934,2.1804184994441558,454.44535814767005
148447.4619990862,129.61394079505345,2.160232346584224,458.62755257988465
148910.37516746885,128.39730375669956,2.1399550626116595,462.9131683826563
149377.6746998149,127.17697759959484,2.1196162933265805,467.2995323460491
149849.45820287082,125.95476944513841,2.0992461574189734,471.78350305592176
150325.81967980668,124.7325007770325,2.0788750129505416,476.3614769358537
150806.84907973232,123.51199317628864,2.0585332196048105,481.02939992563915
151292.6318645212,122.2950540682577,2.038250901137628,485.7827847888693
151783.24859842862,121.08346274695451,2.018057712449242,490.6167339074309
152278.77456571444,119.87895693235097,1.9979826155391829,495.52596728582284
152779.27942107333,118.68322009829102,1.9780536683048502,500.50485535888583
153284.8268771527,119.87664352021083,1.9979440586701807,505.5474560793664
153785.34139139068,121.01998258664278,2.0169997097773797,500.51451423799153
154281.127283254,122.11578680123627,2.035263113353938,495.78589186331374
154772.46424771758,123.16650153145407,2.0527750255242347,491.33696446358226
155259.60969111297,124.17446239012732,2.0695743731687886,487.14544339539134
155742.8008307814,125.14189262390714,2.0856982103984523,483.19113966842997
156222.25658090593,126.07090278345778,2.10118171305763,479.455750124529
156698.1792456548,126.9634920959361,2.116058201598935,475.9226647488831
157170.75603926304,127.82155108027958,2.130359184671326,472.5767936082266
157640.16045106147,128.6468650437124,2.144114417395207,469.4044117984304
158106.55347182893,129.44111817712655,2.1573519696187757,466.3930207674566
158570.08469625714,130.20589803072454,2.1700983005120755,463.5312244282104
159030.8933148179,130.9427002022569,2.1823783367042817,460.80861856075353
159489.10900692843,131.65293311069263,2.194215551844877,458.2156921105343
159944.85274603337,132.33792276019483,2.205632046003247,455.74373910494614
160398.23752606142,132.99891742447545,2.2166486237412575,453.38478002804914
160849.3690176698,133.63709220132273,2.2272848700220456,451.13149160836474
161298.34616175198,134.2535534024306,2.2375592233738435,448.97714408219326
161745.26170684857,134.84934275550978,2.247489045925163,446.9155450965918
162190.20269635553,135.42544140474257,2.257090690079043,444.9409895069548
162633.2509107651,135.98277370254223,2.266379561709037,443.0482144095877
163074.48326958762,136.5222107907557,2.2753701798459285,441.23235882251174
163513.972197085,137.04457397327673,2.2840762328879456,439.488927497383
163951.78595548816,137.55063788481291,2.2925106314135486,437.81375840315013
164387.98894896498,138.04113346250801,2.300685557708467,436.2029934768216
164822.64200124738,138.5167507284449,2.308612512140748,434.6530522824032
165255.80260950932,138.97814139189632,2.3163023565316054,433.16060826194007
165687.52517680722,139.42592128066104,2.323765354677684,431.7225672978966
166117.86122514663,139.86067261101442,2.331011210183574,430.33604833940626
166546.85959101946,140.2829461057912,2.338049101763187,428.9983658728306
166974.56660506202,140.69326296994973,2.344887716165829,427.70701404256397
167401.02625731143,141.09211673269618,2.3515352788782695,426.4596522494103
167826.2803493857,141.479974964899,2.3579995827483162,425.2540920742613
168250.3686347765,141.85728088012712,2.3642880146687855,424.0882853908115
168673.32894832361,142.22445482722148,2.3704075804536915,422.9603135471116
169095.19732583218,142.581895681869,2.3763649280311503,421.8683775085665
169516.0081146989,142.9299821442072,2.38216636907012,420.8107888667146
169935.79407632773,143.2690739490489,2.387817899150815,419.7859616288333
170354.58648103985,143.5995129948922,2.3933252165815366,418.7924047121196
170772.41519611448,143.92162439746818,2.3986937399578028,417.8287150746328
171189.30876753706,144.2357174731875,2.403928624553125,416.89357142258086
171605.29449597604,144.54208665747183,2.4090347776245307,415.9857284389727
172020.39850746153,144.84101236260477,2.4140168727100795,415.10401148549863
172434.64581919526,145.13276177940406,2.418879362990068,414.2473117337213
172848.06040088148,145.41758962670554,2.4236264937784258,413.4145816862292
173260.66523193405,144.4071954904136,2.4067865915068936,412.6048310525657
173676.15699324303,143.37541593069,2.3895902655115,415.4917613089783
174094.63877835608,142.32284847471917,2.3720474745786526,418.48178511305014
174516.21550087832,141.25019941420464,2.354169990236744,421.5767225222371
174940.9936622461,140.15828575123263,2.3359714291872105,424.77816136777983
175369.08108981705,139.04803597569665,2.3174672662616107,428.08742757095024
175800.58664528196,137.92048955512576,2.2986748259187624,431.50555546491523
176235.61990389012,136.7767950375306,2.27961325062551,435.03325860816403
176674.29080551153,135.61820669313445,2.260303444885574,438.67090162140084
177116.70927912963,134.44607965118342,2.2407679941863905,442.41847361810505
177562.9848429517,133.26186352270886,2.2210310587118145,446.27556382206967
178013.22618292648,132.06709453809748,2.2011182423016247,450.24133997477475
178467.5407130511,130.86338626828183,2.1810564378046973,454.3145301246259
178926.03412141357,129.6524190387256,2.160873650645427,458.4934083624685
179388.80990643057,128.4359281844253,2.1405988030737553,462.7757850170019
179855.9689081847,127.21569133009832,2.120261522168305,467.15900175413117
180327.60884011976,125.99351491086169,2.0998919151810282,471.6399319350603
180803.823826601,124.77122017346909,2.0795203362244847,476.21498648123816
181284.7039519743,123.55062891530432,2.059177148588405,480.8801253733109
181770.33482675627,122.33354922693302,2.0388924871155503,485.63087478195666
182260.79717644825,121.1217615036427,2.0186960250607116,490.4623496919812
182756.16645819534,119.9170049820824,1.9986167497013734,495.36928174708737
183256.5125101082,118.7209650403473,1.978682750672455,500.3460519128712
183761.89923754602,119.91279782450805,1.9985466304084674,505.38672743781353
184262.26284417132,121.0546267070545,2.0175771117842416,500.3636066252948
184757.90684913113,122.14899808614578,2.0358166347690965,495.6440049598168
185249.1102232078,123.19835399621441,2.0533058999369067,491.20337407666375
185736.12971700594,124.20502659519038,2.070083776586506,487.01949379814323
186219.20195365182,125.17123563369285,2.0861872605615472,483.07223664587946
186698.54530834703,126.09908818596952,2.101651469766159,479.34335469521466
187174.3615958646,126.99058006721201,2.116509667786867,475.8162875175767
187646.83758556593,127.84759848111463,2.130793308018577,472.47598970131367
188116.1463618967,128.67192553880355,2.1445320923133924,469.3087763307849
188582.44854668764,129.4652423689853,2.157754039483088,466.3021847909258
189045.89339800144,130.22913360245792,2.1704855600409654,463.444851313805
189506.61979877102,130.9650920647186,2.1827515344119766,460.7264007695776
189964.75714708326,131.67452355061545,2.1945753925102576,458.1373483122443
190420.42615868925,132.35875158679204,2.2059791931132007,455.6690116059908
190873.7395911649,133.0190221126851,2.216983701878085,453.3134324756393
191324.80289810433,133.65650803040404,2.227608467173401,451.0633069394389
191773.71482079464,134.2723135890384,2.23787189315064,448.9119226903131
192220.5679239864,134.86747858069054,2.247791309678176,446.8531031917664
192665.44908163408,135.44298233454134,2.257383038909022,444.8811576476728
193108.4399178208,135.99974750209225,2.266662458368204,442.99083618671284
193549.61720749977,136.53864363186034,2.2756440605310058,441.1772896789771
193989.05324116783,137.06049053559434,2.2843415089265724,439.43603366805473
194426.8161571295,137.56606145082588,2.292767690847098,437.7629159616772
194862.9702446073,138.05608600650763,2.300934766775127,436.1540874778002
195297.57622059574,138.53125299979666,2.3088542166632777,434.6059759884374
195730.69148304188,138.9922129928692,2.316536883214487,433.11526244613924
196162.37034265598,139.43958073911398,2.3239930123185664,431.67885961409775
196592.66423540842,139.87393744823672,2.3312322908039453,430.2938927524374
197021.62191755135,140.2958328997887,2.338263881663145,428.9576821429364
197449.2896448092,140.70578741446315,2.345096456907719,427.6677272578527
197875.711337211,141.1042936922274,2.35173822820379,426.4216924017819
198300.92873088486,141.4918185260094,2.3581969754334904,425.2173936738691
198724.9815180004,141.86880439925966,2.3644800733209945,424.05278711553547
199147.90747592377,142.2356709752845,2.3705945162547417,422.9259579233767
199569.742586544,142.592816485806,2.3765469414301,421.83511062021716
199990.52114663346,142.94061902576323,2.382343650429387,420.7785600894713
200410.27587002097,143.27943776093093,2.387990629348849,419.7547233875084
200829.0379822796,143.60961405450772,2.3934935675751285,418.76211225864245
201246.83730856446,143.93147251841393,2.398857875306899,417.79932628484676
201663.7023551742,144.24532199464798,2.4040886999107998,416.86504660974606
202079.66038535716,144.5514564716769,2.409190941194615,415.95803018295555
202494.7374898328,144.85015594048397,2.4141692656747327,415.0771044756402
202908.95865245725,145.14168719456606,2.4190281199094343,414.2211626244534
203322.3478114214,145.42630457786146,2.4237717429643575,413.3891589641571
203734.9279163355,144.41609923394697,2.4069349872324493,412.5801049140864
204150.3940611647,143.38450372648668,2.389741728774778,415.4661448292027
204568.84932265134,142.33211464595814,2.372201910765969,418.45526148664067
204990.39859949055,141.25963732563616,2.3543272887606026,421.54927683921414
205415.1483803617,140.1678877970754,2.3361314632845898,424.7497808711487
205843.20648227778,139.0577935782631,2.3176298929710515,428.0581019160745
206274.68175925483,137.93039317513745,2.2988398862522907,431.47527697705664
206709.68378178816,136.7868341968889,2.2797805699481484,435.0020225333283
207148.322488154,135.62837001066856,2.260472833511143,438.63870636583306
207590.70780912542,134.45635489161407,2.240939248193568,442.3853209714289
208036.94926828417,133.2722376587464,2.2212039609791066,446.24145915874396
208487.1555607127,132.07755382525238,2.2012925637542065,450.20629242854193
208941.4341134438,130.87391633161178,2.181231938860196,454.2785527310916
209399.89063160872,129.6630049703964,2.16105008283994,458.4565181649232
209862.62863474,128.44655465063056,2.1407759108438427,462.7380031312641
210329.74898812897,127.22634268559025,2.1204390447598374,467.1203533889784
210801.34943449468,126.00417531909808,2.1000695886516345,471.60044636571547
211277.52413146844,124.78187373019684,2.0796978955032808,476.1746969737578
211758.36320052852,123.56125977328722,2.059354329554787,480.83906906007905
212243.95229301666,122.34414171949408,2.0390690286582345,485.5890924881387
212734.37217873186,121.1323002647342,2.0188716710789034,490.4198857152078
213229.69836232509,119.92747506071555,1.998791251011926,495.3261835932208
213730.0007323168,118.73135200740205,1.9788558667900342,500.30236999172485
214235.34324704082,119.92274713810863,1.9987124523018105,505.342514724005
214735.66534132123,121.06416051002225,2.017736008500371,500.32209428041824
215231.27031431432,122.15813766440479,2.0359689610734133,495.6049729930819
215722.43693773512,123.20711971677328,2.0534519952795547,491.16662342080963
216209.42178193835,124.21343787307727,2.0702239645512877,486.9848442032235
216692.46130670627,125.17931092100703,2.0863218486834505,483.0395247679262
217171.77373907669,126.10684497756708,2.101780749626118,479.31243237041053
217647.560759287,126.99803491866375,2.1166339153110623,475.7870202103222
218120.0090143992,127.85476703549173,2.1309127839248623,472.44825511219096
218589.2914775501,128.67882255959202,2.144647042659867,469.2824631509138
219055.5686691386,129.47188177703129,2.1578646962838546,466.2771915884805
219518.98975467845,130.23552851532753,2.1705921419221257,463.421085539856
219979.69353254916,130.97125483724034,2.182854247287339,460.7037778707163
220437.8093234879,131.6804658156771,2.1946744302612853,458.1157909387257
220893.4577723929,132.3644842957042,2.2060747382617363,455.64844890500535
221346.75157185318,133.02455557461164,2.217075926243527,453.2937994602835
221797.79611577836,133.66185195050696,2.2276975325084494,451.044543925178
222246.69009056943,134.2774771050976,2.2379579517516266,448.8939747910772
222693.52601043886,134.8724702980476,2.24787450496746,446.8359198694234
223138.39070274716,135.44781035928202,2.2574635059880337,444.8646923082997
223581.36574856626,136.004419472434,2.2667403245405664,442.97504581909743
224022.52788309645,136.54316674774782,2.2757194457957968,441.16213453019736
224461.94936004846,137.06487158653363,2.284414526442227,439.421476952004
224899.6982836457,137.57030684200788,2.292838447366798,437.7489235972462
225335.8389114987,138.06020178328492,2.3010033630547486,436.1406278529903
225770.43193124657,138.53524487058633,2.3089207478431053,434.59301974787377
226203.5347135461,138.99608635055986,2.3166014391759977,433.1027822995384
226635.20154370903,139.44334068105852,2.324055678017642,431.6668301629252
227065.48383404253,139.8775887949113,2.331293146581855,430.2822903335036
227494.43031872902,140.29938021219942,2.338323003536657,428.94648468648666
227922.08723288824,140.70923501037862,2.3451539168396436,427.656914159219
228348.4984772929,141.1076456613132,2.35179409435522,426.41124440464773
228773.70577005725,141.49507874393737,2.358251312398956,425.2072927643603
229197.74878648316,141.8719765408609,2.3645329423476817,424.043016425916
229620.6652881273,142.2387585268119,2.3706459754468647,422.9165016441257
230042.49124204752,142.59582275636762,2.3765970459394605,421.8259539202263
230463.26093109034,142.94354715798488,2.3823924526330815,420.76968904281966
230883.00705599715,143.28229074090189,2.3880381790150316,419.74612490681466
231301.7608300312,143.6123947210604,2.3935399120176735,418.7537740340631
231719.55206675935,143.9341835717849,2.3989030595297485,417.79123672813876
232136.4092615624,144.24796600456398,2.404132766742733,416.85719480304397
232552.35966739414,144.55403588490714,2.4092339314151188,415.9504058317398
232967.4293652597,144.85267308789656,2.4142112181316095,415.069697865576
233381.64332984146,145.14414429772367,2.4190690716287278,414.2139645817515
233795.02549066034,145.4287037551891,2.423811729253152,413.3821608188737
234207.59878912693,144.41855039764158,2.406975839960693,412.5732984665956
234623.0578823999,143.3870055728752,2.3897834262145867,415.45909327297704
235041.50584259184,142.33466561350605,2.3722444268917675,418.4479601919302
235463.04756428965,141.26223558895296,2.354370593149216,421.5417216978094
235887.78953265684,140.17053126356672,2.3361755210594453,424.74196836719057
236315.83956185434,139.06047988773506,2.317674664795584,428.05002919750405
236747.30650378088,137.93311970261817,2.2988853283769695,431.46694192654104
237182.29992761818,136.78959805887848,2.279826634314641,434.99342383729527
237620.92977119863,135.63116807496135,2.2605194679160223,438.62984358044923
238063.30596578275,134.45918379075943,2.2409863965126573,442.3761945841252
238509.53803642635,133.2750938071262,2.2212515634521037,446.2320706436003
238959.73468072084,132.08043343965943,2.201340557327657,450.1966442944831
239414.00332928196,130.87681545511634,2.1812802575852723,454.26864856111933
239872.44969192726,129.66591949919172,2.161098658319862,458.4463626453071
240335.1772939968,128.44948036345784,2.1408246727242974,462.7276020695281
240802.28700771634,127.22927527526218,2.12048792125437,467.10971371954656
241273.876583859,126.0071104255714,2.1001185070928567,471.58957614266546
241750.0401892092,124.78480697459496,2.079746782909916,476.1636053501861
242230.86795546295,123.56418679224124,2.059403113204021,480.82776625375845
242716.4455451968,122.34705819916103,2.039117636652684,485.57758973384625
243206.85374040104,121.13520197386272,2.018920032897712,490.408195204247
243702.16805880162,119.93035788216174,1.998839298036029,495.31431840057485
244202.45840279403,118.73421196755027,1.9789035327925044,500.2903439924121
