rr,ee_status,sensor_contact,rr_hr,timestamp_received,hrv_uint8,hr,rr_interval
[366],False,Sensor contact not supported,[163],2024-06-19 15:50:30.149066,True,163,True
[639],False,Sensor contact not supported,[93],2024-06-19 15:50:30.868931,True,154,True
[827],False,Sensor contact not supported,[72],2024-06-19 15:50:31.664551,True,143,True
[834],False,Sensor contact not supported,[71],2024-06-19 15:50:32.489203,True,134,True
[834],False,Sensor contact not supported,[71],2024-06-19 15:50:33.329856,True,127,True
[827],False,Sensor contact not supported,[72],2024-06-19 15:50:34.169340,True,120,True
[834],False,Sensor contact not supported,[71],2024-06-19 15:50:34.994156,True,113,True
[834],False,Sensor contact not supported,[71],2024-06-19 15:50:35.834604,True,108,True
[827],False,Sensor contact not supported,[72],2024-06-19 15:50:36.674518,True,104,True
[834],False,Sensor contact not supported,[71],2024-06-19 15:50:37.499819,True,99,True
[834],False,Sensor contact not supported,[71],2024-06-19 15:50:38.324724,True,96,True
[827],False,Sensor contact not supported,[72],2024-06-19 15:50:39.179388,True,93,True
[834],False,Sensor contact not supported,[71],2024-06-19 15:50:40.034660,True,90,True
[834],False,Sensor contact not supported,[71],2024-06-19 15:50:40.829141,True,87,True
[827],False,Sensor contact not supported,[72],2024-06-19 15:50:41.669201,True,86,True
[834],False,Sensor contact not supported,[71],2024-06-19 15:50:42.494274,True,84,True
[834],False,Sensor contact not supported,[71],2024-06-19 15:50:43.334099,True,71,True
[827],False,Sensor contact not supported,[72],2024-06-19 15:50:44.174640,True,72,True
[834],False,Sensor contact not supported,[71],2024-06-19 15:50:44.999337,True,72,True
[834],False,Sensor contact not supported,[71],2024-06-19 15:50:45.824011,True,72,True
[827],False,Sensor contact not supported,[72],2024-06-19 15:50:46.664687,True,72,True
[834],False,Sensor contact not supported,[71],2024-06-19 15:50:47.489592,True,72,True
[834],False,Sensor contact not supported,[71],2024-06-19 15:50:48.329259,True,72,True
[827],False,Sensor contact not supported,[72],2024-06-19 15:50:49.169794,True,72,True
[834],False,Sensor contact not supported,[71],2024-06-19 15:50:49.994800,True,72,True
[834],False,Sensor contact not supported,[71],2024-06-19 15:50:50.834297,True,72,True
[827],False,Sensor contact not supported,[72],2024-06-19 15:50:51.674969,True,72,True
[834],False,Sensor contact not supported,[71],2024-06-19 15:50:52.499119,True,72,True
[834],False,Sensor contact not supported,[71],2024-06-19 15:50:53.324308,True,72,True
[827],False,Sensor contact not supported,[72],2024-06-19 15:50:54.163900,True,72,True
[834],False,Sensor contact not supported,[71],2024-06-19 15:50:54.989616,True,72,True
[834],False,Sensor contact not supported,[71],2024-06-19 15:50:55.829163,True,72,True
[827],False,Sensor contact not supported,[72],2024-06-19 15:50:56.668999,True,72,True
[834],False,Sensor contact not supported,[71],2024-06-19 15:50:57.494157,True,72,True
[834],False,Sensor contact not supported,[71],2024-06-19 15:50:58.334018,True,72,True
[827],False,Sensor contact not supported,[72],2024-06-19 15:50:59.174737,True,72,True
[834],False,Sensor contact not supported,[71],2024-06-19 15:50:59.999530,True,72,True
[834],False,Sensor contact not supported,[71],2024-06-19 15:51:00.823935,True,72,True
[827],False,Sensor contact not supported,[72],2024-06-19 15:51:01.664509,True,72,True
[834],False,Sensor contact not supported,[71],2024-06-19 15:51:02.489216,True,72,True
[834],False,Sensor contact not supported,[71],2024-06-19 15:51:03.328944,True,72,True
[827],False,Sensor contact not supported,[72],2024-06-19 15:51:04.169190,True,72,True
[834],False,Sensor contact not supported,[71],2024-06-19 15:51:04.994172,True,72,True
[834],False,Sensor contact not supported,[71],2024-06-19 15:51:05.833987,True,72,True
[827],False,Sensor contact not supported,[72],2024-06-19 15:51:06.674185,True,72,True
[834],False,Sensor contact not supported,[71],2024-06-19 15:51:07.499755,True,72,True
[834],False,Sensor contact not supported,[71],2024-06-19 15:51:08.324388,True,72,True
[827],False,Sensor contact not supported,[72],2024-06-19 15:51:09.164728,True,72,True
[834],False,Sensor contact not supported,[71],2024-06-19 15:51:09.989483,True,72,True
[834],False,Sensor contact not supported,[71],2024-06-19 15:51:10.829404,True,72,True
[827],False,Sensor contact not supported,[72],2024-06-19 15:51:11.668939,True,72,True
[834],False,Sensor contact not supported,[71],2024-06-19 15:51:12.494578,True,72,True
[834],False,Sensor contact not supported,[71],2024-06-19 15:51:13.333944,True,72,True
[827],False,Sensor contact not supported,[72],2024-06-19 15:51:14.174717,True,72,True
[834],False,Sensor contact not supported,[71],2024-06-19 15:51:14.999518,True,72,True
[834],False,Sensor contact not supported,[71],2024-06-19 15:51:15.824792,True,72,True
[827],False,Sensor contact not supported,[72],2024-06-19 15:51:16.663958,True,72,True
[834],False,Sensor contact not supported,[71],2024-06-19 15:51:17.488938,True,72,True
[834],False,Sensor contact not supported,[71],2024-06-19 15:51:18.329380,True,72,True
[827],False,Sensor contact not supported,[72],2024-06-19 15:51:19.169013,True,72,True
[834],False,Sensor contact not supported,[71],2024-06-19 15:51:19.994443,True,72,True
[834],False,Sensor contact not supported,[71],2024-06-19 15:51:20.834604,True,72,True
[827],False,Sensor contact not supported,[72],2024-06-19 15:51:21.675187,True,72,True
[834],False,Sensor contact not supported,[71],2024-06-19 15:51:22.500024,True,72,True
[834],False,Sensor contact not supported,[71],2024-06-19 15:51:23.324694,True,72,True
[827],False,Sensor contact not supported,[72],2024-06-19 15:51:24.164126,True,72,True
[834],False,Sensor contact not supported,[71],2024-06-19 15:51:24.989380,True,72,True
[834],False,Sensor contact not supported,[71],2024-06-19 15:51:25.874188,True,72,True
[827],False,Sensor contact not supported,[72],2024-06-19 15:51:26.669574,True,72,True
[834],False,Sensor contact not supported,[71],2024-06-19 15:51:27.494207,True,72,True
[834],False,Sensor contact not supported,[71],2024-06-19 15:51:28.334614,True,72,True
[827],False,Sensor contact not supported,[72],2024-06-19 15:51:29.174503,True,72,True
[834],False,Sensor contact not supported,[71],2024-06-19 15:51:30.044875,True,72,True
[819],False,Sensor contact not supported,[73],2024-06-19 15:51:30.854474,True,72,True
[803],False,Sensor contact not supported,[74],2024-06-19 15:51:31.664565,True,73,True
[772],False,Sensor contact not supported,[77],2024-06-19 15:51:32.429177,True,74,True
[750],False,Sensor contact not supported,[80],2024-06-19 15:51:33.134013,True,76,True
[725],False,Sensor contact not supported,[82],2024-06-19 15:51:33.914027,True,78,True
[709],False,Sensor contact not supported,[84],2024-06-19 15:51:34.574120,True,80,True
[686],False,Sensor contact not supported,[87],2024-06-19 15:51:35.264103,True,80,True
[670],False,Sensor contact not supported,[89],2024-06-19 15:51:35.984189,True,81,True
[655],False,Sensor contact not supported,[91],2024-06-19 15:51:36.584360,True,83,True
[639],False,Sensor contact not supported,[93],2024-06-19 15:51:37.229193,True,84,True
[625],False,Sensor contact not supported,[96],2024-06-19 15:51:37.904584,True,86,True
[616],False,Sensor contact not supported,[97],2024-06-19 15:51:38.474688,True,89,True
[592],False,Sensor contact not supported,[101],2024-06-19 15:51:39.074601,True,91,True
[592],False,Sensor contact not supported,[101],2024-06-19 15:51:39.704152,True,94,True
[577],False,Sensor contact not supported,[103],2024-06-19 15:51:40.290139,True,97,True
[569],False,Sensor contact not supported,[105],2024-06-19 15:51:40.814481,True,99,True
[553],False,Sensor contact not supported,[108],2024-06-19 15:51:41.369141,True,100,True
[553],False,Sensor contact not supported,[108],2024-06-19 15:51:41.923915,True,103,True
[545],False,Sensor contact not supported,[110],2024-06-19 15:51:42.509348,True,105,True
[530],False,Sensor contact not supported,[113],2024-06-19 15:51:43.004600,True,107,True
[530],False,Sensor contact not supported,[113],2024-06-19 15:51:43.529173,True,109,True
[522],False,Sensor contact not supported,[114],2024-06-19 15:51:44.054683,True,110,True
[514],False,Sensor contact not supported,[116],2024-06-19 15:51:44.564659,True,112,True
[514],False,Sensor contact not supported,[116],2024-06-19 15:51:45.073999,True,113,True
[506],False,Sensor contact not supported,[118],2024-06-19 15:51:45.584812,True,115,True
[500],False,Sensor contact not supported,[120],2024-06-19 15:51:46.093883,True,116,True
[491],False,Sensor contact not supported,[122],2024-06-19 15:51:46.574479,True,118,True
[491],False,Sensor contact not supported,[122],2024-06-19 15:51:47.069473,True,119,True
[491],False,Sensor contact not supported,[122],2024-06-19 15:51:47.609840,True,120,True
[483],False,Sensor contact not supported,[124],2024-06-19 15:51:48.059424,True,121,True
[475],False,Sensor contact not supported,[126],2024-06-19 15:51:48.524617,True,122,True
[475],False,Sensor contact not supported,[126],2024-06-19 15:51:49.003993,True,123,True
[475],False,Sensor contact not supported,[126],2024-06-19 15:51:49.484761,True,124,True
[467],False,Sensor contact not supported,[128],2024-06-19 15:51:49.949653,True,125,True
[467],False,Sensor contact not supported,[128],2024-06-19 15:51:50.414480,True,126,True
[467],False,Sensor contact not supported,[128],2024-06-19 15:51:50.879658,True,126,True
[459],False,Sensor contact not supported,[130],2024-06-19 15:51:51.343987,True,128,True
[467],False,Sensor contact not supported,[128],2024-06-19 15:51:51.809697,True,128,True
[475],False,Sensor contact not supported,[126],2024-06-19 15:51:52.289243,True,127,True
[475],False,Sensor contact not supported,[126],2024-06-19 15:51:52.768912,True,127,True
[475],False,Sensor contact not supported,[126],2024-06-19 15:51:53.249294,True,126,True
[491],False,Sensor contact not supported,[122],2024-06-19 15:51:53.789276,True,125,True
[491],False,Sensor contact not supported,[122],2024-06-19 15:51:54.254635,True,124,True
[491],False,Sensor contact not supported,[122],2024-06-19 15:51:54.719502,True,123,True
[506],False,Sensor contact not supported,[118],2024-06-19 15:51:55.229434,True,122,True
[506],False,Sensor contact not supported,[118],2024-06-19 15:51:55.784093,True,121,True
[506],False,Sensor contact not supported,[118],2024-06-19 15:51:56.249630,True,120,True
[514],False,Sensor contact not supported,[116],2024-06-19 15:51:56.758801,True,119,True
[522],False,Sensor contact not supported,[114],2024-06-19 15:51:57.284029,True,117,True
[530],False,Sensor contact not supported,[113],2024-06-19 15:51:57.853914,True,116,True
[530],False,Sensor contact not supported,[113],2024-06-19 15:51:58.394337,True,115,True
[538],False,Sensor contact not supported,[111],2024-06-19 15:51:58.933843,True,114,True
[538],False,Sensor contact not supported,[111],2024-06-19 15:51:59.474682,True,113,True
[545],False,Sensor contact not supported,[110],2024-06-19 15:52:00.014678,True,112,True
[553],False,Sensor contact not supported,[108],2024-06-19 15:52:00.524307,True,111,True
[561],False,Sensor contact not supported,[106],2024-06-19 15:52:01.094032,True,109,True
[561],False,Sensor contact not supported,[106],2024-06-19 15:52:01.649678,True,108,True
[545],False,Sensor contact not supported,[110],2024-06-19 15:52:02.249505,True,109,True
[545],False,Sensor contact not supported,[110],2024-06-19 15:52:02.744350,True,109,True
[538],False,Sensor contact not supported,[111],2024-06-19 15:52:03.283910,True,110,True
[530],False,Sensor contact not supported,[113],2024-06-19 15:52:03.809242,True,110,True
[522],False,Sensor contact not supported,[114],2024-06-19 15:52:04.378949,True,112,True
[514],False,Sensor contact not supported,[116],2024-06-19 15:52:04.858832,True,113,True
[506],False,Sensor contact not supported,[118],2024-06-19 15:52:05.429290,True,114,True
[506],False,Sensor contact not supported,[118],2024-06-19 15:52:05.879517,True,115,True
[500],False,Sensor contact not supported,[120],2024-06-19 15:52:06.419093,True,117,True
[500],False,Sensor contact not supported,[120],2024-06-19 15:52:06.914458,True,118,True
[491],False,Sensor contact not supported,[122],2024-06-19 15:52:07.424317,True,119,True
[483],False,Sensor contact not supported,[124],2024-06-19 15:52:07.859725,True,120,True
[483],False,Sensor contact not supported,[124],2024-06-19 15:52:08.338794,True,121,True
[483],False,Sensor contact not supported,[124],2024-06-19 15:52:08.818950,True,122,True
[475],False,Sensor contact not supported,[126],2024-06-19 15:52:09.299254,True,123,True
[467],False,Sensor contact not supported,[128],2024-06-19 15:52:09.809082,True,124,True
[475],False,Sensor contact not supported,[126],2024-06-19 15:52:10.244428,True,125,True
[459],False,Sensor contact not supported,[130],2024-06-19 15:52:10.739792,True,126,True
[467],False,Sensor contact not supported,[128],2024-06-19 15:52:11.174327,True,127,True
[459],False,Sensor contact not supported,[130],2024-06-19 15:52:11.669225,True,128,True
[459],False,Sensor contact not supported,[130],2024-06-19 15:52:12.089698,True,128,True
[452],False,Sensor contact not supported,[132],2024-06-19 15:52:12.598966,True,130,True
[452],False,Sensor contact not supported,[132],2024-06-19 15:52:13.004215,True,130,True
[452],False,Sensor contact not supported,[132],2024-06-19 15:52:13.499486,True,131,True
[452],False,Sensor contact not supported,[132],2024-06-19 15:52:13.949187,True,131,True
[444],False,Sensor contact not supported,[135],2024-06-19 15:52:14.414471,True,132,True
[444],False,Sensor contact not supported,[135],2024-06-19 15:52:14.789499,True,133,True
[444],False,Sensor contact not supported,[135],2024-06-19 15:52:15.284375,True,133,True
[436],False,Sensor contact not supported,[137],2024-06-19 15:52:15.734441,True,134,True
[444],False,Sensor contact not supported,[135],2024-06-19 15:52:16.124343,True,134,True
[436],False,Sensor contact not supported,[137],2024-06-19 15:52:16.559266,True,135,True
[436],False,Sensor contact not supported,[137],2024-06-19 15:52:16.994030,True,136,True
[436],False,Sensor contact not supported,[137],2024-06-19 15:52:17.429064,True,136,True
[428],False,Sensor contact not supported,[140],2024-06-19 15:52:17.864015,True,137,True
[428],False,Sensor contact not supported,[140],2024-06-19 15:52:18.313719,True,138,True
[436],False,Sensor contact not supported,[137],2024-06-19 15:52:18.734514,True,137,True
[428],False,Sensor contact not supported,[140],2024-06-19 15:52:19.154620,True,138,True
[420],False,Sensor contact not supported,[142],2024-06-19 15:52:19.589775,True,139,True
[428],False,Sensor contact not supported,[140],2024-06-19 15:52:20.023969,True,139,True
[428],False,Sensor contact not supported,[140],2024-06-19 15:52:20.444216,True,139,True
[420],False,Sensor contact not supported,[142],2024-06-19 15:52:20.864005,True,140,True
[420],False,Sensor contact not supported,[142],2024-06-19 15:52:21.299703,True,141,True
[420],False,Sensor contact not supported,[142],2024-06-19 15:52:21.719601,True,141,True
[428],False,Sensor contact not supported,[140],2024-06-19 15:52:22.138822,True,141,True
[420],False,Sensor contact not supported,[142],2024-06-19 15:52:22.559330,True,141,True
[428],False,Sensor contact not supported,[140],2024-06-19 15:52:22.994048,True,141,True
[436],False,Sensor contact not supported,[137],2024-06-19 15:52:23.429482,True,139,True
[436],False,Sensor contact not supported,[137],2024-06-19 15:52:23.864502,True,139,True
[436],False,Sensor contact not supported,[137],2024-06-19 15:52:24.358826,True,138,True
[444],False,Sensor contact not supported,[135],2024-06-19 15:52:24.749009,True,137,True
[452],False,Sensor contact not supported,[132],2024-06-19 15:52:25.244631,True,136,True
[452],False,Sensor contact not supported,[132],2024-06-19 15:52:25.693949,True,134,True
[452],False,Sensor contact not supported,[132],2024-06-19 15:52:26.113972,True,134,True
[459],False,Sensor contact not supported,[130],2024-06-19 15:52:26.578872,True,133,True
[467],False,Sensor contact not supported,[128],2024-06-19 15:52:27.074499,True,131,True
[467],False,Sensor contact not supported,[128],2024-06-19 15:52:27.509670,True,130,True
[475],False,Sensor contact not supported,[126],2024-06-19 15:52:27.974464,True,129,True
[475],False,Sensor contact not supported,[126],2024-06-19 15:52:28.454034,True,128,True
[483],False,Sensor contact not supported,[124],2024-06-19 15:52:28.949043,True,127,True
[483],False,Sensor contact not supported,[124],2024-06-19 15:52:29.429241,True,126,True
[491],False,Sensor contact not supported,[122],2024-06-19 15:52:29.968921,True,124,True
[500],False,Sensor contact not supported,[120],2024-06-19 15:52:30.464037,True,123,True
[500],False,Sensor contact not supported,[120],2024-06-19 15:52:30.929046,True,122,True
[506],False,Sensor contact not supported,[118],2024-06-19 15:52:31.469554,True,121,True
[514],False,Sensor contact not supported,[116],2024-06-19 15:52:31.934662,True,119,True
[514],False,Sensor contact not supported,[116],2024-06-19 15:52:32.459326,True,118,True
[506],False,Sensor contact not supported,[118],2024-06-19 15:52:32.969199,True,118,True
[506],False,Sensor contact not supported,[118],2024-06-19 15:52:33.479525,True,118,True
[500],False,Sensor contact not supported,[120],2024-06-19 15:52:34.019506,True,119,True
[491],False,Sensor contact not supported,[122],2024-06-19 15:52:34.514343,True,119,True
[491],False,Sensor contact not supported,[122],2024-06-19 15:52:35.008765,True,120,True
[483],False,Sensor contact not supported,[124],2024-06-19 15:52:35.444240,True,121,True
[483],False,Sensor contact not supported,[124],2024-06-19 15:52:35.924533,True,122,True
[475],False,Sensor contact not supported,[126],2024-06-19 15:52:36.404539,True,123,True
[475],False,Sensor contact not supported,[126],2024-06-19 15:52:36.884071,True,124,True
[475],False,Sensor contact not supported,[126],2024-06-19 15:52:37.349264,True,124,True
[467],False,Sensor contact not supported,[128],2024-06-19 15:52:37.829354,True,125,True
[459],False,Sensor contact not supported,[130],2024-06-19 15:52:38.324280,True,127,True
[467],False,Sensor contact not supported,[128],2024-06-19 15:52:38.759057,True,127,True
[459],False,Sensor contact not supported,[130],2024-06-19 15:52:39.254441,True,128,True
[452],False,Sensor contact not supported,[132],2024-06-19 15:52:39.674574,True,129,True
[452],False,Sensor contact not supported,[132],2024-06-19 15:52:40.169097,True,130,True
[452],False,Sensor contact not supported,[132],2024-06-19 15:52:40.589269,True,131,True
[452],False,Sensor contact not supported,[132],2024-06-19 15:52:41.024297,True,131,True
[452],False,Sensor contact not supported,[132],2024-06-19 15:52:41.519037,True,131,True
[444],False,Sensor contact not supported,[135],2024-06-19 15:52:41.969700,True,132,True
[444],False,Sensor contact not supported,[135],2024-06-19 15:52:42.419488,True,133,True
[436],False,Sensor contact not supported,[137],2024-06-19 15:52:42.869063,True,134,True
[444],False,Sensor contact not supported,[135],2024-06-19 15:52:43.259546,True,134,True
[436],False,Sensor contact not supported,[137],2024-06-19 15:52:43.694015,True,135,True
[436],False,Sensor contact not supported,[137],2024-06-19 15:52:44.189411,True,136,True
[436],False,Sensor contact not supported,[137],2024-06-19 15:52:44.564493,True,136,True
[436],False,Sensor contact not supported,[137],2024-06-19 15:52:44.998817,True,136,True
[428],False,Sensor contact not supported,[140],2024-06-19 15:52:45.494041,True,137,True
[428],False,Sensor contact not supported,[140],2024-06-19 15:52:45.869014,True,138,True
[428],False,Sensor contact not supported,[140],2024-06-19 15:52:46.304485,True,138,True
[428],False,Sensor contact not supported,[140],2024-06-19 15:52:46.724200,True,139,True
[428],False,Sensor contact not supported,[140],2024-06-19 15:52:47.158901,True,139,True
[428],False,Sensor contact not supported,[140],2024-06-19 15:52:47.579599,True,139,True
[420],False,Sensor contact not supported,[142],2024-06-19 15:52:48.014624,True,140,True
[420],False,Sensor contact not supported,[142],2024-06-19 15:52:48.434437,True,141,True
[428],False,Sensor contact not supported,[140],2024-06-19 15:52:48.853992,True,140,True
[420],False,Sensor contact not supported,[142],2024-06-19 15:52:49.273774,True,141,True
[413],False,Sensor contact not supported,[145],2024-06-19 15:52:49.694398,True,142,True
[420],False,Sensor contact not supported,[142],2024-06-19 15:52:50.113976,True,142,True
[420],False,Sensor contact not supported,[142],2024-06-19 15:52:50.548894,True,142,True
[413],False,Sensor contact not supported,[145],2024-06-19 15:52:50.999007,True,143,True
[420],False,Sensor contact not supported,[142],2024-06-19 15:52:51.389594,True,143,True
[413],False,Sensor contact not supported,[145],2024-06-19 15:52:51.839101,True,143,True
[413],False,Sensor contact not supported,[145],2024-06-19 15:52:52.214007,True,144,True
[413],False,Sensor contact not supported,[145],2024-06-19 15:52:52.664677,True,144,True
[420],False,Sensor contact not supported,[142],2024-06-19 15:52:53.038852,True,143,True
[413],False,Sensor contact not supported,[145],2024-06-19 15:52:53.459549,True,144,True
[420],False,Sensor contact not supported,[142],2024-06-19 15:52:53.879019,True,143,True
[428],False,Sensor contact not supported,[140],2024-06-19 15:52:54.299551,True,142,True
[428],False,Sensor contact not supported,[140],2024-06-19 15:52:54.734232,True,141,True
[428],False,Sensor contact not supported,[140],2024-06-19 15:52:55.154555,True,141,True
[436],False,Sensor contact not supported,[137],2024-06-19 15:52:55.604470,True,140,True
[436],False,Sensor contact not supported,[137],2024-06-19 15:52:56.039551,True,139,True
[444],False,Sensor contact not supported,[135],2024-06-19 15:52:56.489089,True,137,True
[444],False,Sensor contact not supported,[135],2024-06-19 15:52:56.924153,True,137,True
[444],False,Sensor contact not supported,[135],2024-06-19 15:52:57.419423,True,136,True
[459],False,Sensor contact not supported,[130],2024-06-19 15:52:57.839379,True,134,True
[452],False,Sensor contact not supported,[132],2024-06-19 15:52:58.334183,True,133,True
[467],False,Sensor contact not supported,[128],2024-06-19 15:52:58.754627,True,132,True
[459],False,Sensor contact not supported,[130],2024-06-19 15:52:59.219124,True,131,True
[475],False,Sensor contact not supported,[126],2024-06-19 15:52:59.683907,True,130,True
[475],False,Sensor contact not supported,[126],2024-06-19 15:53:00.164064,True,128,True
[475],False,Sensor contact not supported,[126],2024-06-19 15:53:00.643924,True,128,True
[483],False,Sensor contact not supported,[124],2024-06-19 15:53:01.184289,True,126,True
[491],False,Sensor contact not supported,[122],2024-06-19 15:53:01.619169,True,125,True
[500],False,Sensor contact not supported,[120],2024-06-19 15:53:02.159774,True,123,True
[500],False,Sensor contact not supported,[120],2024-06-19 15:53:02.624757,True,122,True
[500],False,Sensor contact not supported,[120],2024-06-19 15:53:03.164032,True,121,True
[506],False,Sensor contact not supported,[118],2024-06-19 15:53:03.628839,True,120,True
[500],False,Sensor contact not supported,[120],2024-06-19 15:53:04.169372,True,120,True
[500],False,Sensor contact not supported,[120],2024-06-19 15:53:04.634458,True,120,True
[491],False,Sensor contact not supported,[122],2024-06-19 15:53:05.129598,True,120,True
[483],False,Sensor contact not supported,[124],2024-06-19 15:53:05.609703,True,121,True
[483],False,Sensor contact not supported,[124],2024-06-19 15:53:06.088852,True,122,True
[483],False,Sensor contact not supported,[124],2024-06-19 15:53:06.569267,True,123,True
[475],False,Sensor contact not supported,[126],2024-06-19 15:53:07.049802,True,123,True
[467],False,Sensor contact not supported,[128],2024-06-19 15:53:07.574647,True,125,True
[475],False,Sensor contact not supported,[126],2024-06-19 15:53:07.994230,True,125,True
[459],False,Sensor contact not supported,[130],2024-06-19 15:53:08.459452,True,127,True
[467],False,Sensor contact not supported,[128],2024-06-19 15:53:08.924193,True,127,True
[459],False,Sensor contact not supported,[130],2024-06-19 15:53:09.389295,True,128,True
[459],False,Sensor contact not supported,[130],2024-06-19 15:53:09.853743,True,128,True
[452],False,Sensor contact not supported,[132],2024-06-19 15:53:10.349510,True,130,True
[452],False,Sensor contact not supported,[132],2024-06-19 15:53:10.769527,True,130,True
[452],False,Sensor contact not supported,[132],2024-06-19 15:53:11.204080,True,131,True
[452],False,Sensor contact not supported,[132],2024-06-19 15:53:11.699515,True,131,True
[444],False,Sensor contact not supported,[135],2024-06-19 15:53:12.149323,True,132,True
[444],False,Sensor contact not supported,[135],2024-06-19 15:53:12.599466,True,133,True
[444],False,Sensor contact not supported,[135],2024-06-19 15:53:13.049111,True,133,True
[436],False,Sensor contact not supported,[137],2024-06-19 15:53:13.439066,True,134,True
[444],False,Sensor contact not supported,[135],2024-06-19 15:53:13.873923,True,134,True
[436],False,Sensor contact not supported,[137],2024-06-19 15:53:14.369746,True,135,True
[436],False,Sensor contact not supported,[137],2024-06-19 15:53:14.758912,True,136,True
[436],False,Sensor contact not supported,[137],2024-06-19 15:53:15.194266,True,136,True
[428],False,Sensor contact not supported,[140],2024-06-19 15:53:15.628713,True,137,True
[436],False,Sensor contact not supported,[137],2024-06-19 15:53:16.063914,True,137,True
[428],False,Sensor contact not supported,[140],2024-06-19 15:53:16.483812,True,138,True
[428],False,Sensor contact not supported,[140],2024-06-19 15:53:16.919213,True,138,True
[428],False,Sensor contact not supported,[140],2024-06-19 15:53:17.354602,True,139,True
[420],False,Sensor contact not supported,[142],2024-06-19 15:53:17.774516,True,140,True
[428],False,Sensor contact not supported,[140],2024-06-19 15:53:18.194556,True,140,True
[420],False,Sensor contact not supported,[142],2024-06-19 15:53:18.629650,True,140,True
[420],False,Sensor contact not supported,[142],2024-06-19 15:53:19.049031,True,141,True
[420],False,Sensor contact not supported,[142],2024-06-19 15:53:19.469499,True,141,True
[420],False,Sensor contact not supported,[142],2024-06-19 15:53:19.933866,True,141,True
[420],False,Sensor contact not supported,[142],2024-06-19 15:53:20.324513,True,142,True
[420],False,Sensor contact not supported,[142],2024-06-19 15:53:20.744546,True,142,True
[413],False,Sensor contact not supported,[145],2024-06-19 15:53:21.194156,True,143,True
[420],False,Sensor contact not supported,[142],2024-06-19 15:53:21.569015,True,142,True
[413],False,Sensor contact not supported,[145],2024-06-19 15:53:21.988782,True,143,True
[413],False,Sensor contact not supported,[145],2024-06-19 15:53:22.409383,True,143,True
[420],False,Sensor contact not supported,[142],2024-06-19 15:53:22.859460,True,143,True
[413],False,Sensor contact not supported,[145],2024-06-19 15:53:23.233845,True,143,True
[413],False,Sensor contact not supported,[145],2024-06-19 15:53:23.684102,True,144,True
[413],False,Sensor contact not supported,[145],2024-06-19 15:53:24.059591,True,144,True
[413],False,Sensor contact not supported,[145],2024-06-19 15:53:24.524459,True,144,True
[420],False,Sensor contact not supported,[142],2024-06-19 15:53:24.899395,True,144,True
[420],False,Sensor contact not supported,[142],2024-06-19 15:53:25.319767,True,143,True
[428],False,Sensor contact not supported,[140],2024-06-19 15:53:25.753982,True,142,True
[428],False,Sensor contact not supported,[140],2024-06-19 15:53:26.189633,True,141,True
[436],False,Sensor contact not supported,[137],2024-06-19 15:53:26.608943,True,140,True
[436],False,Sensor contact not supported,[137],2024-06-19 15:53:27.059539,True,139,True
[436],False,Sensor contact not supported,[137],2024-06-19 15:53:27.494444,True,138,True
[444],False,Sensor contact not supported,[135],2024-06-19 15:53:27.989195,True,137,True
[452],False,Sensor contact not supported,[132],2024-06-19 15:53:28.439724,True,136,True
[452],False,Sensor contact not supported,[132],2024-06-19 15:53:28.888842,True,135,True
[459],False,Sensor contact not supported,[130],2024-06-19 15:53:29.339101,True,133,True
[459],False,Sensor contact not supported,[130],2024-06-19 15:53:29.758893,True,132,True
[459],False,Sensor contact not supported,[130],2024-06-19 15:53:30.224664,True,131,True
[467],False,Sensor contact not supported,[128],2024-06-19 15:53:30.704116,True,130,True
[475],False,Sensor contact not supported,[126],2024-06-19 15:53:31.169168,True,129,True
[483],False,Sensor contact not supported,[124],2024-06-19 15:53:31.649700,True,127,True
[475],False,Sensor contact not supported,[126],2024-06-19 15:53:32.189594,True,127,True
[491],False,Sensor contact not supported,[122],2024-06-19 15:53:32.669165,True,125,True
[491],False,Sensor contact not supported,[122],2024-06-19 15:53:33.164516,True,124,True
[500],False,Sensor contact not supported,[120],2024-06-19 15:53:33.658991,True,123,True
[500],False,Sensor contact not supported,[120],2024-06-19 15:53:34.153878,True,122,True
[506],False,Sensor contact not supported,[118],2024-06-19 15:53:34.618961,True,121,True
[500],False,Sensor contact not supported,[120],2024-06-19 15:53:35.159087,True,120,True
[491],False,Sensor contact not supported,[122],2024-06-19 15:53:35.653839,True,121,True
[491],False,Sensor contact not supported,[122],2024-06-19 15:53:36.148870,True,121,True
[483],False,Sensor contact not supported,[124],2024-06-19 15:53:36.598831,True,122,True
[483],False,Sensor contact not supported,[124],2024-06-19 15:53:37.078894,True,122,True
[475],False,Sensor contact not supported,[126],2024-06-19 15:53:37.543877,True,123,True
[475],False,Sensor contact not supported,[126],2024-06-19 15:53:38.023995,True,124,True
[475],False,Sensor contact not supported,[126],2024-06-19 15:53:38.503826,True,124,True
[467],False,Sensor contact not supported,[128],2024-06-19 15:53:38.969577,True,125,True
[459],False,Sensor contact not supported,[130],2024-06-19 15:53:39.434037,True,127,True
[467],False,Sensor contact not supported,[128],2024-06-19 15:53:39.899607,True,127,True
[459],False,Sensor contact not supported,[130],2024-06-19 15:53:40.409218,True,128,True
[452],False,Sensor contact not supported,[132],2024-06-19 15:53:40.859154,True,129,True
[452],False,Sensor contact not supported,[132],2024-06-19 15:53:41.278884,True,130,True
[459],False,Sensor contact not supported,[130],2024-06-19 15:53:41.774739,True,130,True
[444],False,Sensor contact not supported,[135],2024-06-19 15:53:42.224743,True,131,True
[452],False,Sensor contact not supported,[132],2024-06-19 15:53:42.674031,True,132,True
[444],False,Sensor contact not supported,[135],2024-06-19 15:53:43.124126,True,132,True
[444],False,Sensor contact not supported,[135],2024-06-19 15:53:43.529117,True,133,True
[444],False,Sensor contact not supported,[135],2024-06-19 15:53:43.964327,True,133,True
[436],False,Sensor contact not supported,[137],2024-06-19 15:53:44.399509,True,134,True
[436],False,Sensor contact not supported,[137],2024-06-19 15:53:44.894222,True,135,True
[444],False,Sensor contact not supported,[135],2024-06-19 15:53:45.284341,True,135,True
[428],False,Sensor contact not supported,[140],2024-06-19 15:53:45.718744,True,136,True
[436],False,Sensor contact not supported,[137],2024-06-19 15:53:46.154144,True,137,True
[436],False,Sensor contact not supported,[137],2024-06-19 15:53:46.588916,True,137,True
[428],False,Sensor contact not supported,[140],2024-06-19 15:53:47.023711,True,137,True
[428],False,Sensor contact not supported,[140],2024-06-19 15:53:47.444363,True,138,True
[428],False,Sensor contact not supported,[140],2024-06-19 15:53:47.879372,True,138,True
[428],False,Sensor contact not supported,[140],2024-06-19 15:53:48.314345,True,139,True
[420],False,Sensor contact not supported,[142],2024-06-19 15:53:48.733834,True,140,True
[428],False,Sensor contact not supported,[140],2024-06-19 15:53:49.169195,True,140,True
[420],False,Sensor contact not supported,[142],2024-06-19 15:53:49.588866,True,140,True
[428],False,Sensor contact not supported,[140],2024-06-19 15:53:50.009726,True,140,True
[420],False,Sensor contact not supported,[142],2024-06-19 15:53:50.429187,True,141,True
[413],False,Sensor contact not supported,[145],2024-06-19 15:53:50.849484,True,142,True
[420],False,Sensor contact not supported,[142],2024-06-19 15:53:51.328756,True,142,True
[420],False,Sensor contact not supported,[142],2024-06-19 15:53:51.703913,True,142,True
[420],False,Sensor contact not supported,[142],2024-06-19 15:53:52.154078,True,142,True
[413],False,Sensor contact not supported,[145],2024-06-19 15:53:52.528927,True,143,True
[413],False,Sensor contact not supported,[145],2024-06-19 15:53:52.993788,True,143,True
[420],False,Sensor contact not supported,[142],2024-06-19 15:53:53.368724,True,143,True
[413],False,Sensor contact not supported,[145],2024-06-19 15:53:53.774329,True,143,True
[413],False,Sensor contact not supported,[145],2024-06-19 15:53:54.194190,True,144,True
[413],False,Sensor contact not supported,[145],2024-06-19 15:53:54.644184,True,144,True
[405],False,Sensor contact not supported,[148],2024-06-19 15:53:55.019322,True,145,True
[420],False,Sensor contact not supported,[142],2024-06-19 15:53:55.439074,True,144,True
[413],False,Sensor contact not supported,[145],2024-06-19 15:53:55.859519,True,144,True
[428],False,Sensor contact not supported,[140],2024-06-19 15:53:56.278924,True,143,True
[420],False,Sensor contact not supported,[142],2024-06-19 15:53:56.714007,True,143,True
[428],False,Sensor contact not supported,[140],2024-06-19 15:53:57.134372,True,142,True
[428],False,Sensor contact not supported,[140],2024-06-19 15:53:57.568786,True,141,True
[436],False,Sensor contact not supported,[137],2024-06-19 15:53:58.004574,True,140,True
[436],False,Sensor contact not supported,[137],2024-06-19 15:53:58.439352,True,139,True
[444],False,Sensor contact not supported,[135],2024-06-19 15:53:58.934469,True,137,True
[444],False,Sensor contact not supported,[135],2024-06-19 15:53:59.384391,True,137,True
[452],False,Sensor contact not supported,[132],2024-06-19 15:53:59.789032,True,135,True
[452],False,Sensor contact not supported,[132],2024-06-19 15:54:00.284425,True,134,True
[459],False,Sensor contact not supported,[130],2024-06-19 15:54:00.703679,True,133,True
[467],False,Sensor contact not supported,[128],2024-06-19 15:54:01.199435,True,131,True
[459],False,Sensor contact not supported,[130],2024-06-19 15:54:01.633906,True,131,True
[475],False,Sensor contact not supported,[126],2024-06-19 15:54:02.098792,True,129,True
[475],False,Sensor contact not supported,[126],2024-06-19 15:54:02.579724,True,128,True
[483],False,Sensor contact not supported,[124],2024-06-19 15:54:03.059263,True,127,True
[483],False,Sensor contact not supported,[124],2024-06-19 15:54:03.539338,True,126,True
[491],False,Sensor contact not supported,[122],2024-06-19 15:54:04.079314,True,125,True
[491],False,Sensor contact not supported,[122],2024-06-19 15:54:04.574235,True,124,True
[500],False,Sensor contact not supported,[120],2024-06-19 15:54:05.038864,True,122,True
[506],False,Sensor contact not supported,[118],2024-06-19 15:54:05.534505,True,121,True
[500],False,Sensor contact not supported,[120],2024-06-19 15:54:06.074282,True,121,True
[491],False,Sensor contact not supported,[122],2024-06-19 15:54:06.569486,True,121,True
[491],False,Sensor contact not supported,[122],2024-06-19 15:54:07.064460,True,121,True
[491],False,Sensor contact not supported,[122],2024-06-19 15:54:07.559629,True,121,True
[475],False,Sensor contact not supported,[126],2024-06-19 15:54:07.994089,True,123,True
[483],False,Sensor contact not supported,[124],2024-06-19 15:54:08.473709,True,123,True
[475],False,Sensor contact not supported,[126],2024-06-19 15:54:08.954308,True,124,True
[467],False,Sensor contact not supported,[128],2024-06-19 15:54:09.464297,True,125,True
[467],False,Sensor contact not supported,[128],2024-06-19 15:54:09.929382,True,126,True
[467],False,Sensor contact not supported,[128],2024-06-19 15:54:10.349325,True,126,True
[459],False,Sensor contact not supported,[130],2024-06-19 15:54:10.859670,True,127,True
[459],False,Sensor contact not supported,[130],2024-06-19 15:54:11.278785,True,128,True
[459],False,Sensor contact not supported,[130],2024-06-19 15:54:11.744339,True,129,True
[452],False,Sensor contact not supported,[132],2024-06-19 15:54:12.238869,True,130,True
[452],False,Sensor contact not supported,[132],2024-06-19 15:54:12.659391,True,130,True
[452],False,Sensor contact not supported,[132],2024-06-19 15:54:13.094322,True,131,True
[452],False,Sensor contact not supported,[132],2024-06-19 15:54:13.589426,True,131,True
[444],False,Sensor contact not supported,[135],2024-06-19 15:54:14.039457,True,132,True
[444],False,Sensor contact not supported,[135],2024-06-19 15:54:14.488834,True,133,True
[444],False,Sensor contact not supported,[135],2024-06-19 15:54:14.939495,True,133,True
[436],False,Sensor contact not supported,[137],2024-06-19 15:54:15.328862,True,134,True
[444],False,Sensor contact not supported,[135],2024-06-19 15:54:15.779373,True,134,True
[436],False,Sensor contact not supported,[137],2024-06-19 15:54:16.214063,True,135,True
[436],False,Sensor contact not supported,[137],2024-06-19 15:54:16.693834,True,136,True
[428],False,Sensor contact not supported,[140],2024-06-19 15:54:17.084580,True,137,True
[436],False,Sensor contact not supported,[137],2024-06-19 15:54:17.519557,True,137,True
[428],False,Sensor contact not supported,[140],2024-06-19 15:54:17.954465,True,138,True
[428],False,Sensor contact not supported,[140],2024-06-19 15:54:18.374419,True,138,True
[428],False,Sensor contact not supported,[140],2024-06-19 15:54:18.809380,True,139,True
[428],False,Sensor contact not supported,[140],2024-06-19 15:54:19.259570,True,139,True
[428],False,Sensor contact not supported,[140],2024-06-19 15:54:19.708688,True,139,True
[428],False,Sensor contact not supported,[140],2024-06-19 15:54:20.083933,True,139,True
[420],False,Sensor contact not supported,[142],2024-06-19 15:54:20.519139,True,140,True
[420],False,Sensor contact not supported,[142],2024-06-19 15:54:20.938803,True,141,True
[420],False,Sensor contact not supported,[142],2024-06-19 15:54:21.359544,True,141,True
[420],False,Sensor contact not supported,[142],2024-06-19 15:54:21.779088,True,141,True
[420],False,Sensor contact not supported,[142],2024-06-19 15:54:22.214046,True,142,True
[420],False,Sensor contact not supported,[142],2024-06-19 15:54:22.664576,True,142,True
[413],False,Sensor contact not supported,[145],2024-06-19 15:54:23.083891,True,143,True
[420],False,Sensor contact not supported,[142],2024-06-19 15:54:23.459010,True,142,True
[413],False,Sensor contact not supported,[145],2024-06-19 15:54:23.878754,True,143,True
[413],False,Sensor contact not supported,[145],2024-06-19 15:54:24.344172,True,143,True
[413],False,Sensor contact not supported,[145],2024-06-19 15:54:24.748882,True,144,True
[413],False,Sensor contact not supported,[145],2024-06-19 15:54:25.123787,True,144,True
[413],False,Sensor contact not supported,[145],2024-06-19 15:54:25.573836,True,144,True
[413],False,Sensor contact not supported,[145],2024-06-19 15:54:25.948991,True,144,True
[413],False,Sensor contact not supported,[145],2024-06-19 15:54:26.368989,True,144,True
[420],False,Sensor contact not supported,[142],2024-06-19 15:54:26.789408,True,144,True
[420],False,Sensor contact not supported,[142],2024-06-19 15:54:27.208983,True,143,True
[420],False,Sensor contact not supported,[142],2024-06-19 15:54:27.628740,True,143,True
[428],False,Sensor contact not supported,[140],2024-06-19 15:54:28.064100,True,142,True
[436],False,Sensor contact not supported,[137],2024-06-19 15:54:28.529034,True,140,True
[428],False,Sensor contact not supported,[140],2024-06-19 15:54:28.979272,True,140,True
[436],False,Sensor contact not supported,[137],2024-06-19 15:54:29.369402,True,139,True
[444],False,Sensor contact not supported,[135],2024-06-19 15:54:29.804604,True,138,True
[444],False,Sensor contact not supported,[135],2024-06-19 15:54:30.299544,True,137,True
[452],False,Sensor contact not supported,[132],2024-06-19 15:54:30.749534,True,135,True
[452],False,Sensor contact not supported,[132],2024-06-19 15:54:31.198934,True,134,True
[459],False,Sensor contact not supported,[130],2024-06-19 15:54:31.618842,True,133,True
[459],False,Sensor contact not supported,[130],2024-06-19 15:54:32.114546,True,132,True
[467],False,Sensor contact not supported,[128],2024-06-19 15:54:32.549299,True,131,True
[467],False,Sensor contact not supported,[128],2024-06-19 15:54:33.014287,True,130,True
[475],False,Sensor contact not supported,[126],2024-06-19 15:54:33.494497,True,129,True
[483],False,Sensor contact not supported,[124],2024-06-19 15:54:33.974232,True,127,True
[483],False,Sensor contact not supported,[124],2024-06-19 15:54:34.454040,True,126,True
[491],False,Sensor contact not supported,[122],2024-06-19 15:54:34.994292,True,125,True
[491],False,Sensor contact not supported,[122],2024-06-19 15:54:35.489016,True,124,True
[500],False,Sensor contact not supported,[120],2024-06-19 15:54:35.984554,True,122,True
[506],False,Sensor contact not supported,[118],2024-06-19 15:54:36.494031,True,121,True
[500],False,Sensor contact not supported,[120],2024-06-19 15:54:36.989531,True,121,True
[491],False,Sensor contact not supported,[122],2024-06-19 15:54:37.484475,True,121,True
[491],False,Sensor contact not supported,[122],2024-06-19 15:54:37.978669,True,121,True
[491],False,Sensor contact not supported,[122],2024-06-19 15:54:38.474103,True,121,True
[483],False,Sensor contact not supported,[124],2024-06-19 15:54:38.909584,True,122,True
[475],False,Sensor contact not supported,[126],2024-06-19 15:54:39.389618,True,123,True
[475],False,Sensor contact not supported,[126],2024-06-19 15:54:39.869575,True,124,True
[475],False,Sensor contact not supported,[126],2024-06-19 15:54:40.334486,True,124,True
[467],False,Sensor contact not supported,[128],2024-06-19 15:54:40.813983,True,125,True
[467],False,Sensor contact not supported,[128],2024-06-19 15:54:41.278772,True,126,True
[459],False,Sensor contact not supported,[130],2024-06-19 15:54:41.743810,True,127,True
[459],False,Sensor contact not supported,[130],2024-06-19 15:54:42.238639,True,128,True
[459],False,Sensor contact not supported,[130],2024-06-19 15:54:42.658672,True,129,True
[452],False,Sensor contact not supported,[132],2024-06-19 15:54:43.154256,True,130,True
[452],False,Sensor contact not supported,[132],2024-06-19 15:54:43.573883,True,130,True
[452],False,Sensor contact not supported,[132],2024-06-19 15:54:44.069510,True,131,True
[452],False,Sensor contact not supported,[132],2024-06-19 15:54:44.518949,True,131,True
[444],False,Sensor contact not supported,[135],2024-06-19 15:54:44.969521,True,132,True
[444],False,Sensor contact not supported,[135],2024-06-19 15:54:45.358770,True,133,True
[444],False,Sensor contact not supported,[135],2024-06-19 15:54:45.853967,True,133,True
[436],False,Sensor contact not supported,[137],2024-06-19 15:54:46.304472,True,134,True
[444],False,Sensor contact not supported,[135],2024-06-19 15:54:46.694627,True,134,True
[436],False,Sensor contact not supported,[137],2024-06-19 15:54:47.128967,True,135,True
[436],False,Sensor contact not supported,[137],2024-06-19 15:54:47.564477,True,136,True
[436],False,Sensor contact not supported,[137],2024-06-19 15:54:48.014579,True,136,True
[428],False,Sensor contact not supported,[140],2024-06-19 15:54:48.433878,True,137,True
[428],False,Sensor contact not supported,[140],2024-06-19 15:54:48.868785,True,138,True
[436],False,Sensor contact not supported,[137],2024-06-19 15:54:49.303870,True,137,True
[428],False,Sensor contact not supported,[140],2024-06-19 15:54:49.724349,True,138,True
[420],False,Sensor contact not supported,[142],2024-06-19 15:54:50.159735,True,139,True
[428],False,Sensor contact not supported,[140],2024-06-19 15:54:50.594645,True,139,True
[428],False,Sensor contact not supported,[140],2024-06-19 15:54:51.013993,True,139,True
[420],False,Sensor contact not supported,[142],2024-06-19 15:54:51.433954,True,140,True
[420],False,Sensor contact not supported,[142],2024-06-19 15:54:51.869212,True,141,True
[420],False,Sensor contact not supported,[142],2024-06-19 15:54:52.289231,True,141,True
[420],False,Sensor contact not supported,[142],2024-06-19 15:54:52.708738,True,141,True
[420],False,Sensor contact not supported,[142],2024-06-19 15:54:53.128894,True,142,True
[420],False,Sensor contact not supported,[142],2024-06-19 15:54:53.549583,True,142,True
[413],False,Sensor contact not supported,[145],2024-06-19 15:54:53.969258,True,143,True
[420],False,Sensor contact not supported,[142],2024-06-19 15:54:54.419053,True,142,True
[413],False,Sensor contact not supported,[145],2024-06-19 15:54:54.808848,True,143,True
[413],False,Sensor contact not supported,[145],2024-06-19 15:54:55.259525,True,143,True
[413],False,Sensor contact not supported,[145],2024-06-19 15:54:55.633729,True,144,True
[413],False,Sensor contact not supported,[145],2024-06-19 15:54:56.083924,True,144,True
[413],False,Sensor contact not supported,[145],2024-06-19 15:54:56.458869,True,144,True
[413],False,Sensor contact not supported,[145],2024-06-19 15:54:56.878824,True,144,True
[413],False,Sensor contact not supported,[145],2024-06-19 15:54:57.328934,True,144,True
[420],False,Sensor contact not supported,[142],2024-06-19 15:54:57.704163,True,144,True
[420],False,Sensor contact not supported,[142],2024-06-19 15:54:58.124328,True,143,True
[420],False,Sensor contact not supported,[142],2024-06-19 15:54:58.559021,True,143,True
[428],False,Sensor contact not supported,[140],2024-06-19 15:54:58.979119,True,142,True
[428],False,Sensor contact not supported,[140],2024-06-19 15:54:59.414454,True,141,True
[436],False,Sensor contact not supported,[137],2024-06-19 15:54:59.849015,True,140,True
[436],False,Sensor contact not supported,[137],2024-06-19 15:55:00.283975,True,139,True
[444],False,Sensor contact not supported,[135],2024-06-19 15:55:00.779195,True,138,True
[444],False,Sensor contact not supported,[135],2024-06-19 15:55:01.228856,True,137,True
[452],False,Sensor contact not supported,[132],2024-06-19 15:55:01.619187,True,135,True
[452],False,Sensor contact not supported,[132],2024-06-19 15:55:02.084018,True,134,True
[459],False,Sensor contact not supported,[130],2024-06-19 15:55:02.533737,True,133,True
[459],False,Sensor contact not supported,[130],2024-06-19 15:55:02.999505,True,132,True
[467],False,Sensor contact not supported,[128],2024-06-19 15:55:03.463671,True,131,True
[467],False,Sensor contact not supported,[128],2024-06-19 15:55:03.929129,True,130,True
[475],False,Sensor contact not supported,[126],2024-06-19 15:55:04.409373,True,129,True
[483],False,Sensor contact not supported,[124],2024-06-19 15:55:04.903835,True,127,True
[483],False,Sensor contact not supported,[124],2024-06-19 15:55:05.384260,True,126,True
[483],False,Sensor contact not supported,[124],2024-06-19 15:55:05.924027,True,125,True
[500],False,Sensor contact not supported,[120],2024-06-19 15:55:06.359615,True,124,True
[500],False,Sensor contact not supported,[120],2024-06-19 15:55:06.869333,True,122,True
[500],False,Sensor contact not supported,[120],2024-06-19 15:55:07.408860,True,122,True
[500],False,Sensor contact not supported,[120],2024-06-19 15:55:07.873860,True,121,True
[500],False,Sensor contact not supported,[120],2024-06-19 15:55:08.413667,True,121,True
[491],False,Sensor contact not supported,[122],2024-06-19 15:55:08.908782,True,121,True
[483],False,Sensor contact not supported,[124],2024-06-19 15:55:09.344212,True,122,True
[483],False,Sensor contact not supported,[124],2024-06-19 15:55:09.824553,True,122,True
[483],False,Sensor contact not supported,[124],2024-06-19 15:55:10.303686,True,123,True
[475],False,Sensor contact not supported,[126],2024-06-19 15:55:10.784362,True,124,True
[475],False,Sensor contact not supported,[126],2024-06-19 15:55:11.263837,True,124,True
[467],False,Sensor contact not supported,[128],2024-06-19 15:55:11.729539,True,125,True
[467],False,Sensor contact not supported,[128],2024-06-19 15:55:12.194008,True,126,True
[459],False,Sensor contact not supported,[130],2024-06-19 15:55:12.704525,True,127,True
[459],False,Sensor contact not supported,[130],2024-06-19 15:55:13.124010,True,128,True
[459],False,Sensor contact not supported,[130],2024-06-19 15:55:13.588967,True,129,True
[452],False,Sensor contact not supported,[132],2024-06-19 15:55:14.083913,True,130,True
[452],False,Sensor contact not supported,[132],2024-06-19 15:55:14.503763,True,130,True
[452],False,Sensor contact not supported,[132],2024-06-19 15:55:14.998674,True,131,True
[452],False,Sensor contact not supported,[132],2024-06-19 15:55:15.404109,True,131,True
[444],False,Sensor contact not supported,[135],2024-06-19 15:55:15.899237,True,132,True
[444],False,Sensor contact not supported,[135],2024-06-19 15:55:16.289609,True,133,True
[444],False,Sensor contact not supported,[135],2024-06-19 15:55:16.783960,True,133,True
[444],False,Sensor contact not supported,[135],2024-06-19 15:55:17.174001,True,134,True
[436],False,Sensor contact not supported,[137],2024-06-19 15:55:17.609008,True,135,True
[436],False,Sensor contact not supported,[137],2024-06-19 15:55:18.103719,True,135,True
[436],False,Sensor contact not supported,[137],2024-06-19 15:55:18.494272,True,136,True
[436],False,Sensor contact not supported,[137],2024-06-19 15:55:18.929389,True,136,True
[436],False,Sensor contact not supported,[137],2024-06-19 15:55:19.364195,True,136,True
[428],False,Sensor contact not supported,[140],2024-06-19 15:55:19.798748,True,137,True
[428],False,Sensor contact not supported,[140],2024-06-19 15:55:20.234418,True,138,True
[428],False,Sensor contact not supported,[140],2024-06-19 15:55:20.653998,True,138,True
[428],False,Sensor contact not supported,[140],2024-06-19 15:55:21.089227,True,139,True
[428],False,Sensor contact not supported,[140],2024-06-19 15:55:21.509289,True,139,True
[420],False,Sensor contact not supported,[142],2024-06-19 15:55:21.944265,True,140,True
[428],False,Sensor contact not supported,[140],2024-06-19 15:55:22.363682,True,140,True
[420],False,Sensor contact not supported,[142],2024-06-19 15:55:22.798684,True,140,True
[420],False,Sensor contact not supported,[142],2024-06-19 15:55:23.218703,True,141,True
[420],False,Sensor contact not supported,[142],2024-06-19 15:55:23.638866,True,141,True
[420],False,Sensor contact not supported,[142],2024-06-19 15:55:24.058840,True,141,True
[420],False,Sensor contact not supported,[142],2024-06-19 15:55:24.479477,True,142,True
[413],False,Sensor contact not supported,[145],2024-06-19 15:55:24.898685,True,142,True
[420],False,Sensor contact not supported,[142],2024-06-19 15:55:25.319566,True,142,True
[413],False,Sensor contact not supported,[145],2024-06-19 15:55:25.739247,True,143,True
[413],False,Sensor contact not supported,[145],2024-06-19 15:55:26.189582,True,143,True
[420],False,Sensor contact not supported,[142],2024-06-19 15:55:26.564177,True,143,True
[413],False,Sensor contact not supported,[145],2024-06-19 15:55:27.014091,True,143,True
[405],False,Sensor contact not supported,[148],2024-06-19 15:55:27.388773,True,145,True
[413],False,Sensor contact not supported,[145],2024-06-19 15:55:27.809454,True,145,True
[413],False,Sensor contact not supported,[145],2024-06-19 15:55:28.259193,True,145,True
[420],False,Sensor contact not supported,[142],2024-06-19 15:55:28.633854,True,144,True
[420],False,Sensor contact not supported,[142],2024-06-19 15:55:29.054292,True,143,True
[420],False,Sensor contact not supported,[142],2024-06-19 15:55:29.488811,True,143,True
[428],False,Sensor contact not supported,[140],2024-06-19 15:55:29.909606,True,142,True
[428],False,Sensor contact not supported,[140],2024-06-19 15:55:30.358868,True,141,True
[436],False,Sensor contact not supported,[137],2024-06-19 15:55:30.779054,True,140,True
[436],False,Sensor contact not supported,[137],2024-06-19 15:55:31.214011,True,139,True
[444],False,Sensor contact not supported,[135],2024-06-19 15:55:31.649211,True,138,True
[444],False,Sensor contact not supported,[135],2024-06-19 15:55:32.143840,True,137,True
[444],False,Sensor contact not supported,[135],2024-06-19 15:55:32.594265,True,136,True
[459],False,Sensor contact not supported,[130],2024-06-19 15:55:33.043883,True,134,True
[452],False,Sensor contact not supported,[132],2024-06-19 15:55:33.463778,True,133,True
[459],False,Sensor contact not supported,[130],2024-06-19 15:55:33.928924,True,132,True
[467],False,Sensor contact not supported,[128],2024-06-19 15:55:34.394598,True,131,True
[467],False,Sensor contact not supported,[128],2024-06-19 15:55:34.859333,True,130,True
[475],False,Sensor contact not supported,[126],2024-06-19 15:55:35.339090,True,129,True
[483],False,Sensor contact not supported,[124],2024-06-19 15:55:35.819470,True,127,True
[483],False,Sensor contact not supported,[124],2024-06-19 15:55:36.299564,True,126,True
[483],False,Sensor contact not supported,[124],2024-06-19 15:55:36.838769,True,125,True
[500],False,Sensor contact not supported,[120],2024-06-19 15:55:37.334293,True,124,True
[491],False,Sensor contact not supported,[122],2024-06-19 15:55:37.829049,True,123,True
[506],False,Sensor contact not supported,[118],2024-06-19 15:55:38.294321,True,121,True
[506],False,Sensor contact not supported,[118],2024-06-19 15:55:38.834583,True,120,True
[500],False,Sensor contact not supported,[120],2024-06-19 15:55:39.325296,True,120,True
