timestamp_received,hr,sensor_contact,rr,ee_status,rr_interval,rr_hr,hrv_uint8
2024-07-11 15:51:19.459057,163,Sensor contact not supported,[366],False,True,[163],True
2024-07-11 15:51:19.775224,164,Sensor contact not supported,[342],False,True,[175],True
2024-07-11 15:51:20.134196,166,Sensor contact not supported,[327],False,True,[183],True
2024-07-11 15:51:20.494482,165,Sensor contact not supported,[366],False,True,[163],True
2024-07-11 15:51:20.854391,167,Sensor contact not supported,[358],False,True,[167],True
2024-07-11 15:51:21.184467,167,Sensor contact not supported,[358],False,True,[167],True
2024-07-11 15:51:21.559868,166,Sensor contact not supported,[366],False,True,[163],True
2024-07-11 15:51:21.964348,166,Sensor contact not supported,[358],False,True,[167],True
2024-07-11 15:51:22.324084,166,Sensor contact not supported,[358],False,True,[167],True
2024-07-11 15:51:22.684148,165,Sensor contact not supported,[366],False,True,[163],True
2024-07-11 15:51:23.059921,166,Sensor contact not supported,[358],False,True,[167],True
2024-07-11 15:51:23.419364,166,Sensor contact not supported,[358],False,True,[167],True
2024-07-11 15:51:23.778984,165,Sensor contact not supported,[366],False,True,[163],True
2024-07-11 15:51:24.139608,166,Sensor contact not supported,[358],False,True,[167],True
2024-07-11 15:51:24.498969,166,Sensor contact not supported,[358],False,True,[167],True
2024-07-11 15:51:25.953936,166,Sensor contact not supported,[1327],False,True,[45],True
2024-07-11 15:51:26.314300,166,Sensor contact not supported,[483],False,True,[124],True
2024-07-11 15:51:26.674472,166,Sensor contact not supported,[358],False,True,[167],True
2024-07-11 15:51:27.034724,165,Sensor contact not supported,[366],False,True,[163],True
2024-07-11 15:51:27.349695,166,Sensor contact not supported,[358],False,True,[167],True
2024-07-11 15:51:27.754325,166,Sensor contact not supported,[358],False,True,[167],True
2024-07-11 15:51:28.084705,165,Sensor contact not supported,[366],False,True,[163],True
2024-07-11 15:51:28.489185,166,Sensor contact not supported,[358],False,True,[167],True
2024-07-11 15:51:28.849361,166,Sensor contact not supported,[358],False,True,[167],True
2024-07-11 15:51:29.209346,165,Sensor contact not supported,[366],False,True,[163],True
2024-07-11 15:51:29.569292,166,Sensor contact not supported,[358],False,True,[167],True
2024-07-11 15:51:29.899338,166,Sensor contact not supported,[358],False,True,[167],True
2024-07-11 15:51:30.319221,165,Sensor contact not supported,[366],False,True,[163],True
2024-07-11 15:51:30.679152,166,Sensor contact not supported,[358],False,True,[167],True
2024-07-11 15:51:31.039017,166,Sensor contact not supported,[358],False,True,[167],True
2024-07-11 15:51:31.399817,165,Sensor contact not supported,[366],False,True,[163],True
2024-07-11 15:51:31.759247,166,Sensor contact not supported,[358],False,True,[167],True
2024-07-11 15:51:32.119629,166,Sensor contact not supported,[358],False,True,[167],True
2024-07-11 15:51:32.478991,165,Sensor contact not supported,[366],False,True,[163],True
2024-07-11 15:51:32.839427,166,Sensor contact not supported,[358],False,True,[167],True
2024-07-11 15:51:33.169810,166,Sensor contact not supported,[358],False,True,[167],True
2024-07-11 15:51:33.574200,165,Sensor contact not supported,[366],False,True,[163],True
2024-07-11 15:51:33.934634,166,Sensor contact not supported,[358],False,True,[167],True
2024-07-11 15:51:34.294433,166,Sensor contact not supported,[358],False,True,[167],True
2024-07-11 15:51:34.654762,165,Sensor contact not supported,[366],False,True,[163],True
2024-07-11 15:51:34.998949,166,Sensor contact not supported,[358],False,True,[167],True
2024-07-11 15:51:35.344092,166,Sensor contact not supported,[358],False,True,[167],True
2024-07-11 15:51:35.749821,165,Sensor contact not supported,[366],False,True,[163],True
2024-07-11 15:51:36.109080,166,Sensor contact not supported,[358],False,True,[167],True
2024-07-11 15:51:36.469425,166,Sensor contact not supported,[358],False,True,[167],True
2024-07-11 15:51:36.828997,165,Sensor contact not supported,[366],False,True,[163],True
2024-07-11 15:51:37.159559,166,Sensor contact not supported,[358],False,True,[167],True
2024-07-11 15:51:37.519734,166,Sensor contact not supported,[358],False,True,[167],True
2024-07-11 15:51:37.879166,165,Sensor contact not supported,[366],False,True,[163],True
2024-07-11 15:51:38.284007,166,Sensor contact not supported,[358],False,True,[167],True
2024-07-11 15:51:38.644104,166,Sensor contact not supported,[358],False,True,[167],True
2024-07-11 15:51:39.004858,165,Sensor contact not supported,[366],False,True,[163],True
2024-07-11 15:51:39.363995,166,Sensor contact not supported,[358],False,True,[167],True
2024-07-11 15:51:39.724120,166,Sensor contact not supported,[358],False,True,[167],True
2024-07-11 15:51:40.084315,165,Sensor contact not supported,[366],False,True,[163],True
2024-07-11 15:51:40.414496,166,Sensor contact not supported,[358],False,True,[167],True
2024-07-11 15:51:40.819586,166,Sensor contact not supported,[358],False,True,[167],True
2024-07-11 15:51:41.179244,165,Sensor contact not supported,[366],False,True,[163],True
2024-07-11 15:51:41.539536,166,Sensor contact not supported,[358],False,True,[167],True
2024-07-11 15:51:41.899781,166,Sensor contact not supported,[358],False,True,[167],True
2024-07-11 15:51:42.259521,165,Sensor contact not supported,[366],False,True,[163],True
2024-07-11 15:51:42.619305,166,Sensor contact not supported,[358],False,True,[167],True
2024-07-11 15:51:42.979515,166,Sensor contact not supported,[358],False,True,[167],True
2024-07-11 15:51:43.339449,165,Sensor contact not supported,[366],False,True,[163],True
2024-07-11 15:51:43.669210,166,Sensor contact not supported,[358],False,True,[167],True
2024-07-11 15:51:44.074780,166,Sensor contact not supported,[358],False,True,[167],True
2024-07-11 15:51:44.434041,165,Sensor contact not supported,[366],False,True,[163],True
2024-07-11 15:51:44.749540,166,Sensor contact not supported,[358],False,True,[167],True
2024-07-11 15:51:45.154334,166,Sensor contact not supported,[358],False,True,[167],True
2024-07-11 15:51:45.514560,165,Sensor contact not supported,[366],False,True,[163],True
2024-07-11 15:51:45.843847,166,Sensor contact not supported,[358],False,True,[167],True
2024-07-11 15:51:46.248986,166,Sensor contact not supported,[358],False,True,[167],True
2024-07-11 15:51:46.609083,165,Sensor contact not supported,[366],False,True,[163],True
2024-07-11 15:51:46.969703,166,Sensor contact not supported,[358],False,True,[167],True
2024-07-11 15:51:47.329039,166,Sensor contact not supported,[358],False,True,[167],True
2024-07-11 15:51:47.689670,165,Sensor contact not supported,[366],False,True,[163],True
2024-07-11 15:51:48.049059,166,Sensor contact not supported,[358],False,True,[167],True
2024-07-11 15:51:48.378912,165,Sensor contact not supported,[366],False,True,[163],True
2024-07-11 15:51:48.738973,165,Sensor contact not supported,[358],False,True,[167],True
2024-07-11 15:51:49.144589,166,Sensor contact not supported,[358],False,True,[167],True
2024-07-11 15:51:49.504120,165,Sensor contact not supported,[366],False,True,[163],True
2024-07-11 15:51:49.864665,165,Sensor contact not supported,[358],False,True,[167],True
2024-07-11 15:51:50.224511,166,Sensor contact not supported,[358],False,True,[167],True
2024-07-11 15:51:50.583928,165,Sensor contact not supported,[366],False,True,[163],True
2024-07-11 15:51:50.944555,166,Sensor contact not supported,[358],False,True,[167],True
2024-07-11 15:51:51.274017,166,Sensor contact not supported,[358],False,True,[167],True
2024-07-11 15:51:51.679122,165,Sensor contact not supported,[366],False,True,[163],True
2024-07-11 15:51:52.039223,166,Sensor contact not supported,[358],False,True,[167],True
2024-07-11 15:51:52.399138,166,Sensor contact not supported,[358],False,True,[167],True
2024-07-11 15:51:52.759201,165,Sensor contact not supported,[366],False,True,[163],True
2024-07-11 15:51:53.119184,166,Sensor contact not supported,[358],False,True,[167],True
2024-07-11 15:51:53.479189,166,Sensor contact not supported,[358],False,True,[167],True
2024-07-11 15:51:53.839140,165,Sensor contact not supported,[366],False,True,[163],True
2024-07-11 15:51:54.199624,166,Sensor contact not supported,[358],False,True,[167],True
2024-07-11 15:51:54.529060,166,Sensor contact not supported,[358],False,True,[167],True
2024-07-11 15:51:54.934223,165,Sensor contact not supported,[366],False,True,[163],True
2024-07-11 15:51:55.294657,166,Sensor contact not supported,[358],False,True,[167],True
2024-07-11 15:51:55.654251,166,Sensor contact not supported,[358],False,True,[167],True
2024-07-11 15:51:56.013983,165,Sensor contact not supported,[366],False,True,[163],True
2024-07-11 15:51:56.374677,166,Sensor contact not supported,[358],False,True,[167],True
2024-07-11 15:51:56.703953,166,Sensor contact not supported,[358],False,True,[167],True
2024-07-11 15:51:57.109342,165,Sensor contact not supported,[366],False,True,[163],True
2024-07-11 15:51:57.469631,166,Sensor contact not supported,[358],False,True,[167],True
2024-07-11 15:51:57.829408,166,Sensor contact not supported,[358],False,True,[167],True
2024-07-11 15:51:58.189323,165,Sensor contact not supported,[366],False,True,[163],True
2024-07-11 15:51:58.549247,166,Sensor contact not supported,[358],False,True,[167],True
2024-07-11 15:51:58.909104,166,Sensor contact not supported,[358],False,True,[167],True
2024-07-11 15:51:59.269518,165,Sensor contact not supported,[366],False,True,[163],True
2024-07-11 15:51:59.629375,166,Sensor contact not supported,[358],False,True,[167],True
2024-07-11 15:51:59.959577,166,Sensor contact not supported,[358],False,True,[167],True
2024-07-11 15:52:00.364521,165,Sensor contact not supported,[366],False,True,[163],True
2024-07-11 15:52:00.724626,166,Sensor contact not supported,[358],False,True,[167],True
2024-07-11 15:52:01.084364,166,Sensor contact not supported,[358],False,True,[167],True
2024-07-11 15:52:01.444131,165,Sensor contact not supported,[366],False,True,[163],True
2024-07-11 15:52:01.819189,166,Sensor contact not supported,[358],False,True,[167],True
2024-07-11 15:52:02.179564,166,Sensor contact not supported,[358],False,True,[167],True
2024-07-11 15:52:02.538944,165,Sensor contact not supported,[366],False,True,[163],True
2024-07-11 15:52:02.898961,166,Sensor contact not supported,[358],False,True,[167],True
2024-07-11 15:52:03.258943,166,Sensor contact not supported,[358],False,True,[167],True
2024-07-11 15:52:03.619601,165,Sensor contact not supported,[366],False,True,[163],True
2024-07-11 15:52:03.979416,166,Sensor contact not supported,[358],False,True,[167],True
2024-07-11 15:52:04.338820,166,Sensor contact not supported,[358],False,True,[167],True
2024-07-11 15:52:04.699537,165,Sensor contact not supported,[366],False,True,[163],True
2024-07-11 15:52:05.029168,166,Sensor contact not supported,[358],False,True,[167],True
2024-07-11 15:52:05.434073,166,Sensor contact not supported,[358],False,True,[167],True
2024-07-11 15:52:05.794710,165,Sensor contact not supported,[366],False,True,[163],True
2024-07-11 15:52:06.154609,166,Sensor contact not supported,[358],False,True,[167],True
2024-07-11 15:52:06.514592,166,Sensor contact not supported,[358],False,True,[167],True
2024-07-11 15:52:06.874449,165,Sensor contact not supported,[366],False,True,[163],True
2024-07-11 15:52:07.204543,166,Sensor contact not supported,[358],False,True,[167],True
2024-07-11 15:52:07.624161,166,Sensor contact not supported,[358],False,True,[167],True
2024-07-11 15:52:07.924864,165,Sensor contact not supported,[366],False,True,[163],True
2024-07-11 15:52:08.329732,166,Sensor contact not supported,[358],False,True,[167],True
2024-07-11 15:52:08.689058,166,Sensor contact not supported,[358],False,True,[167],True
2024-07-11 15:52:09.049547,165,Sensor contact not supported,[366],False,True,[163],True
2024-07-11 15:52:09.409363,166,Sensor contact not supported,[358],False,True,[167],True
2024-07-11 15:52:09.769785,166,Sensor contact not supported,[358],False,True,[167],True
2024-07-11 15:52:10.129758,165,Sensor contact not supported,[366],False,True,[163],True
2024-07-11 15:52:10.459248,166,Sensor contact not supported,[358],False,True,[167],True
2024-07-11 15:52:10.864660,166,Sensor contact not supported,[358],False,True,[167],True
2024-07-11 15:52:11.224074,165,Sensor contact not supported,[366],False,True,[163],True
2024-07-11 15:52:11.584882,166,Sensor contact not supported,[358],False,True,[167],True
2024-07-11 15:52:11.944191,166,Sensor contact not supported,[358],False,True,[167],True
2024-07-11 15:52:12.304323,165,Sensor contact not supported,[366],False,True,[163],True
2024-07-11 15:52:12.634747,166,Sensor contact not supported,[358],False,True,[167],True
2024-07-11 15:52:13.038969,166,Sensor contact not supported,[358],False,True,[167],True
2024-07-11 15:52:13.399538,165,Sensor contact not supported,[366],False,True,[163],True
2024-07-11 15:52:13.759555,166,Sensor contact not supported,[358],False,True,[167],True
2024-07-11 15:52:14.119311,166,Sensor contact not supported,[358],False,True,[167],True
2024-07-11 15:52:14.479093,165,Sensor contact not supported,[366],False,True,[163],True
2024-07-11 15:52:14.839268,166,Sensor contact not supported,[358],False,True,[167],True
2024-07-11 15:52:15.199380,166,Sensor contact not supported,[358],False,True,[167],True
2024-07-11 15:52:15.559722,165,Sensor contact not supported,[366],False,True,[163],True
2024-07-11 15:52:15.888978,166,Sensor contact not supported,[358],False,True,[167],True
2024-07-11 15:52:16.294326,166,Sensor contact not supported,[358],False,True,[167],True
2024-07-11 15:52:16.654325,165,Sensor contact not supported,[366],False,True,[163],True
2024-07-11 15:52:17.014070,166,Sensor contact not supported,[358],False,True,[167],True
2024-07-11 15:52:17.374323,166,Sensor contact not supported,[358],False,True,[167],True
2024-07-11 15:52:17.733969,165,Sensor contact not supported,[366],False,True,[163],True
2024-07-11 15:52:18.064288,166,Sensor contact not supported,[358],False,True,[167],True
2024-07-11 15:52:18.469700,166,Sensor contact not supported,[358],False,True,[167],True
2024-07-11 15:52:18.829184,165,Sensor contact not supported,[366],False,True,[163],True
2024-07-11 15:52:19.144115,166,Sensor contact not supported,[358],False,True,[167],True
2024-07-11 15:52:19.549578,166,Sensor contact not supported,[358],False,True,[167],True
2024-07-11 15:52:19.909193,165,Sensor contact not supported,[366],False,True,[163],True
2024-07-11 15:52:20.269596,166,Sensor contact not supported,[358],False,True,[167],True
2024-07-11 15:52:20.629710,166,Sensor contact not supported,[358],False,True,[167],True
2024-07-11 15:52:20.989578,165,Sensor contact not supported,[366],False,True,[163],True
2024-07-11 15:52:21.319721,166,Sensor contact not supported,[358],False,True,[167],True
2024-07-11 15:52:21.724432,165,Sensor contact not supported,[366],False,True,[163],True
2024-07-11 15:52:22.084719,165,Sensor contact not supported,[358],False,True,[167],True
2024-07-11 15:52:22.444085,166,Sensor contact not supported,[358],False,True,[167],True
2024-07-11 15:52:22.804719,166,Sensor contact not supported,[358],False,True,[167],True
2024-07-11 15:52:23.164861,166,Sensor contact not supported,[358],False,True,[167],True
2024-07-11 15:52:23.524045,165,Sensor contact not supported,[366],False,True,[163],True
2024-07-11 15:52:23.884035,166,Sensor contact not supported,[358],False,True,[167],True
2024-07-11 15:52:24.214212,165,Sensor contact not supported,[366],False,True,[163],True
2024-07-11 15:52:24.619105,165,Sensor contact not supported,[358],False,True,[167],True
2024-07-11 15:52:24.979120,165,Sensor contact not supported,[366],False,True,[163],True
2024-07-11 15:52:25.339542,165,Sensor contact not supported,[358],False,True,[167],True
2024-07-11 15:52:25.669280,165,Sensor contact not supported,[366],False,True,[163],True
2024-07-11 15:52:26.074645,164,Sensor contact not supported,[366],False,True,[163],True
2024-07-11 15:52:26.434034,165,Sensor contact not supported,[358],False,True,[167],True
2024-07-11 15:52:26.794757,164,Sensor contact not supported,[366],False,True,[163],True
2024-07-11 15:52:27.124190,164,Sensor contact not supported,[366],False,True,[163],True
2024-07-11 15:52:27.529544,164,Sensor contact not supported,[366],False,True,[163],True
2024-07-11 15:52:27.859694,163,Sensor contact not supported,[366],False,True,[163],True
2024-07-11 15:52:28.264323,163,Sensor contact not supported,[366],False,True,[163],True
2024-07-11 15:52:28.594250,162,Sensor contact not supported,[375],False,True,[160],True
2024-07-11 15:52:28.969374,161,Sensor contact not supported,[375],False,True,[160],True
2024-07-11 15:52:29.344384,161,Sensor contact not supported,[375],False,True,[160],True
2024-07-11 15:52:29.719003,160,Sensor contact not supported,[381],False,True,[157],True
2024-07-11 15:52:30.108947,159,Sensor contact not supported,[381],False,True,[157],True
2024-07-11 15:52:30.484226,159,Sensor contact not supported,[375],False,True,[160],True
2024-07-11 15:52:30.859927,158,Sensor contact not supported,[381],False,True,[157],True
2024-07-11 15:52:31.234106,158,Sensor contact not supported,[381],False,True,[157],True
2024-07-11 15:52:31.624105,158,Sensor contact not supported,[375],False,True,[160],True
2024-07-11 15:52:31.999086,159,Sensor contact not supported,[375],False,True,[160],True
2024-07-11 15:52:32.404524,159,Sensor contact not supported,[375],False,True,[160],True
2024-07-11 15:52:32.749145,157,Sensor contact not supported,[389],False,True,[154],True
2024-07-11 15:52:33.154795,155,Sensor contact not supported,[397],False,True,[151],True
2024-07-11 15:52:33.544567,155,Sensor contact not supported,[389],False,True,[154],True
2024-07-11 15:52:33.934956,154,Sensor contact not supported,[389],False,True,[154],True
2024-07-11 15:52:34.354580,155,Sensor contact not supported,[381],False,True,[157],True
2024-07-11 15:52:34.759486,154,Sensor contact not supported,[389],False,True,[154],True
2024-07-11 15:52:35.103978,154,Sensor contact not supported,[389],False,True,[154],True
2024-07-11 15:52:35.494811,153,Sensor contact not supported,[397],False,True,[151],True
2024-07-11 15:52:35.944296,152,Sensor contact not supported,[397],False,True,[151],True
2024-07-11 15:52:36.288992,152,Sensor contact not supported,[397],False,True,[151],True
2024-07-11 15:52:36.709865,151,Sensor contact not supported,[413],False,True,[145],True
2024-07-11 15:52:37.204497,150,Sensor contact not supported,[444],False,True,[135],True
2024-07-11 15:52:37.624178,150,Sensor contact not supported,[475],False,True,[126],True
2024-07-11 15:52:38.149763,150,Sensor contact not supported,[530],False,True,[113],True
2024-07-11 15:52:38.779073,150,Sensor contact not supported,[577],False,True,[103],True
2024-07-11 15:52:39.409205,150,Sensor contact not supported,[608],False,True,[98],True
2024-07-11 15:52:40.039084,150,Sensor contact not supported,[639],False,True,[93],True
2024-07-11 15:52:40.548907,150,Sensor contact not supported,[569],False,True,[105],True
2024-07-11 15:52:41.044724,150,Sensor contact not supported,[483],False,True,[124],True
2024-07-11 15:52:41.479358,150,Sensor contact not supported,[436],False,True,[137],True
2024-07-11 15:52:41.914097,150,Sensor contact not supported,[436],False,True,[137],True
2024-07-11 15:52:42.364109,150,Sensor contact not supported,[436],False,True,[137],True
2024-07-11 15:52:42.799012,150,Sensor contact not supported,[444],False,True,[135],True
2024-07-11 15:52:43.294747,150,Sensor contact not supported,[452],False,True,[132],True
2024-07-11 15:52:43.744577,150,Sensor contact not supported,[444],False,True,[135],True
2024-07-11 15:52:44.194158,150,Sensor contact not supported,[452],False,True,[132],True
2024-07-11 15:52:44.644517,150,Sensor contact not supported,[459],False,True,[130],True
2024-07-11 15:52:45.079139,150,Sensor contact not supported,[467],False,True,[128],True
2024-07-11 15:52:45.574702,150,Sensor contact not supported,[459],False,True,[130],True
2024-07-11 15:52:45.994320,150,Sensor contact not supported,[452],False,True,[132],True
2024-07-11 15:52:46.504338,150,Sensor contact not supported,[467],False,True,[128],True
2024-07-11 15:52:46.954591,150,Sensor contact not supported,[452],False,True,[132],True
2024-07-11 15:52:47.404662,148,Sensor contact not supported,[452],False,True,[132],True
2024-07-11 15:52:47.854010,146,Sensor contact not supported,[444],False,True,[135],True
2024-07-11 15:52:48.304193,144,Sensor contact not supported,[452],False,True,[132],True
2024-07-11 15:52:48.754369,140,Sensor contact not supported,[452],False,True,[132],True
2024-07-11 15:52:49.189458,138,Sensor contact not supported,[467],False,True,[128],True
2024-07-11 15:52:49.654587,136,Sensor contact not supported,[459],False,True,[130],True
2024-07-11 15:52:50.134751,135,Sensor contact not supported,[491],False,True,[122],True
2024-07-11 15:52:50.689229,133,Sensor contact not supported,[491],False,True,[122],True
2024-07-11 15:52:51.183994,131,Sensor contact not supported,[506],False,True,[118],True
2024-07-11 15:52:51.649808,129,Sensor contact not supported,[514],False,True,[116],True
2024-07-11 15:52:52.233947,126,Sensor contact not supported,[530],False,True,[113],True
2024-07-11 15:52:52.774252,123,Sensor contact not supported,[538],False,True,[111],True
2024-07-11 15:52:53.284462,121,Sensor contact not supported,[545],False,True,[110],True
2024-07-11 15:52:53.854396,118,Sensor contact not supported,[569],False,True,[105],True
2024-07-11 15:52:54.424412,115,Sensor contact not supported,[584],False,True,[102],True
2024-07-11 15:52:55.024776,113,Sensor contact not supported,[592],False,True,[101],True
2024-07-11 15:52:55.639643,109,Sensor contact not supported,[592],False,True,[101],True
2024-07-11 15:52:56.269346,108,Sensor contact not supported,[655],False,True,[91],True
2024-07-11 15:52:56.944375,106,Sensor contact not supported,[616],False,True,[97],True
2024-07-11 15:52:57.543966,103,Sensor contact not supported,[616],False,True,[97],True
2024-07-11 15:52:58.099063,102,Sensor contact not supported,[600],False,True,[100],True
2024-07-11 15:52:58.744190,102,Sensor contact not supported,[592],False,True,[101],True
2024-07-11 15:52:59.329076,102,Sensor contact not supported,[584],False,True,[102],True
2024-07-11 15:52:59.884603,102,Sensor contact not supported,[584],False,True,[102],True
2024-07-11 15:53:00.514450,102,Sensor contact not supported,[584],False,True,[102],True
2024-07-11 15:53:01.068901,101,Sensor contact not supported,[600],False,True,[100],True
2024-07-11 15:53:01.714720,100,Sensor contact not supported,[647],False,True,[92],True
2024-07-11 15:53:02.404219,100,Sensor contact not supported,[694],False,True,[86],True
2024-07-11 15:53:03.064620,98,Sensor contact not supported,[631],False,True,[95],True
2024-07-11 15:53:03.739356,96,Sensor contact not supported,[655],False,True,[91],True
2024-07-11 15:53:04.369448,96,Sensor contact not supported,[631],False,True,[95],True
2024-07-11 15:53:04.969129,95,Sensor contact not supported,[639],False,True,[93],True
2024-07-11 15:53:05.658972,95,Sensor contact not supported,[625],False,True,[96],True
2024-07-11 15:53:06.334597,94,Sensor contact not supported,[694],False,True,[86],True
2024-07-11 15:53:07.009655,93,Sensor contact not supported,[709],False,True,[84],True
2024-07-11 15:53:07.729145,91,Sensor contact not supported,[686],False,True,[87],True
2024-07-11 15:53:08.404634,90,Sensor contact not supported,[678],False,True,[88],True
2024-07-11 15:53:09.049052,90,Sensor contact not supported,[670],False,True,[89],True
2024-07-11 15:53:09.694174,90,Sensor contact not supported,[655],False,True,[91],True
2024-07-11 15:53:10.339790,92,Sensor contact not supported,[625],False,True,[96],True
2024-07-11 15:53:11.014556,93,Sensor contact not supported,[631],False,True,[95],True
2024-07-11 15:53:11.644021,93,Sensor contact not supported,[631],False,True,[95],True
2024-07-11 15:53:12.244579,92,Sensor contact not supported,[663],False,True,[90],True
2024-07-11 15:53:12.918897,93,Sensor contact not supported,[639],False,True,[93],True
2024-07-11 15:53:13.578942,91,Sensor contact not supported,[686],False,True,[87],True
2024-07-11 15:53:14.269756,90,Sensor contact not supported,[678],False,True,[88],True
2024-07-11 15:53:14.958986,89,Sensor contact not supported,[694],False,True,[86],True
2024-07-11 15:53:15.664651,87,Sensor contact not supported,[709],False,True,[84],True
2024-07-11 15:53:16.369899,87,Sensor contact not supported,[702],False,True,[85],True
2024-07-11 15:53:17.074562,86,Sensor contact not supported,[709],False,True,[84],True
2024-07-11 15:53:17.779302,85,Sensor contact not supported,[709],False,True,[84],True
2024-07-11 15:53:18.499796,85,Sensor contact not supported,[702],False,True,[85],True
2024-07-11 15:53:19.264016,85,Sensor contact not supported,[717],False,True,[83],True
2024-07-11 15:53:19.983944,84,Sensor contact not supported,[725],False,True,[82],True
2024-07-11 15:53:20.703978,84,Sensor contact not supported,[717],False,True,[83],True
2024-07-11 15:53:21.424194,83,Sensor contact not supported,[717],False,True,[83],True
2024-07-11 15:53:22.144388,83,Sensor contact not supported,[725],False,True,[82],True
2024-07-11 15:53:22.834634,83,Sensor contact not supported,[733],False,True,[81],True
2024-07-11 15:53:23.614382,82,Sensor contact not supported,[741],False,True,[80],True
2024-07-11 15:53:24.319840,81,Sensor contact not supported,[741],False,True,[80],True
2024-07-11 15:53:25.069424,81,Sensor contact not supported,[756],False,True,[79],True
2024-07-11 15:53:25.879277,80,Sensor contact not supported,[756],False,True,[79],True
2024-07-11 15:53:26.644461,79,Sensor contact not supported,[764],False,True,[78],True
2024-07-11 15:53:27.364087,79,Sensor contact not supported,[756],False,True,[79],True
2024-07-11 15:53:28.099167,80,Sensor contact not supported,[741],False,True,[80],True
2024-07-11 15:53:28.833871,80,Sensor contact not supported,[733],False,True,[81],True
2024-07-11 15:53:29.569149,80,Sensor contact not supported,[741],False,True,[80],True
2024-07-11 15:53:30.319580,81,Sensor contact not supported,[733],False,True,[81],True
2024-07-11 15:53:31.069737,80,Sensor contact not supported,[756],False,True,[79],True
2024-07-11 15:53:31.879828,79,Sensor contact not supported,[764],False,True,[78],True
2024-07-11 15:53:32.659361,78,Sensor contact not supported,[811],False,True,[73],True
2024-07-11 15:53:33.514841,77,Sensor contact not supported,[850],False,True,[70],True
2024-07-11 15:53:34.369500,75,Sensor contact not supported,[850],False,True,[70],True
2024-07-11 15:53:35.194547,74,Sensor contact not supported,[834],False,True,[71],True
2024-07-11 15:53:36.049538,74,Sensor contact not supported,[803],False,True,[74],True
2024-07-11 15:53:36.783985,74,Sensor contact not supported,[788],False,True,[76],True
2024-07-11 15:53:37.564243,75,Sensor contact not supported,[780],False,True,[76],True
2024-07-11 15:53:38.374211,76,Sensor contact not supported,[764],False,True,[78],True
2024-07-11 15:53:39.109367,76,Sensor contact not supported,[780],False,True,[76],True
2024-07-11 15:53:39.904633,76,Sensor contact not supported,[788],False,True,[76],True
2024-07-11 15:53:40.714916,76,Sensor contact not supported,[772],False,True,[77],True
2024-07-11 15:53:41.434090,77,Sensor contact not supported,[750],False,True,[80],True
2024-07-11 15:53:42.214594,78,Sensor contact not supported,[741],False,True,[80],True
2024-07-11 15:53:42.904417,79,Sensor contact not supported,[741],False,True,[80],True
2024-07-11 15:53:43.654119,79,Sensor contact not supported,[750],False,True,[80],True
2024-07-11 15:53:44.419011,79,Sensor contact not supported,[756],False,True,[79],True
2024-07-11 15:53:45.229449,78,Sensor contact not supported,[772],False,True,[77],True
2024-07-11 15:53:45.934005,79,Sensor contact not supported,[750],False,True,[80],True
2024-07-11 15:53:46.684792,79,Sensor contact not supported,[750],False,True,[80],True
2024-07-11 15:53:47.493920,79,Sensor contact not supported,[750],False,True,[80],True
2024-07-11 15:53:48.184583,80,Sensor contact not supported,[741],False,True,[80],True
2024-07-11 15:53:48.934325,80,Sensor contact not supported,[750],False,True,[80],True
2024-07-11 15:53:49.669246,80,Sensor contact not supported,[741],False,True,[80],True
2024-07-11 15:53:50.449810,80,Sensor contact not supported,[733],False,True,[81],True
2024-07-11 15:53:51.154016,80,Sensor contact not supported,[741],False,True,[80],True
2024-07-11 15:53:51.889234,80,Sensor contact not supported,[741],False,True,[80],True
2024-07-11 15:53:52.624155,80,Sensor contact not supported,[741],False,True,[80],True
2024-07-11 15:53:53.434460,80,Sensor contact not supported,[756],False,True,[79],True
2024-07-11 15:53:54.154734,80,Sensor contact not supported,[756],False,True,[79],True
2024-07-11 15:53:54.904099,80,Sensor contact not supported,[750],False,True,[80],True
2024-07-11 15:53:55.669854,79,Sensor contact not supported,[756],False,True,[79],True
2024-07-11 15:53:56.404590,79,Sensor contact not supported,[756],False,True,[79],True
2024-07-11 15:53:57.169240,79,Sensor contact not supported,[750],False,True,[80],True
2024-07-11 15:53:57.979675,79,Sensor contact not supported,[764],False,True,[78],True
2024-07-11 15:53:58.684505,79,Sensor contact not supported,[750],False,True,[80],True
2024-07-11 15:53:59.494311,79,Sensor contact not supported,[756],False,True,[79],True
2024-07-11 15:54:00.259775,78,Sensor contact not supported,[772],False,True,[77],True
2024-07-11 15:54:01.039148,79,Sensor contact not supported,[756],False,True,[79],True
2024-07-11 15:54:01.729548,78,Sensor contact not supported,[764],False,True,[78],True
2024-07-11 15:54:02.539185,79,Sensor contact not supported,[750],False,True,[80],True
2024-07-11 15:54:03.304517,78,Sensor contact not supported,[772],False,True,[77],True
2024-07-11 15:54:04.039214,78,Sensor contact not supported,[772],False,True,[77],True
2024-07-11 15:54:04.819719,77,Sensor contact not supported,[788],False,True,[76],True
2024-07-11 15:54:05.675011,77,Sensor contact not supported,[795],False,True,[75],True
2024-07-11 15:54:06.409196,76,Sensor contact not supported,[780],False,True,[76],True
2024-07-11 15:54:07.159188,77,Sensor contact not supported,[764],False,True,[78],True
2024-07-11 15:54:07.939189,77,Sensor contact not supported,[764],False,True,[78],True
2024-07-11 15:54:08.688969,78,Sensor contact not supported,[750],False,True,[80],True
2024-07-11 15:54:09.439618,78,Sensor contact not supported,[756],False,True,[79],True
2024-07-11 15:54:10.219224,78,Sensor contact not supported,[772],False,True,[77],True
2024-07-11 15:54:10.984087,78,Sensor contact not supported,[772],False,True,[77],True
2024-07-11 15:54:11.779647,77,Sensor contact not supported,[788],False,True,[76],True
2024-07-11 15:54:12.559738,77,Sensor contact not supported,[780],False,True,[76],True
2024-07-11 15:54:13.338887,77,Sensor contact not supported,[772],False,True,[77],True
2024-07-11 15:54:14.119486,77,Sensor contact not supported,[780],False,True,[76],True
2024-07-11 15:54:14.869525,77,Sensor contact not supported,[756],False,True,[79],True
2024-07-11 15:54:15.679226,78,Sensor contact not supported,[756],False,True,[79],True
2024-07-11 15:54:16.369172,79,Sensor contact not supported,[741],False,True,[80],True
2024-07-11 15:54:17.119057,79,Sensor contact not supported,[750],False,True,[80],True
2024-07-11 15:54:17.929336,79,Sensor contact not supported,[756],False,True,[79],True
2024-07-11 15:54:18.619675,79,Sensor contact not supported,[750],False,True,[80],True
2024-07-11 15:54:19.429358,79,Sensor contact not supported,[756],False,True,[79],True
2024-07-11 15:54:20.194255,78,Sensor contact not supported,[772],False,True,[77],True
2024-07-11 15:54:20.883990,79,Sensor contact not supported,[733],False,True,[81],True
2024-07-11 15:54:21.664166,80,Sensor contact not supported,[725],False,True,[82],True
2024-07-11 15:54:22.384098,81,Sensor contact not supported,[709],False,True,[84],True
2024-07-11 15:54:23.044355,82,Sensor contact not supported,[709],False,True,[84],True
2024-07-11 15:54:23.734652,83,Sensor contact not supported,[702],False,True,[85],True
2024-07-11 15:54:24.424188,84,Sensor contact not supported,[678],False,True,[88],True
2024-07-11 15:54:25.159344,86,Sensor contact not supported,[655],False,True,[91],True
2024-07-11 15:54:25.804345,85,Sensor contact not supported,[717],False,True,[83],True
2024-07-11 15:54:26.583898,85,Sensor contact not supported,[780],False,True,[76],True
2024-07-11 15:54:27.364104,82,Sensor contact not supported,[780],False,True,[76],True
2024-07-11 15:54:28.099411,82,Sensor contact not supported,[741],False,True,[80],True
2024-07-11 15:54:28.848910,81,Sensor contact not supported,[741],False,True,[80],True
2024-07-11 15:54:29.884790,81,Sensor contact not supported,[1000],False,True,[60],True
2024-07-11 15:54:30.379882,81,Sensor contact not supported,[491],False,True,[122],True
2024-07-11 15:54:31.099097,82,Sensor contact not supported,[717],False,True,[83],True
2024-07-11 15:54:31.760202,83,Sensor contact not supported,[702],False,True,[85],True
2024-07-11 15:54:32.465046,83,Sensor contact not supported,[702],False,True,[85],True
2024-07-11 15:54:33.183997,85,Sensor contact not supported,[663],False,True,[90],True
2024-07-11 15:54:33.829612,85,Sensor contact not supported,[702],False,True,[85],True
2024-07-11 15:54:34.534233,85,Sensor contact not supported,[702],False,True,[85],True
2024-07-11 15:54:35.224780,85,Sensor contact not supported,[694],False,True,[86],True
2024-07-11 15:54:35.914585,85,Sensor contact not supported,[694],False,True,[86],True
2024-07-11 15:54:36.606497,86,Sensor contact not supported,[678],False,True,[88],True
2024-07-11 15:54:37.325599,87,Sensor contact not supported,[678],False,True,[88],True
2024-07-11 15:54:37.969812,88,Sensor contact not supported,[663],False,True,[90],True
2024-07-11 15:54:38.644581,88,Sensor contact not supported,[678],False,True,[88],True
2024-07-11 15:54:39.334525,88,Sensor contact not supported,[686],False,True,[87],True
2024-07-11 15:54:40.024598,86,Sensor contact not supported,[717],False,True,[83],True
2024-07-11 15:54:40.729583,86,Sensor contact not supported,[686],False,True,[87],True
2024-07-11 15:54:41.449132,87,Sensor contact not supported,[686],False,True,[87],True
2024-07-11 15:54:42.094016,88,Sensor contact not supported,[663],False,True,[90],True
2024-07-11 15:54:42.784267,86,Sensor contact not supported,[717],False,True,[83],True
2024-07-11 15:54:43.549041,86,Sensor contact not supported,[709],False,True,[84],True
2024-07-11 15:54:44.269510,85,Sensor contact not supported,[717],False,True,[83],True
2024-07-11 15:54:44.958913,84,Sensor contact not supported,[741],False,True,[80],True
2024-07-11 15:54:45.769615,82,Sensor contact not supported,[756],False,True,[79],True
2024-07-11 15:54:46.503878,80,Sensor contact not supported,[780],False,True,[76],True
2024-07-11 15:54:47.284204,79,Sensor contact not supported,[772],False,True,[77],True
2024-07-11 15:54:48.094097,79,Sensor contact not supported,[772],False,True,[77],True
2024-07-11 15:54:48.859234,79,Sensor contact not supported,[764],False,True,[78],True
2024-07-11 15:54:49.578521,79,Sensor contact not supported,[756],False,True,[79],True
2024-07-11 15:54:50.314590,79,Sensor contact not supported,[750],False,True,[80],True
2024-07-11 15:54:51.079698,79,Sensor contact not supported,[750],False,True,[80],True
2024-07-11 15:54:51.814650,80,Sensor contact not supported,[741],False,True,[80],True
2024-07-11 15:54:52.549089,80,Sensor contact not supported,[725],False,True,[82],True
2024-07-11 15:54:53.284044,80,Sensor contact not supported,[741],False,True,[80],True
2024-07-11 15:54:54.033960,80,Sensor contact not supported,[756],False,True,[79],True
2024-07-11 15:54:54.844047,80,Sensor contact not supported,[750],False,True,[80],True
2024-07-11 15:54:55.549197,79,Sensor contact not supported,[756],False,True,[79],True
2024-07-11 15:54:55.969639,79,Sensor contact not supported,[459],False,True,[130],True
2024-07-11 15:54:56.344553,79,Sensor contact not supported,[334],False,True,[179],True
2024-07-11 15:54:57.199901,78,Sensor contact not supported,[811],False,True,[73],True
2024-07-11 15:54:57.979135,76,Sensor contact not supported,[811],False,True,[73],True
2024-07-11 15:54:58.834565,75,Sensor contact not supported,[811],False,True,[73],True
2024-07-11 15:54:59.598978,75,Sensor contact not supported,[803],False,True,[74],True
2024-07-11 15:55:00.409087,76,Sensor contact not supported,[772],False,True,[77],True
2024-07-11 15:55:01.174344,76,Sensor contact not supported,[764],False,True,[78],True
2024-07-11 15:55:01.879124,77,Sensor contact not supported,[756],False,True,[79],True
2024-07-11 15:55:02.629809,78,Sensor contact not supported,[733],False,True,[81],True
2024-07-11 15:55:03.394516,79,Sensor contact not supported,[725],False,True,[82],True
2024-07-11 15:55:04.084607,80,Sensor contact not supported,[741],False,True,[80],True
2024-07-11 15:55:04.819261,80,Sensor contact not supported,[741],False,True,[80],True
2024-07-11 15:55:05.584102,80,Sensor contact not supported,[750],False,True,[80],True
2024-07-11 15:55:06.349166,79,Sensor contact not supported,[764],False,True,[78],True
2024-07-11 15:55:07.099226,79,Sensor contact not supported,[750],False,True,[80],True
2024-07-11 15:55:07.834611,80,Sensor contact not supported,[741],False,True,[80],True
2024-07-11 15:55:08.569320,80,Sensor contact not supported,[733],False,True,[81],True
2024-07-11 15:55:09.334153,81,Sensor contact not supported,[725],False,True,[82],True
2024-07-11 15:55:10.024777,81,Sensor contact not supported,[725],False,True,[82],True
2024-07-11 15:55:10.759161,81,Sensor contact not supported,[725],False,True,[82],True
2024-07-11 15:55:11.509675,81,Sensor contact not supported,[756],False,True,[79],True
2024-07-11 15:55:12.276759,80,Sensor contact not supported,[756],False,True,[79],True
2024-07-11 15:55:13.025093,80,Sensor contact not supported,[756],False,True,[79],True
2024-07-11 15:55:13.789875,80,Sensor contact not supported,[725],False,True,[82],True
2024-07-11 15:55:14.479414,81,Sensor contact not supported,[725],False,True,[82],True
2024-07-11 15:55:15.214538,81,Sensor contact not supported,[741],False,True,[80],True
2024-07-11 15:55:15.949438,81,Sensor contact not supported,[725],False,True,[82],True
2024-07-11 15:55:16.669060,82,Sensor contact not supported,[709],False,True,[84],True
2024-07-11 15:55:17.359286,84,Sensor contact not supported,[678],False,True,[88],True
2024-07-11 15:55:18.079247,84,Sensor contact not supported,[694],False,True,[86],True
2024-07-11 15:55:18.709643,86,Sensor contact not supported,[670],False,True,[89],True
2024-07-11 15:55:19.369271,87,Sensor contact not supported,[670],False,True,[89],True
2024-07-11 15:55:20.059406,87,Sensor contact not supported,[670],False,True,[89],True
2024-07-11 15:55:20.719130,88,Sensor contact not supported,[678],False,True,[88],True
2024-07-11 15:55:21.424494,87,Sensor contact not supported,[694],False,True,[86],True
2024-07-11 15:55:22.189088,86,Sensor contact not supported,[717],False,True,[83],True
2024-07-11 15:55:22.954583,85,Sensor contact not supported,[764],False,True,[78],True
2024-07-11 15:55:23.659492,84,Sensor contact not supported,[750],False,True,[80],True
2024-07-11 15:55:24.469168,82,Sensor contact not supported,[764],False,True,[78],True
2024-07-11 15:55:25.234059,80,Sensor contact not supported,[772],False,True,[77],True
2024-07-11 15:55:25.939116,80,Sensor contact not supported,[741],False,True,[80],True
2024-07-11 15:55:26.674610,80,Sensor contact not supported,[741],False,True,[80],True
2024-07-11 15:55:27.424355,80,Sensor contact not supported,[750],False,True,[80],True
2024-07-11 15:55:28.159259,80,Sensor contact not supported,[733],False,True,[81],True
2024-07-11 15:55:28.895127,81,Sensor contact not supported,[725],False,True,[82],True
2024-07-11 15:55:29.598900,82,Sensor contact not supported,[709],False,True,[84],True
2024-07-11 15:55:30.304163,83,Sensor contact not supported,[702],False,True,[85],True
2024-07-11 15:55:30.994690,84,Sensor contact not supported,[686],False,True,[87],True
2024-07-11 15:55:31.684800,85,Sensor contact not supported,[686],False,True,[87],True
2024-07-11 15:55:32.389024,85,Sensor contact not supported,[702],False,True,[85],True
2024-07-11 15:55:33.124521,84,Sensor contact not supported,[733],False,True,[81],True
2024-07-11 15:55:33.858901,82,Sensor contact not supported,[750],False,True,[80],True
2024-07-11 15:55:34.684307,82,Sensor contact not supported,[811],False,True,[73],True
2024-07-11 15:55:35.569802,80,Sensor contact not supported,[875],False,True,[68],True
2024-07-11 15:55:36.440197,78,Sensor contact not supported,[875],False,True,[68],True
2024-07-11 15:55:37.295049,77,Sensor contact not supported,[811],False,True,[73],True
2024-07-11 15:55:37.983954,78,Sensor contact not supported,[750],False,True,[80],True
2024-07-11 15:55:38.719744,79,Sensor contact not supported,[725],False,True,[82],True
2024-07-11 15:55:39.454686,79,Sensor contact not supported,[741],False,True,[80],True
2024-07-11 15:55:40.189529,80,Sensor contact not supported,[733],False,True,[81],True
2024-07-11 15:55:40.939559,80,Sensor contact not supported,[733],False,True,[81],True
2024-07-11 15:55:41.704671,81,Sensor contact not supported,[733],False,True,[81],True
2024-07-11 15:55:42.409756,81,Sensor contact not supported,[725],False,True,[82],True
2024-07-11 15:55:43.159090,80,Sensor contact not supported,[764],False,True,[78],True
2024-07-11 15:55:44.014574,78,Sensor contact not supported,[811],False,True,[73],True
2024-07-11 15:55:44.974802,78,Sensor contact not supported,[1006],False,True,[59],True
2024-07-11 15:55:45.889180,77,Sensor contact not supported,[897],False,True,[66],True
2024-07-11 15:55:46.729103,75,Sensor contact not supported,[842],False,True,[71],True
2024-07-11 15:55:47.553999,74,Sensor contact not supported,[827],False,True,[72],True
2024-07-11 15:55:48.409585,74,Sensor contact not supported,[811],False,True,[73],True
2024-07-11 15:55:49.159215,74,Sensor contact not supported,[788],False,True,[76],True
2024-07-11 15:55:49.954131,74,Sensor contact not supported,[803],False,True,[74],True
2024-07-11 15:55:50.779441,74,Sensor contact not supported,[827],False,True,[72],True
2024-07-11 15:55:51.634492,73,Sensor contact not supported,[850],False,True,[70],True
2024-07-11 15:55:52.504165,72,Sensor contact not supported,[858],False,True,[69],True
2024-07-11 15:55:53.374749,71,Sensor contact not supported,[866],False,True,[69],True
2024-07-11 15:55:54.319456,69,Sensor contact not supported,[905],False,True,[66],True
2024-07-11 15:55:55.189293,68,Sensor contact not supported,[913],False,True,[65],True
2024-07-11 15:55:56.134783,68,Sensor contact not supported,[889],False,True,[67],True
2024-07-11 15:55:56.974147,68,Sensor contact not supported,[889],False,True,[67],True
2024-07-11 15:55:57.844117,68,Sensor contact not supported,[875],False,True,[68],True
2024-07-11 15:55:58.743948,68,Sensor contact not supported,[858],False,True,[69],True
2024-07-11 15:55:59.599734,69,Sensor contact not supported,[850],False,True,[70],True
2024-07-11 15:56:00.394647,70,Sensor contact not supported,[834],False,True,[71],True
2024-07-11 15:56:01.189460,71,Sensor contact not supported,[803],False,True,[74],True
2024-07-11 15:56:01.984645,72,Sensor contact not supported,[795],False,True,[75],True
2024-07-11 15:56:02.839420,73,Sensor contact not supported,[795],False,True,[75],True
2024-07-11 15:56:03.633925,72,Sensor contact not supported,[850],False,True,[70],True
2024-07-11 15:56:04.549292,70,Sensor contact not supported,[905],False,True,[66],True
2024-07-11 15:56:05.494645,69,Sensor contact not supported,[905],False,True,[66],True
2024-07-11 15:56:06.319744,69,Sensor contact not supported,[866],False,True,[69],True
2024-07-11 15:56:07.174201,70,Sensor contact not supported,[811],False,True,[73],True
2024-07-11 15:56:07.909044,72,Sensor contact not supported,[780],False,True,[76],True
2024-07-11 15:56:08.688983,73,Sensor contact not supported,[780],False,True,[76],True
2024-07-11 15:56:09.499188,75,Sensor contact not supported,[764],False,True,[78],True
2024-07-11 15:56:10.234062,75,Sensor contact not supported,[772],False,True,[77],True
2024-07-11 15:56:11.044564,76,Sensor contact not supported,[772],False,True,[77],True
2024-07-11 15:56:11.779787,76,Sensor contact not supported,[788],False,True,[76],True
2024-07-11 15:56:12.574922,76,Sensor contact not supported,[780],False,True,[76],True
2024-07-11 15:56:13.369470,76,Sensor contact not supported,[788],False,True,[76],True
2024-07-11 15:56:14.163888,76,Sensor contact not supported,[795],False,True,[75],True
2024-07-11 15:56:14.944848,76,Sensor contact not supported,[788],False,True,[76],True
2024-07-11 15:56:15.739020,76,Sensor contact not supported,[788],False,True,[76],True
2024-07-11 15:56:16.519611,76,Sensor contact not supported,[772],False,True,[77],True
2024-07-11 15:56:17.299733,76,Sensor contact not supported,[780],False,True,[76],True
2024-07-11 15:56:18.124678,76,Sensor contact not supported,[780],False,True,[76],True
2024-07-11 15:56:18.859656,76,Sensor contact not supported,[788],False,True,[76],True
2024-07-11 15:56:19.653897,76,Sensor contact not supported,[795],False,True,[75],True
2024-07-11 15:56:20.449247,76,Sensor contact not supported,[788],False,True,[76],True
2024-07-11 15:56:21.244643,75,Sensor contact not supported,[795],False,True,[75],True
2024-07-11 15:56:22.039769,75,Sensor contact not supported,[795],False,True,[75],True
2024-07-11 15:56:22.834549,75,Sensor contact not supported,[788],False,True,[76],True
2024-07-11 15:56:23.629220,75,Sensor contact not supported,[788],False,True,[76],True
2024-07-11 15:56:24.409656,76,Sensor contact not supported,[780],False,True,[76],True
2024-07-11 15:56:25.189278,76,Sensor contact not supported,[780],False,True,[76],True
2024-07-11 15:56:26.014466,76,Sensor contact not supported,[780],False,True,[76],True
2024-07-11 15:56:26.779630,76,Sensor contact not supported,[772],False,True,[77],True
2024-07-11 15:56:27.544598,77,Sensor contact not supported,[764],False,True,[78],True
2024-07-11 15:56:28.279165,77,Sensor contact not supported,[772],False,True,[77],True
2024-07-11 15:56:29.059257,77,Sensor contact not supported,[772],False,True,[77],True
2024-07-11 15:56:29.854889,76,Sensor contact not supported,[795],False,True,[75],True
2024-07-11 15:56:30.709816,76,Sensor contact not supported,[811],False,True,[73],True
2024-07-11 15:56:31.459620,75,Sensor contact not supported,[795],False,True,[75],True
2024-07-11 15:56:32.254239,75,Sensor contact not supported,[795],False,True,[75],True
2024-07-11 15:56:33.049858,75,Sensor contact not supported,[788],False,True,[76],True
2024-07-11 15:56:33.859242,76,Sensor contact not supported,[764],False,True,[78],True
2024-07-11 15:56:34.624050,76,Sensor contact not supported,[772],False,True,[77],True
2024-07-11 15:56:35.389580,77,Sensor contact not supported,[764],False,True,[78],True
2024-07-11 15:56:36.154631,77,Sensor contact not supported,[764],False,True,[78],True
2024-07-11 15:56:36.919161,77,Sensor contact not supported,[764],False,True,[78],True
2024-07-11 15:56:37.684699,78,Sensor contact not supported,[764],False,True,[78],True
2024-07-11 15:56:38.449789,78,Sensor contact not supported,[756],False,True,[79],True
2024-07-11 15:56:39.213998,78,Sensor contact not supported,[756],False,True,[79],True
2024-07-11 15:56:39.934205,79,Sensor contact not supported,[733],False,True,[81],True
2024-07-11 15:56:40.624174,80,Sensor contact not supported,[741],False,True,[80],True
2024-07-11 15:56:41.373963,80,Sensor contact not supported,[733],False,True,[81],True
2024-07-11 15:56:42.138969,81,Sensor contact not supported,[725],False,True,[82],True
2024-07-11 15:56:42.829314,81,Sensor contact not supported,[725],False,True,[82],True
2024-07-11 15:56:43.594134,81,Sensor contact not supported,[725],False,True,[82],True
2024-07-11 15:56:44.314682,82,Sensor contact not supported,[725],False,True,[82],True
2024-07-11 15:56:45.004346,82,Sensor contact not supported,[717],False,True,[83],True
2024-07-11 15:56:45.724567,82,Sensor contact not supported,[725],False,True,[82],True
2024-07-11 15:56:46.489028,82,Sensor contact not supported,[725],False,True,[82],True
2024-07-11 15:56:47.149488,83,Sensor contact not supported,[702],False,True,[85],True
2024-07-11 15:56:47.854793,84,Sensor contact not supported,[694],False,True,[86],True
2024-07-11 15:56:48.559131,84,Sensor contact not supported,[709],False,True,[84],True
2024-07-11 15:56:49.294769,83,Sensor contact not supported,[725],False,True,[82],True
2024-07-11 15:56:50.029691,82,Sensor contact not supported,[756],False,True,[79],True
2024-07-11 15:56:50.823969,81,Sensor contact not supported,[772],False,True,[77],True
2024-07-11 15:56:51.604353,79,Sensor contact not supported,[780],False,True,[76],True
2024-07-11 15:56:52.384575,78,Sensor contact not supported,[780],False,True,[76],True
2024-07-11 15:56:53.134615,79,Sensor contact not supported,[756],False,True,[79],True
2024-07-11 15:56:53.884010,79,Sensor contact not supported,[750],False,True,[80],True
2024-07-11 15:56:54.618986,80,Sensor contact not supported,[733],False,True,[81],True
2024-07-11 15:56:55.369534,80,Sensor contact not supported,[741],False,True,[80],True
2024-07-11 15:56:56.104893,80,Sensor contact not supported,[741],False,True,[80],True
2024-07-11 15:56:56.853975,80,Sensor contact not supported,[750],False,True,[80],True
2024-07-11 15:56:57.664598,79,Sensor contact not supported,[764],False,True,[78],True
2024-07-11 15:56:58.444822,78,Sensor contact not supported,[780],False,True,[76],True
2024-07-11 15:56:59.179317,78,Sensor contact not supported,[780],False,True,[76],True
2024-07-11 15:56:59.974131,77,Sensor contact not supported,[788],False,True,[76],True
2024-07-11 15:57:00.769167,76,Sensor contact not supported,[795],False,True,[75],True
2024-07-11 15:57:01.564874,76,Sensor contact not supported,[788],False,True,[76],True
2024-07-11 15:57:02.344008,76,Sensor contact not supported,[795],False,True,[75],True
2024-07-11 15:57:03.124179,76,Sensor contact not supported,[772],False,True,[77],True
2024-07-11 15:57:03.948967,76,Sensor contact not supported,[772],False,True,[77],True
2024-07-11 15:57:04.684755,76,Sensor contact not supported,[780],False,True,[76],True
2024-07-11 15:57:05.479342,76,Sensor contact not supported,[788],False,True,[76],True
2024-07-11 15:57:06.274115,76,Sensor contact not supported,[795],False,True,[75],True
2024-07-11 15:57:07.114388,74,Sensor contact not supported,[834],False,True,[71],True
2024-07-11 15:57:08.014252,73,Sensor contact not supported,[850],False,True,[70],True
2024-07-11 15:57:08.808849,72,Sensor contact not supported,[850],False,True,[70],True
2024-07-11 15:57:09.709754,71,Sensor contact not supported,[858],False,True,[69],True
2024-07-11 15:57:10.519665,71,Sensor contact not supported,[842],False,True,[71],True
2024-07-11 15:57:11.314872,72,Sensor contact not supported,[803],False,True,[74],True
2024-07-11 15:57:12.094182,73,Sensor contact not supported,[780],False,True,[76],True
2024-07-11 15:57:12.844607,75,Sensor contact not supported,[750],False,True,[80],True
2024-07-11 15:57:13.609610,77,Sensor contact not supported,[725],False,True,[82],True
2024-07-11 15:57:14.329818,79,Sensor contact not supported,[709],False,True,[84],True
2024-07-11 15:57:14.989172,81,Sensor contact not supported,[702],False,True,[85],True
2024-07-11 15:57:15.754597,82,Sensor contact not supported,[717],False,True,[83],True
2024-07-11 15:57:16.519556,81,Sensor contact not supported,[764],False,True,[78],True
2024-07-11 15:57:17.314538,80,Sensor contact not supported,[827],False,True,[72],True
2024-07-11 15:57:18.139738,79,Sensor contact not supported,[842],False,True,[71],True
2024-07-11 15:57:19.009503,77,Sensor contact not supported,[811],False,True,[73],True
2024-07-11 15:57:19.744690,77,Sensor contact not supported,[788],False,True,[76],True
2024-07-11 15:57:20.524260,77,Sensor contact not supported,[772],False,True,[77],True
2024-07-11 15:57:21.333945,77,Sensor contact not supported,[764],False,True,[78],True
2024-07-11 15:57:22.038701,78,Sensor contact not supported,[750],False,True,[80],True
2024-07-11 15:57:22.774602,79,Sensor contact not supported,[741],False,True,[80],True
2024-07-11 15:57:23.509734,80,Sensor contact not supported,[725],False,True,[82],True
2024-07-11 15:57:24.243891,80,Sensor contact not supported,[741],False,True,[80],True
2024-07-11 15:57:25.024560,79,Sensor contact not supported,[780],False,True,[76],True
2024-07-11 15:57:25.849651,77,Sensor contact not supported,[811],False,True,[73],True
2024-07-11 15:57:26.674669,76,Sensor contact not supported,[827],False,True,[72],True
2024-07-11 15:57:27.469846,75,Sensor contact not supported,[803],False,True,[74],True
2024-07-11 15:57:28.264482,75,Sensor contact not supported,[788],False,True,[76],True
2024-07-11 15:57:29.044727,76,Sensor contact not supported,[780],False,True,[76],True
2024-07-11 15:57:29.824531,76,Sensor contact not supported,[772],False,True,[77],True
2024-07-11 15:57:30.634936,77,Sensor contact not supported,[764],False,True,[78],True
2024-07-11 15:57:31.399757,77,Sensor contact not supported,[772],False,True,[77],True
2024-07-11 15:57:32.209334,76,Sensor contact not supported,[795],False,True,[75],True
2024-07-11 15:57:33.004184,75,Sensor contact not supported,[842],False,True,[71],True
2024-07-11 15:57:33.844002,73,Sensor contact not supported,[842],False,True,[71],True
2024-07-11 15:57:34.744614,72,Sensor contact not supported,[858],False,True,[69],True
2024-07-11 15:57:35.569806,71,Sensor contact not supported,[858],False,True,[69],True
2024-07-11 15:57:36.469218,71,Sensor contact not supported,[858],False,True,[69],True
2024-07-11 15:57:37.324217,70,Sensor contact not supported,[858],False,True,[69],True
2024-07-11 15:57:38.179671,70,Sensor contact not supported,[850],False,True,[70],True
2024-07-11 15:57:38.974690,70,Sensor contact not supported,[842],False,True,[71],True
2024-07-11 15:57:39.844082,71,Sensor contact not supported,[827],False,True,[72],True
2024-07-11 15:57:40.594101,72,Sensor contact not supported,[795],False,True,[75],True
2024-07-11 15:57:41.449222,73,Sensor contact not supported,[803],False,True,[74],True
2024-07-11 15:57:42.199383,73,Sensor contact not supported,[795],False,True,[75],True
2024-07-11 15:57:43.054444,74,Sensor contact not supported,[803],False,True,[74],True
2024-07-11 15:57:43.864407,74,Sensor contact not supported,[811],False,True,[73],True
2024-07-11 15:57:44.644121,73,Sensor contact not supported,[819],False,True,[73],True
2024-07-11 15:57:45.499888,73,Sensor contact not supported,[811],False,True,[73],True
2024-07-11 15:57:46.309871,73,Sensor contact not supported,[811],False,True,[73],True
2024-07-11 15:57:47.119762,74,Sensor contact not supported,[803],False,True,[74],True
2024-07-11 15:57:47.869091,74,Sensor contact not supported,[803],False,True,[74],True
2024-07-11 15:57:48.724266,74,Sensor contact not supported,[803],False,True,[74],True
2024-07-11 15:57:49.534178,74,Sensor contact not supported,[811],False,True,[73],True
2024-07-11 15:57:50.344572,74,Sensor contact not supported,[803],False,True,[74],True
2024-07-11 15:57:51.094562,74,Sensor contact not supported,[803],False,True,[74],True
2024-07-11 15:57:51.919711,74,Sensor contact not supported,[811],False,True,[73],True
2024-07-11 15:57:52.714478,74,Sensor contact not supported,[795],False,True,[75],True
2024-07-11 15:57:53.494475,75,Sensor contact not supported,[788],False,True,[76],True
2024-07-11 15:57:54.305124,75,Sensor contact not supported,[795],False,True,[75],True
2024-07-11 15:57:55.100066,74,Sensor contact not supported,[803],False,True,[74],True
2024-07-11 15:57:55.954531,74,Sensor contact not supported,[803],False,True,[74],True
2024-07-11 15:57:56.734171,74,Sensor contact not supported,[819],False,True,[73],True
2024-07-11 15:57:57.559290,73,Sensor contact not supported,[827],False,True,[72],True
2024-07-11 15:57:58.414375,73,Sensor contact not supported,[811],False,True,[73],True
2024-07-11 15:57:59.194849,73,Sensor contact not supported,[834],False,True,[71],True
2024-07-11 15:58:00.034519,72,Sensor contact not supported,[834],False,True,[71],True
2024-07-11 15:58:00.889504,73,Sensor contact not supported,[811],False,True,[73],True
2024-07-11 15:58:01.669160,73,Sensor contact not supported,[811],False,True,[73],True
2024-07-11 15:58:02.524700,73,Sensor contact not supported,[819],False,True,[73],True
2024-07-11 15:58:03.274480,74,Sensor contact not supported,[788],False,True,[76],True
2024-07-11 15:58:04.083902,75,Sensor contact not supported,[772],False,True,[77],True
2024-07-11 15:58:04.834195,75,Sensor contact not supported,[788],False,True,[76],True
2024-07-11 15:58:05.689112,74,Sensor contact not supported,[811],False,True,[73],True
2024-07-11 15:58:06.484206,74,Sensor contact not supported,[834],False,True,[71],True
2024-07-11 15:58:07.339377,74,Sensor contact not supported,[811],False,True,[73],True
2024-07-11 15:58:08.074738,74,Sensor contact not supported,[780],False,True,[76],True
2024-07-11 15:58:08.869313,75,Sensor contact not supported,[788],False,True,[76],True
2024-07-11 15:58:09.649272,75,Sensor contact not supported,[788],False,True,[76],True
2024-07-11 15:58:10.459654,76,Sensor contact not supported,[756],False,True,[79],True
2024-07-11 15:58:11.178818,77,Sensor contact not supported,[756],False,True,[79],True
2024-07-11 15:58:11.929640,78,Sensor contact not supported,[756],False,True,[79],True
2024-07-11 15:58:12.694878,78,Sensor contact not supported,[764],False,True,[78],True
2024-07-11 15:58:13.489769,77,Sensor contact not supported,[788],False,True,[76],True
2024-07-11 15:58:14.284454,76,Sensor contact not supported,[803],False,True,[74],True
2024-07-11 15:58:15.183921,74,Sensor contact not supported,[850],False,True,[70],True
2024-07-11 15:58:16.054190,73,Sensor contact not supported,[866],False,True,[69],True
2024-07-11 15:58:16.849136,72,Sensor contact not supported,[834],False,True,[71],True
2024-07-11 15:58:17.750077,71,Sensor contact not supported,[858],False,True,[69],True
2024-07-11 15:58:18.545325,71,Sensor contact not supported,[842],False,True,[71],True
2024-07-11 15:58:19.399146,72,Sensor contact not supported,[811],False,True,[73],True
2024-07-11 15:58:20.255064,72,Sensor contact not supported,[834],False,True,[71],True
2024-07-11 15:58:21.049021,71,Sensor contact not supported,[850],False,True,[70],True
2024-07-11 15:58:21.874149,71,Sensor contact not supported,[834],False,True,[71],True
2024-07-11 15:58:22.713963,72,Sensor contact not supported,[819],False,True,[73],True
2024-07-11 15:58:23.554697,71,Sensor contact not supported,[850],False,True,[70],True
2024-07-11 15:58:24.410157,71,Sensor contact not supported,[842],False,True,[71],True
2024-07-11 15:58:25.233991,71,Sensor contact not supported,[834],False,True,[71],True
2024-07-11 15:58:26.088859,71,Sensor contact not supported,[850],False,True,[70],True
2024-07-11 15:58:26.945105,71,Sensor contact not supported,[819],False,True,[73],True
2024-07-11 15:58:27.753857,73,Sensor contact not supported,[795],False,True,[75],True
2024-07-11 15:58:28.489499,73,Sensor contact not supported,[795],False,True,[75],True
2024-07-11 15:58:29.284508,74,Sensor contact not supported,[780],False,True,[76],True
2024-07-11 15:58:30.064663,75,Sensor contact not supported,[780],False,True,[76],True
2024-07-11 15:58:30.844106,75,Sensor contact not supported,[780],False,True,[76],True
2024-07-11 15:58:31.654727,76,Sensor contact not supported,[764],False,True,[78],True
2024-07-11 15:58:32.419616,76,Sensor contact not supported,[772],False,True,[77],True
2024-07-11 15:58:33.154190,77,Sensor contact not supported,[772],False,True,[77],True
2024-07-11 15:58:33.934420,77,Sensor contact not supported,[780],False,True,[76],True
2024-07-11 15:58:34.729945,76,Sensor contact not supported,[795],False,True,[75],True
2024-07-11 15:58:35.584187,75,Sensor contact not supported,[803],False,True,[74],True
2024-07-11 15:58:36.394431,75,Sensor contact not supported,[811],False,True,[73],True
2024-07-11 15:58:37.204268,74,Sensor contact not supported,[811],False,True,[73],True
2024-07-11 15:58:37.953965,75,Sensor contact not supported,[788],False,True,[76],True
2024-07-11 15:58:38.779001,75,Sensor contact not supported,[780],False,True,[76],True
2024-07-11 15:58:39.499316,76,Sensor contact not supported,[756],False,True,[79],True
2024-07-11 15:58:40.234176,77,Sensor contact not supported,[750],False,True,[80],True
2024-07-11 15:58:40.969767,79,Sensor contact not supported,[725],False,True,[82],True
2024-07-11 15:58:41.734143,80,Sensor contact not supported,[725],False,True,[82],True
2024-07-11 15:58:42.454468,81,Sensor contact not supported,[717],False,True,[83],True
2024-07-11 15:58:43.174711,81,Sensor contact not supported,[717],False,True,[83],True
2024-07-11 15:58:43.954198,81,Sensor contact not supported,[811],False,True,[73],True
2024-07-11 15:58:44.869584,80,Sensor contact not supported,[928],False,True,[64],True
2024-07-11 15:58:45.799385,79,Sensor contact not supported,[913],False,True,[65],True
2024-07-11 15:58:46.744342,77,Sensor contact not supported,[905],False,True,[66],True
2024-07-11 15:58:47.659211,74,Sensor contact not supported,[952],False,True,[63],True
2024-07-11 15:58:48.619411,72,Sensor contact not supported,[967],False,True,[62],True
2024-07-11 15:58:49.548831,70,Sensor contact not supported,[920],False,True,[65],True
2024-07-11 15:58:50.403883,71,Sensor contact not supported,[827],False,True,[72],True
2024-07-11 15:58:51.139669,71,Sensor contact not supported,[780],False,True,[76],True
2024-07-11 15:58:51.994080,72,Sensor contact not supported,[795],False,True,[75],True
2024-07-11 15:58:52.804154,72,Sensor contact not supported,[819],False,True,[73],True
2024-07-11 15:58:53.614260,73,Sensor contact not supported,[803],False,True,[74],True
2024-07-11 15:58:54.364521,74,Sensor contact not supported,[788],False,True,[76],True
2024-07-11 15:58:55.219216,74,Sensor contact not supported,[811],False,True,[73],True
2024-07-11 15:58:56.059537,72,Sensor contact not supported,[881],False,True,[68],True
2024-07-11 15:58:57.004075,71,Sensor contact not supported,[944],False,True,[63],True
2024-07-11 15:58:57.934333,69,Sensor contact not supported,[928],False,True,[64],True
2024-07-11 15:58:58.865090,68,Sensor contact not supported,[920],False,True,[65],True
2024-07-11 15:58:59.793990,66,Sensor contact not supported,[936],False,True,[64],True
2024-07-11 15:59:00.724724,66,Sensor contact not supported,[928],False,True,[64],True
2024-07-11 15:59:01.653875,66,Sensor contact not supported,[897],False,True,[66],True
2024-07-11 15:59:02.478957,67,Sensor contact not supported,[866],False,True,[69],True
2024-07-11 15:59:03.349530,67,Sensor contact not supported,[866],False,True,[69],True
2024-07-11 15:59:04.219568,68,Sensor contact not supported,[866],False,True,[69],True
2024-07-11 15:59:05.089473,68,Sensor contact not supported,[866],False,True,[69],True
2024-07-11 15:59:05.944208,69,Sensor contact not supported,[850],False,True,[70],True
2024-07-11 15:59:06.784022,69,Sensor contact not supported,[842],False,True,[71],True
2024-07-11 15:59:07.654739,69,Sensor contact not supported,[875],False,True,[68],True
2024-07-11 15:59:08.554291,69,Sensor contact not supported,[881],False,True,[68],True
2024-07-11 15:59:09.440012,68,Sensor contact not supported,[905],False,True,[66],True
2024-07-11 15:59:10.354018,67,Sensor contact not supported,[913],False,True,[65],True
2024-07-11 15:59:11.269463,67,Sensor contact not supported,[897],False,True,[66],True
2024-07-11 15:59:12.154477,67,Sensor contact not supported,[897],False,True,[66],True
2024-07-11 15:59:13.025149,67,Sensor contact not supported,[866],False,True,[69],True
2024-07-11 15:59:13.864087,68,Sensor contact not supported,[842],False,True,[71],True
2024-07-11 15:59:14.689206,70,Sensor contact not supported,[819],False,True,[73],True
2024-07-11 15:59:15.528824,70,Sensor contact not supported,[842],False,True,[71],True
2024-07-11 15:59:16.369676,70,Sensor contact not supported,[834],False,True,[71],True
2024-07-11 15:59:17.209415,71,Sensor contact not supported,[834],False,True,[71],True
2024-07-11 15:59:18.079327,70,Sensor contact not supported,[875],False,True,[68],True
2024-07-11 15:59:19.024813,69,Sensor contact not supported,[897],False,True,[66],True
2024-07-11 15:59:19.864276,68,Sensor contact not supported,[881],False,True,[68],True
2024-07-11 15:59:20.749492,68,Sensor contact not supported,[889],False,True,[67],True
2024-07-11 15:59:21.635148,68,Sensor contact not supported,[881],False,True,[68],True
2024-07-11 15:59:22.519560,68,Sensor contact not supported,[875],False,True,[68],True
2024-07-11 15:59:23.389565,68,Sensor contact not supported,[881],False,True,[68],True
2024-07-11 15:59:24.289462,69,Sensor contact not supported,[850],False,True,[70],True
2024-07-11 15:59:25.054346,70,Sensor contact not supported,[803],False,True,[74],True
2024-07-11 15:59:25.849470,72,Sensor contact not supported,[795],False,True,[75],True
2024-07-11 15:59:26.704380,72,Sensor contact not supported,[811],False,True,[73],True
2024-07-11 15:59:27.440151,73,Sensor contact not supported,[788],False,True,[76],True
2024-07-11 15:59:28.294895,73,Sensor contact not supported,[811],False,True,[73],True
2024-07-11 15:59:29.104306,74,Sensor contact not supported,[803],False,True,[74],True
2024-07-11 15:59:29.915080,74,Sensor contact not supported,[811],False,True,[73],True
2024-07-11 15:59:30.723929,74,Sensor contact not supported,[811],False,True,[73],True
2024-07-11 15:59:31.504315,74,Sensor contact not supported,[811],False,True,[73],True
2024-07-11 15:59:32.284500,74,Sensor contact not supported,[788],False,True,[76],True
2024-07-11 15:59:33.139221,74,Sensor contact not supported,[803],False,True,[74],True
2024-07-11 15:59:33.949389,74,Sensor contact not supported,[811],False,True,[73],True
2024-07-11 15:59:34.773866,72,Sensor contact not supported,[875],False,True,[68],True
2024-07-11 15:59:35.719083,70,Sensor contact not supported,[897],False,True,[66],True
2024-07-11 15:59:36.589323,69,Sensor contact not supported,[897],False,True,[66],True
2024-07-11 15:59:37.533908,68,Sensor contact not supported,[905],False,True,[66],True
2024-07-11 15:59:38.374128,68,Sensor contact not supported,[881],False,True,[68],True
2024-07-11 15:59:39.214182,69,Sensor contact not supported,[842],False,True,[71],True
2024-07-11 15:59:40.039741,70,Sensor contact not supported,[827],False,True,[72],True
2024-07-11 15:59:40.894754,71,Sensor contact not supported,[803],False,True,[74],True
2024-07-11 15:59:41.643839,72,Sensor contact not supported,[795],False,True,[75],True
2024-07-11 15:59:42.438845,73,Sensor contact not supported,[803],False,True,[74],True
2024-07-11 15:59:43.294540,73,Sensor contact not supported,[803],False,True,[74],True
2024-07-11 15:59:44.089246,73,Sensor contact not supported,[834],False,True,[71],True
2024-07-11 15:59:44.959201,72,Sensor contact not supported,[858],False,True,[69],True
2024-07-11 15:59:45.859416,71,Sensor contact not supported,[866],False,True,[69],True
2024-07-11 15:59:46.713948,70,Sensor contact not supported,[858],False,True,[69],True
2024-07-11 15:59:47.614408,69,Sensor contact not supported,[889],False,True,[67],True
2024-07-11 15:59:48.484192,68,Sensor contact not supported,[913],False,True,[65],True
2024-07-11 15:59:49.428800,67,Sensor contact not supported,[913],False,True,[65],True
2024-07-11 15:59:50.253784,68,Sensor contact not supported,[858],False,True,[69],True
2024-07-11 15:59:51.093932,69,Sensor contact not supported,[842],False,True,[71],True
2024-07-11 15:59:51.949606,69,Sensor contact not supported,[850],False,True,[70],True
2024-07-11 15:59:52.849424,69,Sensor contact not supported,[858],False,True,[69],True
2024-07-11 15:59:53.644291,70,Sensor contact not supported,[842],False,True,[71],True
2024-07-11 15:59:54.500075,70,Sensor contact not supported,[842],False,True,[71],True
2024-07-11 15:59:55.323828,70,Sensor contact not supported,[834],False,True,[71],True
2024-07-11 15:59:56.149216,71,Sensor contact not supported,[819],False,True,[73],True
2024-07-11 15:59:57.019403,72,Sensor contact not supported,[819],False,True,[73],True
2024-07-11 15:59:57.798828,72,Sensor contact not supported,[819],False,True,[73],True
2024-07-11 15:59:58.624371,72,Sensor contact not supported,[834],False,True,[71],True
2024-07-11 15:59:59.464410,72,Sensor contact not supported,[834],False,True,[71],True
2024-07-11 16:00:00.289501,72,Sensor contact not supported,[834],False,True,[71],True
2024-07-11 16:00:01.144484,71,Sensor contact not supported,[850],False,True,[70],True
2024-07-11 16:00:02.014113,71,Sensor contact not supported,[858],False,True,[69],True
2024-07-11 16:00:02.853922,70,Sensor contact not supported,[850],False,True,[70],True
2024-07-11 16:00:03.754273,70,Sensor contact not supported,[842],False,True,[71],True
2024-07-11 16:00:04.563928,71,Sensor contact not supported,[819],False,True,[73],True
2024-07-11 16:00:05.374460,72,Sensor contact not supported,[811],False,True,[73],True
2024-07-11 16:00:06.124590,73,Sensor contact not supported,[795],False,True,[75],True
2024-07-11 16:00:06.889041,75,Sensor contact not supported,[756],False,True,[79],True
2024-07-11 16:00:07.639242,76,Sensor contact not supported,[750],False,True,[80],True
2024-07-11 16:00:08.374375,77,Sensor contact not supported,[741],False,True,[80],True
2024-07-11 16:00:09.184502,78,Sensor contact not supported,[750],False,True,[80],True
2024-07-11 16:00:09.949408,78,Sensor contact not supported,[772],False,True,[77],True
2024-07-11 16:00:10.729518,76,Sensor contact not supported,[827],False,True,[72],True
2024-07-11 16:00:11.599434,75,Sensor contact not supported,[866],False,True,[69],True
2024-07-11 16:00:12.499411,74,Sensor contact not supported,[850],False,True,[70],True
2024-07-11 16:00:13.280013,73,Sensor contact not supported,[819],False,True,[73],True
2024-07-11 16:00:14.074450,74,Sensor contact not supported,[795],False,True,[75],True
2024-07-11 16:00:14.854608,74,Sensor contact not supported,[788],False,True,[76],True
2024-07-11 16:00:15.664545,76,Sensor contact not supported,[764],False,True,[78],True
2024-07-11 16:00:16.429635,77,Sensor contact not supported,[756],False,True,[79],True
2024-07-11 16:00:17.194367,77,Sensor contact not supported,[764],False,True,[78],True
2024-07-11 16:00:17.944140,76,Sensor contact not supported,[795],False,True,[75],True
2024-07-11 16:00:18.798814,76,Sensor contact not supported,[803],False,True,[74],True
2024-07-11 16:00:19.579250,75,Sensor contact not supported,[827],False,True,[72],True
2024-07-11 16:00:20.479953,73,Sensor contact not supported,[858],False,True,[69],True
2024-07-11 16:00:21.334567,72,Sensor contact not supported,[858],False,True,[69],True
2024-07-11 16:00:22.159643,71,Sensor contact not supported,[858],False,True,[69],True
2024-07-11 16:00:23.059366,71,Sensor contact not supported,[850],False,True,[70],True
2024-07-11 16:00:23.853989,71,Sensor contact not supported,[834],False,True,[71],True
2024-07-11 16:00:24.679058,71,Sensor contact not supported,[842],False,True,[71],True
2024-07-11 16:00:25.519164,71,Sensor contact not supported,[834],False,True,[71],True
2024-07-11 16:00:26.344080,72,Sensor contact not supported,[819],False,True,[73],True
2024-07-11 16:00:27.138989,73,Sensor contact not supported,[795],False,True,[75],True
2024-07-11 16:00:27.919204,74,Sensor contact not supported,[772],False,True,[77],True
2024-07-11 16:00:28.698988,75,Sensor contact not supported,[780],False,True,[76],True
2024-07-11 16:00:29.449162,76,Sensor contact not supported,[756],False,True,[79],True
2024-07-11 16:00:30.198906,77,Sensor contact not supported,[750],False,True,[80],True
2024-07-11 16:00:30.948697,78,Sensor contact not supported,[750],False,True,[80],True
2024-07-11 16:00:31.699814,78,Sensor contact not supported,[750],False,True,[80],True
2024-07-11 16:00:32.479128,78,Sensor contact not supported,[772],False,True,[77],True
2024-07-11 16:00:33.289638,77,Sensor contact not supported,[780],False,True,[76],True
2024-07-11 16:00:34.069623,76,Sensor contact not supported,[803],False,True,[74],True
2024-07-11 16:00:34.923990,76,Sensor contact not supported,[811],False,True,[73],True
2024-07-11 16:00:35.674589,75,Sensor contact not supported,[795],False,True,[75],True
2024-07-11 16:00:36.529451,75,Sensor contact not supported,[819],False,True,[73],True
2024-07-11 16:00:37.309493,74,Sensor contact not supported,[811],False,True,[73],True
2024-07-11 16:00:38.104007,74,Sensor contact not supported,[795],False,True,[75],True
2024-07-11 16:00:38.959370,74,Sensor contact not supported,[811],False,True,[73],True
2024-07-11 16:00:39.769710,74,Sensor contact not supported,[811],False,True,[73],True
2024-07-11 16:00:40.519484,74,Sensor contact not supported,[788],False,True,[76],True
2024-07-11 16:00:41.314453,75,Sensor contact not supported,[795],False,True,[75],True
2024-07-11 16:00:42.109412,75,Sensor contact not supported,[795],False,True,[75],True
2024-07-11 16:00:42.964515,75,Sensor contact not supported,[803],False,True,[74],True
2024-07-11 16:00:43.699671,75,Sensor contact not supported,[780],False,True,[76],True
2024-07-11 16:00:44.494734,75,Sensor contact not supported,[803],False,True,[74],True
2024-07-11 16:00:45.349605,74,Sensor contact not supported,[811],False,True,[73],True
2024-07-11 16:00:46.099694,75,Sensor contact not supported,[780],False,True,[76],True
2024-07-11 16:00:46.894332,75,Sensor contact not supported,[795],False,True,[75],True
2024-07-11 16:00:47.690038,75,Sensor contact not supported,[795],False,True,[75],True
2024-07-11 16:00:48.484166,75,Sensor contact not supported,[795],False,True,[75],True
2024-07-11 16:00:49.264450,75,Sensor contact not supported,[780],False,True,[76],True
2024-07-11 16:00:50.119275,75,Sensor contact not supported,[811],False,True,[73],True
2024-07-11 16:00:50.899745,74,Sensor contact not supported,[827],False,True,[72],True
2024-07-11 16:00:51.754504,74,Sensor contact not supported,[795],False,True,[75],True
2024-07-11 16:00:52.534584,74,Sensor contact not supported,[827],False,True,[72],True
2024-07-11 16:00:53.434337,72,Sensor contact not supported,[858],False,True,[69],True
2024-07-11 16:00:54.229853,72,Sensor contact not supported,[834],False,True,[71],True
2024-07-11 16:00:55.054599,72,Sensor contact not supported,[827],False,True,[72],True
2024-07-11 16:00:55.894557,72,Sensor contact not supported,[827],False,True,[72],True
2024-07-11 16:00:56.748842,72,Sensor contact not supported,[819],False,True,[73],True
2024-07-11 16:00:57.499442,73,Sensor contact not supported,[795],False,True,[75],True
2024-07-11 16:00:58.354406,73,Sensor contact not supported,[803],False,True,[74],True
2024-07-11 16:00:59.104284,74,Sensor contact not supported,[803],False,True,[74],True
2024-07-11 16:00:59.959377,74,Sensor contact not supported,[803],False,True,[74],True
2024-07-11 16:01:00.769313,74,Sensor contact not supported,[811],False,True,[73],True
2024-07-11 16:01:01.564482,73,Sensor contact not supported,[834],False,True,[71],True
2024-07-11 16:01:02.404104,72,Sensor contact not supported,[834],False,True,[71],True
2024-07-11 16:01:03.243735,72,Sensor contact not supported,[842],False,True,[71],True
2024-07-11 16:01:04.114774,71,Sensor contact not supported,[858],False,True,[69],True
2024-07-11 16:01:04.953834,71,Sensor contact not supported,[850],False,True,[70],True
2024-07-11 16:01:05.809341,72,Sensor contact not supported,[811],False,True,[73],True
2024-07-11 16:01:06.559734,73,Sensor contact not supported,[795],False,True,[75],True
2024-07-11 16:01:07.354623,73,Sensor contact not supported,[795],False,True,[75],True
2024-07-11 16:01:08.179674,74,Sensor contact not supported,[780],False,True,[76],True
2024-07-11 16:01:08.929101,75,Sensor contact not supported,[788],False,True,[76],True
2024-07-11 16:01:09.724020,75,Sensor contact not supported,[795],False,True,[75],True
2024-07-11 16:01:10.579154,75,Sensor contact not supported,[803],False,True,[74],True
2024-07-11 16:01:11.328771,75,Sensor contact not supported,[795],False,True,[75],True
2024-07-11 16:01:12.184729,74,Sensor contact not supported,[803],False,True,[74],True
2024-07-11 16:01:12.934434,75,Sensor contact not supported,[795],False,True,[75],True
2024-07-11 16:01:13.714857,75,Sensor contact not supported,[780],False,True,[76],True
2024-07-11 16:01:14.494447,76,Sensor contact not supported,[780],False,True,[76],True
2024-07-11 16:01:15.304439,76,Sensor contact not supported,[772],False,True,[77],True
2024-07-11 16:01:16.069679,77,Sensor contact not supported,[764],False,True,[78],True
2024-07-11 16:01:16.834384,77,Sensor contact not supported,[764],False,True,[78],True
2024-07-11 16:01:17.568960,77,Sensor contact not supported,[772],False,True,[77],True
2024-07-11 16:01:18.348857,77,Sensor contact not supported,[772],False,True,[77],True
2024-07-11 16:01:19.129539,77,Sensor contact not supported,[780],False,True,[76],True
2024-07-11 16:01:19.924225,76,Sensor contact not supported,[795],False,True,[75],True
2024-07-11 16:01:20.779516,75,Sensor contact not supported,[811],False,True,[73],True
2024-07-11 16:01:21.514344,75,Sensor contact not supported,[788],False,True,[76],True
2024-07-11 16:01:22.324286,76,Sensor contact not supported,[764],False,True,[78],True
2024-07-11 16:01:23.089329,77,Sensor contact not supported,[764],False,True,[78],True
2024-07-11 16:01:23.854734,77,Sensor contact not supported,[764],False,True,[78],True
2024-07-11 16:01:24.619647,78,Sensor contact not supported,[756],False,True,[79],True
2024-07-11 16:01:25.384462,78,Sensor contact not supported,[764],False,True,[78],True
2024-07-11 16:01:26.149406,78,Sensor contact not supported,[772],False,True,[77],True
2024-07-11 16:01:26.884597,78,Sensor contact not supported,[764],False,True,[78],True
2024-07-11 16:01:27.694130,78,Sensor contact not supported,[764],False,True,[78],True
2024-07-11 16:01:28.400444,78,Sensor contact not supported,[756],False,True,[79],True
2024-07-11 16:01:29.150166,79,Sensor contact not supported,[750],False,True,[80],True
2024-07-11 16:01:29.899098,79,Sensor contact not supported,[750],False,True,[80],True
2024-07-11 16:01:30.693981,79,Sensor contact not supported,[756],False,True,[79],True
2024-07-11 16:01:31.459444,79,Sensor contact not supported,[750],False,True,[80],True
2024-07-11 16:01:32.164161,79,Sensor contact not supported,[750],False,True,[80],True
2024-07-11 16:01:32.899140,80,Sensor contact not supported,[741],False,True,[80],True
2024-07-11 16:01:33.679391,80,Sensor contact not supported,[733],False,True,[81],True
2024-07-11 16:01:34.398749,81,Sensor contact not supported,[725],False,True,[82],True
2024-07-11 16:01:35.089253,81,Sensor contact not supported,[717],False,True,[83],True
2024-07-11 16:01:35.854354,82,Sensor contact not supported,[725],False,True,[82],True
2024-07-11 16:01:36.559043,81,Sensor contact not supported,[741],False,True,[80],True
2024-07-11 16:01:37.368844,80,Sensor contact not supported,[772],False,True,[77],True
2024-07-11 16:01:38.179430,78,Sensor contact not supported,[811],False,True,[73],True
2024-07-11 16:01:39.034540,77,Sensor contact not supported,[850],False,True,[70],True
2024-07-11 16:01:39.889389,75,Sensor contact not supported,[850],False,True,[70],True
2024-07-11 16:01:40.744312,74,Sensor contact not supported,[850],False,True,[70],True
2024-07-11 16:01:41.554392,73,Sensor contact not supported,[819],False,True,[73],True
2024-07-11 16:01:42.364104,74,Sensor contact not supported,[803],False,True,[74],True
2024-07-11 16:01:43.114195,74,Sensor contact not supported,[788],False,True,[76],True
2024-07-11 16:01:43.909429,75,Sensor contact not supported,[764],False,True,[78],True
2024-07-11 16:01:44.614113,77,Sensor contact not supported,[733],False,True,[81],True
2024-07-11 16:01:45.379417,79,Sensor contact not supported,[725],False,True,[82],True
2024-07-11 16:01:46.099440,80,Sensor contact not supported,[725],False,True,[82],True
2024-07-11 16:01:46.864638,80,Sensor contact not supported,[750],False,True,[80],True
2024-07-11 16:01:47.674181,78,Sensor contact not supported,[819],False,True,[73],True
2024-07-11 16:01:48.529092,77,Sensor contact not supported,[850],False,True,[70],True
2024-07-11 16:01:49.399408,75,Sensor contact not supported,[858],False,True,[69],True
2024-07-11 16:01:50.253830,73,Sensor contact not supported,[858],False,True,[69],True
2024-07-11 16:01:51.049480,72,Sensor contact not supported,[850],False,True,[70],True
2024-07-11 16:01:51.948694,72,Sensor contact not supported,[834],False,True,[71],True
2024-07-11 16:01:52.728806,72,Sensor contact not supported,[827],False,True,[72],True
2024-07-11 16:01:53.584609,72,Sensor contact not supported,[819],False,True,[73],True
2024-07-11 16:01:54.334365,73,Sensor contact not supported,[795],False,True,[75],True
2024-07-11 16:01:55.129678,74,Sensor contact not supported,[788],False,True,[76],True
2024-07-11 16:01:55.909641,75,Sensor contact not supported,[780],False,True,[76],True
2024-07-11 16:01:56.719070,75,Sensor contact not supported,[780],False,True,[76],True
2024-07-11 16:01:57.484030,75,Sensor contact not supported,[788],False,True,[76],True
2024-07-11 16:01:58.278842,75,Sensor contact not supported,[803],False,True,[74],True
2024-07-11 16:01:59.134601,74,Sensor contact not supported,[811],False,True,[73],True
2024-07-11 16:01:59.944506,74,Sensor contact not supported,[803],False,True,[74],True
2024-07-11 16:02:00.753994,74,Sensor contact not supported,[803],False,True,[74],True
2024-07-11 16:02:01.504392,74,Sensor contact not supported,[803],False,True,[74],True
2024-07-11 16:02:02.299400,74,Sensor contact not supported,[795],False,True,[75],True
2024-07-11 16:02:03.079470,75,Sensor contact not supported,[780],False,True,[76],True
2024-07-11 16:02:03.859214,76,Sensor contact not supported,[772],False,True,[77],True
2024-07-11 16:02:04.639434,76,Sensor contact not supported,[780],False,True,[76],True
2024-07-11 16:02:05.464413,75,Sensor contact not supported,[811],False,True,[73],True
2024-07-11 16:02:05.869553,75,Sensor contact not supported,[327],False,True,[183],True
2024-07-11 16:02:06.334316,75,Sensor contact not supported,[553],False,True,[108],True
2024-07-11 16:02:07.248960,74,Sensor contact not supported,[905],False,True,[66],True
2024-07-11 16:02:08.119709,72,Sensor contact not supported,[875],False,True,[68],True
2024-07-11 16:02:08.989801,71,Sensor contact not supported,[875],False,True,[68],True
2024-07-11 16:02:09.859600,71,Sensor contact not supported,[858],False,True,[69],True
2024-07-11 16:02:10.759680,70,Sensor contact not supported,[858],False,True,[69],True
2024-07-11 16:02:11.314716,70,Sensor contact not supported,[639],False,True,[93],True
2024-07-11 16:02:11.599301,70,Sensor contact not supported,[256],False,True,[234],True
2024-07-11 16:02:12.408751,71,Sensor contact not supported,[750],False,True,[80],True
2024-07-11 16:02:13.144023,72,Sensor contact not supported,[788],False,True,[76],True
2024-07-11 16:02:13.954233,74,Sensor contact not supported,[764],False,True,[78],True
2024-07-11 16:02:14.689639,75,Sensor contact not supported,[772],False,True,[77],True
2024-07-11 16:02:15.469368,75,Sensor contact not supported,[788],False,True,[76],True
2024-07-11 16:02:16.264440,75,Sensor contact not supported,[788],False,True,[76],True
2024-07-11 16:02:17.119351,75,Sensor contact not supported,[811],False,True,[73],True
2024-07-11 16:02:17.869709,75,Sensor contact not supported,[795],False,True,[75],True
2024-07-11 16:02:18.724295,75,Sensor contact not supported,[803],False,True,[74],True
2024-07-11 16:02:19.534349,74,Sensor contact not supported,[803],False,True,[74],True
2024-07-11 16:02:20.284027,75,Sensor contact not supported,[795],False,True,[75],True
2024-07-11 16:02:21.064497,75,Sensor contact not supported,[788],False,True,[76],True
2024-07-11 16:02:21.859485,75,Sensor contact not supported,[788],False,True,[76],True
2024-07-11 16:02:22.654664,75,Sensor contact not supported,[788],False,True,[76],True
2024-07-11 16:02:23.434579,76,Sensor contact not supported,[780],False,True,[76],True
2024-07-11 16:02:24.229477,75,Sensor contact not supported,[795],False,True,[75],True
2024-07-11 16:02:25.009350,75,Sensor contact not supported,[788],False,True,[76],True
2024-07-11 16:02:25.834377,76,Sensor contact not supported,[772],False,True,[77],True
2024-07-11 16:02:26.656893,76,Sensor contact not supported,[772],False,True,[77],True
