timestamp_received,rr,rr_interval,hr,ee_status,rr_hr,hrv_uint8,sensor_contact
2024-06-20 10:04:26.233258,[366],True,163,False,[163],True,Sensor contact not supported
2024-06-20 10:04:26.547980,[264],True,170,False,[227],True,Sensor contact not supported
2024-06-20 10:04:27.282858,[725],True,82,False,[82],True,Sensor contact not supported
2024-06-20 10:04:28.003450,[733],True,82,False,[81],True,Sensor contact not supported
2024-06-20 10:04:28.737741,[733],True,82,False,[81],True,Sensor contact not supported
2024-06-20 10:04:29.428506,[725],True,82,False,[82],True,Sensor contact not supported
2024-06-20 10:04:30.162874,[733],True,82,False,[81],True,Sensor contact not supported
2024-06-20 10:04:30.898414,[725],True,82,False,[82],True,Sensor contact not supported
2024-06-20 10:04:31.662669,[733],True,82,False,[81],True,Sensor contact not supported
2024-06-20 10:04:32.353192,[725],True,82,False,[82],True,Sensor contact not supported
2024-06-20 10:04:33.088591,[733],True,82,False,[81],True,Sensor contact not supported
2024-06-20 10:04:33.852994,[725],True,82,False,[82],True,Sensor contact not supported
2024-06-20 10:04:34.543489,[733],True,82,False,[81],True,Sensor contact not supported
2024-06-20 10:04:35.278029,[725],True,82,False,[82],True,Sensor contact not supported
2024-06-20 10:04:36.042844,[733],True,82,False,[81],True,Sensor contact not supported
2024-06-20 10:04:36.733542,[733],True,82,False,[81],True,Sensor contact not supported
2024-06-20 10:04:37.468020,[725],True,82,False,[82],True,Sensor contact not supported
2024-06-20 10:04:38.203122,[733],True,82,False,[81],True,Sensor contact not supported
2024-06-20 10:04:38.982723,[725],True,82,False,[82],True,Sensor contact not supported
2024-06-20 10:04:39.703336,[733],True,82,False,[81],True,Sensor contact not supported
2024-06-20 10:04:40.393293,[725],True,82,False,[82],True,Sensor contact not supported
2024-06-20 10:04:41.128244,[733],True,82,False,[81],True,Sensor contact not supported
2024-06-20 10:04:41.893141,[725],True,82,False,[82],True,Sensor contact not supported
2024-06-20 10:04:42.583102,[733],True,82,False,[81],True,Sensor contact not supported
2024-06-20 10:04:43.318537,[725],True,82,False,[82],True,Sensor contact not supported
2024-06-20 10:04:44.083301,[733],True,82,False,[81],True,Sensor contact not supported
2024-06-20 10:04:44.773510,[725],True,82,False,[82],True,Sensor contact not supported
2024-06-20 10:04:45.507647,[733],True,82,False,[81],True,Sensor contact not supported
2024-06-20 10:04:46.243463,[725],True,82,False,[82],True,Sensor contact not supported
2024-06-20 10:04:47.023211,[733],True,82,False,[81],True,Sensor contact not supported
2024-06-20 10:04:47.742958,[733],True,81,False,[81],True,Sensor contact not supported
2024-06-20 10:04:48.432822,[725],True,82,False,[82],True,Sensor contact not supported
2024-06-20 10:04:49.198477,[733],True,82,False,[81],True,Sensor contact not supported
2024-06-20 10:04:49.888050,[725],True,82,False,[82],True,Sensor contact not supported
2024-06-20 10:04:50.623354,[733],True,82,False,[81],True,Sensor contact not supported
2024-06-20 10:04:51.357909,[725],True,82,False,[82],True,Sensor contact not supported
2024-06-20 10:04:52.077736,[733],True,82,False,[81],True,Sensor contact not supported
2024-06-20 10:04:52.812901,[725],True,82,False,[82],True,Sensor contact not supported
2024-06-20 10:04:53.548378,[733],True,82,False,[81],True,Sensor contact not supported
2024-06-20 10:04:54.327924,[725],True,82,False,[82],True,Sensor contact not supported
2024-06-20 10:04:55.048332,[733],True,82,False,[81],True,Sensor contact not supported
2024-06-20 10:04:55.737805,[725],True,82,False,[82],True,Sensor contact not supported
2024-06-20 10:04:56.472649,[733],True,82,False,[81],True,Sensor contact not supported
2024-06-20 10:04:57.238048,[733],True,81,False,[81],True,Sensor contact not supported
2024-06-20 10:04:57.973106,[725],True,82,False,[82],True,Sensor contact not supported
2024-06-20 10:04:58.663555,[733],True,82,False,[81],True,Sensor contact not supported
2024-06-20 10:04:59.398415,[725],True,82,False,[82],True,Sensor contact not supported
2024-06-20 10:05:00.163141,[733],True,82,False,[81],True,Sensor contact not supported
2024-06-20 10:05:00.898294,[725],True,82,False,[82],True,Sensor contact not supported
2024-06-20 10:05:01.588440,[733],True,82,False,[81],True,Sensor contact not supported
2024-06-20 10:05:02.353438,[725],True,82,False,[82],True,Sensor contact not supported
2024-06-20 10:05:03.042841,[733],True,82,False,[81],True,Sensor contact not supported
2024-06-20 10:05:03.777998,[725],True,82,False,[82],True,Sensor contact not supported
2024-06-20 10:05:04.542709,[733],True,82,False,[81],True,Sensor contact not supported
2024-06-20 10:05:05.233527,[725],True,82,False,[82],True,Sensor contact not supported
2024-06-20 10:05:06.012799,[733],True,82,False,[81],True,Sensor contact not supported
2024-06-20 10:05:06.703476,[725],True,82,False,[82],True,Sensor contact not supported
2024-06-20 10:05:07.482961,[733],True,82,False,[81],True,Sensor contact not supported
2024-06-20 10:05:08.203033,[733],True,81,False,[81],True,Sensor contact not supported
2024-06-20 10:05:08.893023,[725],True,82,False,[82],True,Sensor contact not supported
2024-06-20 10:05:09.658435,[733],True,82,False,[81],True,Sensor contact not supported
2024-06-20 10:05:10.348076,[725],True,82,False,[82],True,Sensor contact not supported
2024-06-20 10:05:11.083025,[733],True,82,False,[81],True,Sensor contact not supported
2024-06-20 10:05:11.863465,[725],True,82,False,[82],True,Sensor contact not supported
2024-06-20 10:05:12.583028,[733],True,82,False,[81],True,Sensor contact not supported
2024-06-20 10:05:13.273359,[725],True,82,False,[82],True,Sensor contact not supported
2024-06-20 10:05:14.008472,[733],True,82,False,[81],True,Sensor contact not supported
2024-06-20 10:05:14.743336,[725],True,82,False,[82],True,Sensor contact not supported
2024-06-20 10:05:15.508380,[733],True,82,False,[81],True,Sensor contact not supported
2024-06-20 10:05:16.198231,[725],True,82,False,[82],True,Sensor contact not supported
2024-06-20 10:05:16.933510,[733],True,82,False,[81],True,Sensor contact not supported
2024-06-20 10:05:17.697846,[725],True,82,False,[82],True,Sensor contact not supported
2024-06-20 10:05:18.387857,[733],True,82,False,[81],True,Sensor contact not supported
2024-06-20 10:05:19.122639,[733],True,81,False,[81],True,Sensor contact not supported
2024-06-20 10:05:19.858156,[725],True,82,False,[82],True,Sensor contact not supported
2024-06-20 10:05:20.623433,[733],True,82,False,[81],True,Sensor contact not supported
2024-06-20 10:05:21.312949,[725],True,82,False,[82],True,Sensor contact not supported
2024-06-20 10:05:22.048415,[733],True,82,False,[81],True,Sensor contact not supported
2024-06-20 10:05:22.828458,[725],True,82,False,[82],True,Sensor contact not supported
2024-06-20 10:05:23.547966,[733],True,82,False,[81],True,Sensor contact not supported
2024-06-20 10:05:24.238109,[725],True,82,False,[82],True,Sensor contact not supported
2024-06-20 10:05:25.002737,[733],True,82,False,[81],True,Sensor contact not supported
2024-06-20 10:05:25.692750,[725],True,82,False,[82],True,Sensor contact not supported
2024-06-20 10:05:26.427941,[733],True,82,False,[81],True,Sensor contact not supported
2024-06-20 10:05:27.117950,[663],True,82,False,[90],True,Sensor contact not supported
2024-06-20 10:05:27.837866,[702],True,83,False,[85],True,Sensor contact not supported
2024-06-20 10:05:28.452661,[663],True,85,False,[90],True,Sensor contact not supported
2024-06-20 10:05:29.127952,[631],True,86,False,[95],True,Sensor contact not supported
2024-06-20 10:05:29.713240,[577],True,87,False,[103],True,Sensor contact not supported
2024-06-20 10:05:30.223444,[561],True,87,False,[106],True,Sensor contact not supported
2024-06-20 10:05:30.808409,[538],True,88,False,[111],True,Sensor contact not supported
2024-06-20 10:05:31.348154,[538],True,88,False,[111],True,Sensor contact not supported
2024-06-20 10:05:31.888259,[530],True,88,False,[113],True,Sensor contact not supported
2024-06-20 10:05:32.368230,[522],True,88,False,[114],True,Sensor contact not supported
2024-06-20 10:05:32.892936,[522],True,88,False,[114],True,Sensor contact not supported
2024-06-20 10:05:33.403437,[514],True,88,False,[116],True,Sensor contact not supported
2024-06-20 10:05:33.913234,[506],True,88,False,[118],True,Sensor contact not supported
2024-06-20 10:05:34.422823,[506],True,88,False,[118],True,Sensor contact not supported
2024-06-20 10:05:34.962698,[500],True,88,False,[120],True,Sensor contact not supported
2024-06-20 10:05:35.458086,[491],True,88,False,[122],True,Sensor contact not supported
2024-06-20 10:05:35.892675,[483],True,88,False,[124],True,Sensor contact not supported
2024-06-20 10:05:36.373275,[491],True,88,False,[122],True,Sensor contact not supported
2024-06-20 10:05:36.912793,[475],True,92,False,[126],True,Sensor contact not supported
2024-06-20 10:05:37.333358,[467],True,97,False,[128],True,Sensor contact not supported
2024-06-20 10:05:37.797994,[467],True,102,False,[128],True,Sensor contact not supported
2024-06-20 10:05:38.263221,[467],True,107,False,[128],True,Sensor contact not supported
2024-06-20 10:05:38.728349,[459],True,111,False,[130],True,Sensor contact not supported
2024-06-20 10:05:39.223277,[452],True,115,False,[132],True,Sensor contact not supported
2024-06-20 10:05:39.642801,[452],True,119,False,[132],True,Sensor contact not supported
2024-06-20 10:05:40.138557,[452],True,123,False,[132],True,Sensor contact not supported
2024-06-20 10:05:40.543065,[444],True,126,False,[135],True,Sensor contact not supported
2024-06-20 10:05:41.037618,[452],True,128,False,[132],True,Sensor contact not supported
2024-06-20 10:05:41.427708,[436],True,131,False,[137],True,Sensor contact not supported
2024-06-20 10:05:41.848398,[420],True,132,False,[142],True,Sensor contact not supported
2024-06-20 10:05:42.283207,[428],True,134,False,[140],True,Sensor contact not supported
2024-06-20 10:05:42.777656,[452],True,134,False,[132],True,Sensor contact not supported
2024-06-20 10:05:43.153363,[428],True,135,False,[140],True,Sensor contact not supported
2024-06-20 10:05:43.588392,[428],True,137,False,[140],True,Sensor contact not supported
2024-06-20 10:05:44.023005,[420],True,138,False,[142],True,Sensor contact not supported
2024-06-20 10:05:44.443152,[420],True,139,False,[142],True,Sensor contact not supported
2024-06-20 10:05:44.862746,[420],True,140,False,[142],True,Sensor contact not supported
2024-06-20 10:05:45.283353,[420],True,141,False,[142],True,Sensor contact not supported
2024-06-20 10:05:45.732651,[413],True,142,False,[145],True,Sensor contact not supported
2024-06-20 10:05:46.108486,[420],True,142,False,[142],True,Sensor contact not supported
2024-06-20 10:05:46.527654,[413],True,143,False,[145],True,Sensor contact not supported
2024-06-20 10:05:46.948060,[413],True,143,False,[145],True,Sensor contact not supported
2024-06-20 10:05:47.352713,[413],True,144,False,[145],True,Sensor contact not supported
2024-06-20 10:05:47.817611,[405],True,145,False,[148],True,Sensor contact not supported
2024-06-20 10:05:48.222915,[405],True,146,False,[148],True,Sensor contact not supported
2024-06-20 10:05:48.568287,[405],True,146,False,[148],True,Sensor contact not supported
2024-06-20 10:05:49.017598,[397],True,147,False,[151],True,Sensor contact not supported
2024-06-20 10:05:49.437664,[405],True,147,False,[148],True,Sensor contact not supported
2024-06-20 10:05:49.782679,[405],True,147,False,[148],True,Sensor contact not supported
2024-06-20 10:05:50.232646,[389],True,149,False,[154],True,Sensor contact not supported
2024-06-20 10:05:50.638031,[405],True,149,False,[148],True,Sensor contact not supported
2024-06-20 10:05:50.982591,[397],True,149,False,[151],True,Sensor contact not supported
2024-06-20 10:05:51.432770,[397],True,150,False,[151],True,Sensor contact not supported
2024-06-20 10:05:51.793383,[397],True,150,False,[151],True,Sensor contact not supported
2024-06-20 10:05:52.167579,[389],True,151,False,[154],True,Sensor contact not supported
2024-06-20 10:05:52.573154,[397],True,151,False,[151],True,Sensor contact not supported
2024-06-20 10:05:52.963053,[389],True,151,False,[154],True,Sensor contact not supported
2024-06-20 10:05:53.413118,[397],True,151,False,[151],True,Sensor contact not supported
2024-06-20 10:05:53.757776,[389],True,152,False,[154],True,Sensor contact not supported
2024-06-20 10:05:54.147821,[397],True,151,False,[151],True,Sensor contact not supported
2024-06-20 10:05:54.537654,[389],True,152,False,[154],True,Sensor contact not supported
2024-06-20 10:05:54.927679,[389],True,152,False,[154],True,Sensor contact not supported
2024-06-20 10:05:55.317961,[389],True,153,False,[154],True,Sensor contact not supported
2024-06-20 10:05:55.722777,[389],True,153,False,[154],True,Sensor contact not supported
2024-06-20 10:05:56.112929,[397],True,152,False,[151],True,Sensor contact not supported
2024-06-20 10:05:56.503021,[389],True,152,False,[154],True,Sensor contact not supported
2024-06-20 10:05:56.892978,[389],True,153,False,[154],True,Sensor contact not supported
2024-06-20 10:05:57.282990,[389],True,153,False,[154],True,Sensor contact not supported
2024-06-20 10:05:57.673151,[381],True,154,False,[157],True,Sensor contact not supported
2024-06-20 10:05:58.062604,[389],True,154,False,[154],True,Sensor contact not supported
2024-06-20 10:05:58.452998,[389],True,154,False,[154],True,Sensor contact not supported
2024-06-20 10:05:58.842837,[389],True,154,False,[154],True,Sensor contact not supported
2024-06-20 10:05:59.233151,[389],True,153,False,[154],True,Sensor contact not supported
2024-06-20 10:05:59.622633,[389],True,153,False,[154],True,Sensor contact not supported
2024-06-20 10:05:59.997806,[381],True,154,False,[157],True,Sensor contact not supported
2024-06-20 10:06:00.403236,[381],True,155,False,[157],True,Sensor contact not supported
2024-06-20 10:06:00.777778,[389],True,155,False,[154],True,Sensor contact not supported
2024-06-20 10:06:01.167670,[389],True,154,False,[154],True,Sensor contact not supported
2024-06-20 10:06:01.543594,[381],True,155,False,[157],True,Sensor contact not supported
2024-06-20 10:06:01.948430,[381],True,155,False,[157],True,Sensor contact not supported
2024-06-20 10:06:02.323158,[381],True,156,False,[157],True,Sensor contact not supported
2024-06-20 10:06:02.697571,[381],True,156,False,[157],True,Sensor contact not supported
2024-06-20 10:06:03.088208,[381],True,156,False,[157],True,Sensor contact not supported
2024-06-20 10:06:03.478159,[389],True,155,False,[154],True,Sensor contact not supported
2024-06-20 10:06:03.852956,[381],True,156,False,[157],True,Sensor contact not supported
2024-06-20 10:06:04.243059,[381],True,156,False,[157],True,Sensor contact not supported
2024-06-20 10:06:04.663405,[381],True,156,False,[157],True,Sensor contact not supported
2024-06-20 10:06:05.008283,[381],True,156,False,[157],True,Sensor contact not supported
2024-06-20 10:06:05.398299,[389],True,155,False,[154],True,Sensor contact not supported
2024-06-20 10:06:05.773334,[381],True,156,False,[157],True,Sensor contact not supported
2024-06-20 10:06:06.163285,[375],True,157,False,[160],True,Sensor contact not supported
2024-06-20 10:06:06.537916,[389],True,156,False,[154],True,Sensor contact not supported
2024-06-20 10:06:06.927826,[381],True,156,False,[157],True,Sensor contact not supported
2024-06-20 10:06:07.318442,[381],True,156,False,[157],True,Sensor contact not supported
2024-06-20 10:06:07.693454,[381],True,156,False,[157],True,Sensor contact not supported
2024-06-20 10:06:08.068105,[381],True,156,False,[157],True,Sensor contact not supported
2024-06-20 10:06:08.457752,[381],True,157,False,[157],True,Sensor contact not supported
2024-06-20 10:06:08.847736,[381],True,157,False,[157],True,Sensor contact not supported
2024-06-20 10:06:09.223416,[381],True,157,False,[157],True,Sensor contact not supported
2024-06-20 10:06:09.613366,[389],True,156,False,[154],True,Sensor contact not supported
2024-06-20 10:06:09.987765,[375],True,157,False,[160],True,Sensor contact not supported
2024-06-20 10:06:10.377742,[381],True,157,False,[157],True,Sensor contact not supported
2024-06-20 10:06:10.767656,[389],True,156,False,[154],True,Sensor contact not supported
2024-06-20 10:06:11.143005,[375],True,157,False,[160],True,Sensor contact not supported
2024-06-20 10:06:11.533323,[381],True,157,False,[157],True,Sensor contact not supported
2024-06-20 10:06:11.908427,[381],True,157,False,[157],True,Sensor contact not supported
2024-06-20 10:06:12.282683,[381],True,157,False,[157],True,Sensor contact not supported
2024-06-20 10:06:12.672867,[381],True,157,False,[157],True,Sensor contact not supported
2024-06-20 10:06:13.062694,[381],True,157,False,[157],True,Sensor contact not supported
2024-06-20 10:06:13.438496,[381],True,157,False,[157],True,Sensor contact not supported
2024-06-20 10:06:13.812747,[381],True,157,False,[157],True,Sensor contact not supported
2024-06-20 10:06:14.188351,[375],True,158,False,[160],True,Sensor contact not supported
2024-06-20 10:06:14.578416,[389],True,156,False,[154],True,Sensor contact not supported
2024-06-20 10:06:14.968342,[381],True,156,False,[157],True,Sensor contact not supported
2024-06-20 10:06:15.343143,[381],True,156,False,[157],True,Sensor contact not supported
2024-06-20 10:06:15.717841,[375],True,157,False,[160],True,Sensor contact not supported
2024-06-20 10:06:16.107964,[381],True,157,False,[157],True,Sensor contact not supported
2024-06-20 10:06:16.497747,[381],True,157,False,[157],True,Sensor contact not supported
2024-06-20 10:06:16.873266,[381],True,157,False,[157],True,Sensor contact not supported
2024-06-20 10:06:17.248349,[381],True,157,False,[157],True,Sensor contact not supported
2024-06-20 10:06:17.653438,[381],True,157,False,[157],True,Sensor contact not supported
2024-06-20 10:06:18.057483,[381],True,157,False,[157],True,Sensor contact not supported
2024-06-20 10:06:18.402639,[375],True,158,False,[160],True,Sensor contact not supported
2024-06-20 10:06:18.778470,[381],True,157,False,[157],True,Sensor contact not supported
2024-06-20 10:06:19.167777,[381],True,157,False,[157],True,Sensor contact not supported
2024-06-20 10:06:19.543850,[381],True,157,False,[157],True,Sensor contact not supported
2024-06-20 10:06:19.932614,[389],True,156,False,[154],True,Sensor contact not supported
2024-06-20 10:06:20.322873,[381],True,156,False,[157],True,Sensor contact not supported
2024-06-20 10:06:20.697664,[375],True,157,False,[160],True,Sensor contact not supported
2024-06-20 10:06:21.072923,[381],True,157,False,[157],True,Sensor contact not supported
2024-06-20 10:06:21.462964,[375],True,158,False,[160],True,Sensor contact not supported
2024-06-20 10:06:21.837748,[381],True,157,False,[157],True,Sensor contact not supported
2024-06-20 10:06:22.227722,[381],True,157,False,[157],True,Sensor contact not supported
2024-06-20 10:06:22.602671,[381],True,157,False,[157],True,Sensor contact not supported
2024-06-20 10:06:22.977774,[381],True,157,False,[157],True,Sensor contact not supported
2024-06-20 10:06:23.368177,[381],True,157,False,[157],True,Sensor contact not supported
2024-06-20 10:06:23.758335,[381],True,157,False,[157],True,Sensor contact not supported
2024-06-20 10:06:24.133233,[381],True,157,False,[157],True,Sensor contact not supported
2024-06-20 10:06:24.507657,[381],True,157,False,[157],True,Sensor contact not supported
2024-06-20 10:06:24.897687,[381],True,157,False,[157],True,Sensor contact not supported
2024-06-20 10:06:25.272588,[375],True,158,False,[160],True,Sensor contact not supported
2024-06-20 10:06:25.662537,[381],True,157,False,[157],True,Sensor contact not supported
2024-06-20 10:06:26.038332,[381],True,157,False,[157],True,Sensor contact not supported
2024-06-20 10:06:26.428115,[381],True,157,False,[157],True,Sensor contact not supported
2024-06-20 10:06:26.803390,[381],True,157,False,[157],True,Sensor contact not supported
2024-06-20 10:06:27.177677,[375],True,158,False,[160],True,Sensor contact not supported
2024-06-20 10:06:27.552648,[375],True,158,False,[160],True,Sensor contact not supported
2024-06-20 10:06:27.928076,[381],True,158,False,[157],True,Sensor contact not supported
2024-06-20 10:06:28.317777,[375],True,158,False,[160],True,Sensor contact not supported
2024-06-20 10:06:28.693302,[381],True,158,False,[157],True,Sensor contact not supported
2024-06-20 10:06:29.112869,[381],True,157,False,[157],True,Sensor contact not supported
2024-06-20 10:06:29.457851,[381],True,157,False,[157],True,Sensor contact not supported
2024-06-20 10:06:29.832892,[381],True,157,False,[157],True,Sensor contact not supported
2024-06-20 10:06:30.223499,[381],True,157,False,[157],True,Sensor contact not supported
2024-06-20 10:06:30.597601,[381],True,157,False,[157],True,Sensor contact not supported
2024-06-20 10:06:31.017958,[375],True,158,False,[160],True,Sensor contact not supported
2024-06-20 10:06:31.362686,[375],True,158,False,[160],True,Sensor contact not supported
2024-06-20 10:06:31.738163,[381],True,158,False,[157],True,Sensor contact not supported
2024-06-20 10:06:32.128408,[381],True,157,False,[157],True,Sensor contact not supported
2024-06-20 10:06:32.502680,[381],True,157,False,[157],True,Sensor contact not supported
2024-06-20 10:06:32.892732,[381],True,157,False,[157],True,Sensor contact not supported
2024-06-20 10:06:33.267702,[381],True,157,False,[157],True,Sensor contact not supported
2024-06-20 10:06:33.642972,[375],True,158,False,[160],True,Sensor contact not supported
2024-06-20 10:06:34.033245,[381],True,157,False,[157],True,Sensor contact not supported
2024-06-20 10:06:34.408185,[375],True,158,False,[160],True,Sensor contact not supported
2024-06-20 10:06:34.798260,[381],True,158,False,[157],True,Sensor contact not supported
2024-06-20 10:06:35.172970,[381],True,157,False,[157],True,Sensor contact not supported
2024-06-20 10:06:35.547671,[381],True,157,False,[157],True,Sensor contact not supported
2024-06-20 10:06:35.937703,[375],True,158,False,[160],True,Sensor contact not supported
2024-06-20 10:06:36.313407,[381],True,157,False,[157],True,Sensor contact not supported
2024-06-20 10:06:36.688397,[381],True,157,False,[157],True,Sensor contact not supported
2024-06-20 10:06:37.077753,[375],True,158,False,[160],True,Sensor contact not supported
2024-06-20 10:06:37.453358,[381],True,158,False,[157],True,Sensor contact not supported
2024-06-20 10:06:37.828205,[375],True,158,False,[160],True,Sensor contact not supported
2024-06-20 10:06:38.203078,[381],True,158,False,[157],True,Sensor contact not supported
2024-06-20 10:06:38.593031,[375],True,158,False,[160],True,Sensor contact not supported
2024-06-20 10:06:38.968473,[375],True,159,False,[160],True,Sensor contact not supported
2024-06-20 10:06:39.343397,[381],True,158,False,[157],True,Sensor contact not supported
2024-06-20 10:06:39.717767,[375],True,159,False,[160],True,Sensor contact not supported
2024-06-20 10:06:40.092693,[375],True,159,False,[160],True,Sensor contact not supported
2024-06-20 10:06:40.468063,[375],True,159,False,[160],True,Sensor contact not supported
2024-06-20 10:06:40.843247,[381],True,158,False,[157],True,Sensor contact not supported
2024-06-20 10:06:41.218179,[375],True,159,False,[160],True,Sensor contact not supported
2024-06-20 10:06:41.593188,[375],True,159,False,[160],True,Sensor contact not supported
2024-06-20 10:06:41.983324,[375],True,159,False,[160],True,Sensor contact not supported
2024-06-20 10:06:42.372824,[381],True,158,False,[157],True,Sensor contact not supported
2024-06-20 10:06:42.778121,[366],True,160,False,[163],True,Sensor contact not supported
2024-06-20 10:06:43.108199,[375],True,160,False,[160],True,Sensor contact not supported
2024-06-20 10:06:43.482695,[375],True,160,False,[160],True,Sensor contact not supported
2024-06-20 10:06:43.857955,[375],True,160,False,[160],True,Sensor contact not supported
2024-06-20 10:06:44.232822,[375],True,160,False,[160],True,Sensor contact not supported
2024-06-20 10:06:44.607564,[375],True,160,False,[160],True,Sensor contact not supported
2024-06-20 10:06:44.983220,[381],True,159,False,[157],True,Sensor contact not supported
2024-06-20 10:06:45.357595,[366],True,160,False,[163],True,Sensor contact not supported
2024-06-20 10:06:45.732730,[375],True,160,False,[160],True,Sensor contact not supported
2024-06-20 10:06:46.107881,[375],True,160,False,[160],True,Sensor contact not supported
2024-06-20 10:06:46.482807,[375],True,160,False,[160],True,Sensor contact not supported
2024-06-20 10:06:46.857860,[375],True,160,False,[160],True,Sensor contact not supported
2024-06-20 10:06:47.233102,[375],True,160,False,[160],True,Sensor contact not supported
2024-06-20 10:06:47.607942,[375],True,160,False,[160],True,Sensor contact not supported
2024-06-20 10:06:47.983140,[375],True,160,False,[160],True,Sensor contact not supported
2024-06-20 10:06:48.357524,[366],True,161,False,[163],True,Sensor contact not supported
2024-06-20 10:06:48.763172,[375],True,160,False,[160],True,Sensor contact not supported
2024-06-20 10:06:49.093251,[375],True,160,False,[160],True,Sensor contact not supported
2024-06-20 10:06:49.467849,[381],True,159,False,[157],True,Sensor contact not supported
2024-06-20 10:06:49.843066,[375],True,159,False,[160],True,Sensor contact not supported
2024-06-20 10:06:50.233130,[375],True,159,False,[160],True,Sensor contact not supported
2024-06-20 10:06:50.608066,[375],True,159,False,[160],True,Sensor contact not supported
2024-06-20 10:06:50.982753,[375],True,159,False,[160],True,Sensor contact not supported
2024-06-20 10:06:51.358111,[366],True,161,False,[163],True,Sensor contact not supported
2024-06-20 10:06:51.763294,[375],True,160,False,[160],True,Sensor contact not supported
2024-06-20 10:06:52.108262,[375],True,160,False,[160],True,Sensor contact not supported
2024-06-20 10:06:52.483453,[375],True,160,False,[160],True,Sensor contact not supported
2024-06-20 10:06:52.857821,[375],True,160,False,[160],True,Sensor contact not supported
2024-06-20 10:06:53.262737,[366],True,161,False,[163],True,Sensor contact not supported
2024-06-20 10:06:53.592999,[366],True,161,False,[163],True,Sensor contact not supported
2024-06-20 10:06:53.968008,[375],True,161,False,[160],True,Sensor contact not supported
2024-06-20 10:06:54.350867,[375],True,160,False,[160],True,Sensor contact not supported
2024-06-20 10:06:54.748045,[366],True,161,False,[163],True,Sensor contact not supported
2024-06-20 10:06:55.077843,[375],True,161,False,[160],True,Sensor contact not supported
2024-06-20 10:06:55.453060,[366],True,161,False,[163],True,Sensor contact not supported
2024-06-20 10:06:55.828339,[375],True,161,False,[160],True,Sensor contact not supported
2024-06-20 10:06:56.202594,[366],True,162,False,[163],True,Sensor contact not supported
2024-06-20 10:06:56.607697,[375],True,161,False,[160],True,Sensor contact not supported
2024-06-20 10:06:56.938252,[366],True,162,False,[163],True,Sensor contact not supported
2024-06-20 10:06:57.312734,[375],True,161,False,[160],True,Sensor contact not supported
2024-06-20 10:06:57.717813,[366],True,162,False,[163],True,Sensor contact not supported
2024-06-20 10:06:58.047789,[366],True,162,False,[163],True,Sensor contact not supported
2024-06-20 10:06:58.423168,[366],True,162,False,[163],True,Sensor contact not supported
2024-06-20 10:06:58.828117,[375],True,162,False,[160],True,Sensor contact not supported
2024-06-20 10:06:59.158078,[366],True,162,False,[163],True,Sensor contact not supported
2024-06-20 10:06:59.564104,[366],True,162,False,[163],True,Sensor contact not supported
2024-06-20 10:06:59.892835,[366],True,163,False,[163],True,Sensor contact not supported
2024-06-20 10:07:00.268195,[375],True,162,False,[160],True,Sensor contact not supported
2024-06-20 10:07:00.673339,[366],True,162,False,[163],True,Sensor contact not supported
2024-06-20 10:07:01.002912,[366],True,162,False,[163],True,Sensor contact not supported
2024-06-20 10:07:01.408233,[366],True,163,False,[163],True,Sensor contact not supported
2024-06-20 10:07:01.738400,[358],True,164,False,[167],True,Sensor contact not supported
2024-06-20 10:07:02.143234,[366],True,164,False,[163],True,Sensor contact not supported
2024-06-20 10:07:02.502657,[375],True,162,False,[160],True,Sensor contact not supported
2024-06-20 10:07:02.833040,[375],True,162,False,[160],True,Sensor contact not supported
2024-06-20 10:07:03.253414,[375],True,161,False,[160],True,Sensor contact not supported
2024-06-20 10:07:03.582476,[366],True,162,False,[163],True,Sensor contact not supported
2024-06-20 10:07:04.002723,[375],True,161,False,[160],True,Sensor contact not supported
2024-06-20 10:07:04.362869,[358],True,163,False,[167],True,Sensor contact not supported
2024-06-20 10:07:04.693245,[366],True,163,False,[163],True,Sensor contact not supported
2024-06-20 10:07:05.098105,[366],True,163,False,[163],True,Sensor contact not supported
2024-06-20 10:07:05.427468,[375],True,162,False,[160],True,Sensor contact not supported
2024-06-20 10:07:05.833170,[366],True,162,False,[163],True,Sensor contact not supported
2024-06-20 10:07:06.162345,[366],True,162,False,[163],True,Sensor contact not supported
2024-06-20 10:07:06.537520,[375],True,162,False,[160],True,Sensor contact not supported
2024-06-20 10:07:06.942715,[366],True,162,False,[163],True,Sensor contact not supported
2024-06-20 10:07:07.273139,[358],True,163,False,[167],True,Sensor contact not supported
2024-06-20 10:07:07.677844,[366],True,163,False,[163],True,Sensor contact not supported
2024-06-20 10:07:08.008550,[375],True,162,False,[160],True,Sensor contact not supported
2024-06-20 10:07:08.412703,[366],True,162,False,[163],True,Sensor contact not supported
2024-06-20 10:07:08.742528,[366],True,163,False,[163],True,Sensor contact not supported
2024-06-20 10:07:09.147961,[366],True,163,False,[163],True,Sensor contact not supported
2024-06-20 10:07:09.477793,[366],True,163,False,[163],True,Sensor contact not supported
2024-06-20 10:07:09.853025,[366],True,163,False,[163],True,Sensor contact not supported
2024-06-20 10:07:10.258431,[366],True,163,False,[163],True,Sensor contact not supported
2024-06-20 10:07:10.587701,[375],True,162,False,[160],True,Sensor contact not supported
2024-06-20 10:07:10.993079,[358],True,163,False,[167],True,Sensor contact not supported
2024-06-20 10:07:11.367698,[375],True,162,False,[160],True,Sensor contact not supported
2024-06-20 10:07:11.697540,[366],True,162,False,[163],True,Sensor contact not supported
2024-06-20 10:07:12.102570,[366],True,163,False,[163],True,Sensor contact not supported
2024-06-20 10:07:12.462754,[366],True,163,False,[163],True,Sensor contact not supported
2024-06-20 10:07:12.823425,[366],True,163,False,[163],True,Sensor contact not supported
2024-06-20 10:07:13.153275,[366],True,163,False,[163],True,Sensor contact not supported
2024-06-20 10:07:13.557564,[366],True,163,False,[163],True,Sensor contact not supported
2024-06-20 10:07:13.887531,[375],True,162,False,[160],True,Sensor contact not supported
2024-06-20 10:07:14.308221,[358],True,163,False,[167],True,Sensor contact not supported
2024-06-20 10:07:14.668255,[366],True,163,False,[163],True,Sensor contact not supported
2024-06-20 10:07:15.027808,[350],True,164,False,[171],True,Sensor contact not supported
2024-06-20 10:07:15.388640,[358],True,165,False,[167],True,Sensor contact not supported
2024-06-20 10:07:15.748633,[366],True,164,False,[163],True,Sensor contact not supported
2024-06-20 10:07:16.107758,[366],True,164,False,[163],True,Sensor contact not supported
2024-06-20 10:07:16.438008,[366],True,164,False,[163],True,Sensor contact not supported
2024-06-20 10:07:16.812919,[366],True,163,False,[163],True,Sensor contact not supported
2024-06-20 10:07:17.217850,[375],True,162,False,[160],True,Sensor contact not supported
2024-06-20 10:07:17.548250,[366],True,162,False,[163],True,Sensor contact not supported
2024-06-20 10:07:17.952775,[366],True,163,False,[163],True,Sensor contact not supported
2024-06-20 10:07:18.282676,[366],True,163,False,[163],True,Sensor contact not supported
2024-06-20 10:07:18.688205,[366],True,163,False,[163],True,Sensor contact not supported
2024-06-20 10:07:19.018233,[366],True,163,False,[163],True,Sensor contact not supported
2024-06-20 10:07:19.423057,[366],True,163,False,[163],True,Sensor contact not supported
2024-06-20 10:07:19.752734,[366],True,163,False,[163],True,Sensor contact not supported
2024-06-20 10:07:20.157855,[366],True,163,False,[163],True,Sensor contact not supported
2024-06-20 10:07:20.487548,[366],True,163,False,[163],True,Sensor contact not supported
2024-06-20 10:07:20.862878,[366],True,163,False,[163],True,Sensor contact not supported
2024-06-20 10:07:21.268247,[366],True,163,False,[163],True,Sensor contact not supported
2024-06-20 10:07:21.627742,[366],True,163,False,[163],True,Sensor contact not supported
2024-06-20 10:07:21.957387,[366],True,163,False,[163],True,Sensor contact not supported
2024-06-20 10:07:22.363050,[366],True,163,False,[163],True,Sensor contact not supported
2024-06-20 10:07:22.693108,[366],True,163,False,[163],True,Sensor contact not supported
2024-06-20 10:07:23.097495,[375],True,162,False,[160],True,Sensor contact not supported
2024-06-20 10:07:23.428237,[358],True,163,False,[167],True,Sensor contact not supported
2024-06-20 10:07:23.832809,[366],True,163,False,[163],True,Sensor contact not supported
2024-06-20 10:07:24.162643,[366],True,163,False,[163],True,Sensor contact not supported
2024-06-20 10:07:24.568248,[366],True,163,False,[163],True,Sensor contact not supported
2024-06-20 10:07:24.897509,[366],True,163,False,[163],True,Sensor contact not supported
2024-06-20 10:07:25.302412,[366],True,163,False,[163],True,Sensor contact not supported
2024-06-20 10:07:25.662881,[366],True,163,False,[163],True,Sensor contact not supported
2024-06-20 10:07:25.993323,[366],True,163,False,[163],True,Sensor contact not supported
2024-06-20 10:07:26.367441,[375],True,162,False,[160],True,Sensor contact not supported
2024-06-20 10:07:26.773235,[366],True,162,False,[163],True,Sensor contact not supported
2024-06-20 10:07:27.103258,[358],True,164,False,[167],True,Sensor contact not supported
2024-06-20 10:07:27.507501,[366],True,163,False,[163],True,Sensor contact not supported
2024-06-20 10:07:27.868100,[366],True,163,False,[163],True,Sensor contact not supported
2024-06-20 10:07:28.198612,[366],True,163,False,[163],True,Sensor contact not supported
2024-06-20 10:07:28.572876,[366],True,163,False,[163],True,Sensor contact not supported
2024-06-20 10:07:28.978217,[366],True,163,False,[163],True,Sensor contact not supported
2024-06-20 10:07:29.337732,[366],True,163,False,[163],True,Sensor contact not supported
2024-06-20 10:07:29.667973,[366],True,163,False,[163],True,Sensor contact not supported
2024-06-20 10:07:30.072549,[366],True,163,False,[163],True,Sensor contact not supported
2024-06-20 10:07:30.432328,[358],True,164,False,[167],True,Sensor contact not supported
2024-06-20 10:07:30.763123,[366],True,164,False,[163],True,Sensor contact not supported
2024-06-20 10:07:31.167592,[366],True,164,False,[163],True,Sensor contact not supported
2024-06-20 10:07:31.528160,[366],True,163,False,[163],True,Sensor contact not supported
2024-06-20 10:07:31.858352,[358],True,164,False,[167],True,Sensor contact not supported
2024-06-20 10:07:32.262908,[366],True,164,False,[163],True,Sensor contact not supported
2024-06-20 10:07:32.623486,[366],True,164,False,[163],True,Sensor contact not supported
2024-06-20 10:07:32.953044,[366],True,164,False,[163],True,Sensor contact not supported
2024-06-20 10:07:33.357576,[358],True,164,False,[167],True,Sensor contact not supported
2024-06-20 10:07:33.718076,[366],True,164,False,[163],True,Sensor contact not supported
2024-06-20 10:07:34.047360,[366],True,164,False,[163],True,Sensor contact not supported
2024-06-20 10:07:34.452435,[366],True,164,False,[163],True,Sensor contact not supported
2024-06-20 10:07:34.782824,[366],True,163,False,[163],True,Sensor contact not supported
2024-06-20 10:07:35.187657,[366],True,163,False,[163],True,Sensor contact not supported
2024-06-20 10:07:35.518111,[366],True,163,False,[163],True,Sensor contact not supported
2024-06-20 10:07:35.922810,[358],True,164,False,[167],True,Sensor contact not supported
2024-06-20 10:07:36.282919,[366],True,164,False,[163],True,Sensor contact not supported
2024-06-20 10:07:36.612940,[366],True,164,False,[163],True,Sensor contact not supported
2024-06-20 10:07:37.017698,[358],True,165,False,[167],True,Sensor contact not supported
2024-06-20 10:07:37.377971,[366],True,164,False,[163],True,Sensor contact not supported
2024-06-20 10:07:37.738105,[366],True,164,False,[163],True,Sensor contact not supported
2024-06-20 10:07:38.067834,[358],True,165,False,[167],True,Sensor contact not supported
2024-06-20 10:07:38.472707,[366],True,164,False,[163],True,Sensor contact not supported
2024-06-20 10:07:38.833213,[366],True,164,False,[163],True,Sensor contact not supported
2024-06-20 10:07:39.162576,[366],True,164,False,[163],True,Sensor contact not supported
2024-06-20 10:07:39.568205,[358],True,165,False,[167],True,Sensor contact not supported
2024-06-20 10:07:39.927858,[366],True,164,False,[163],True,Sensor contact not supported
2024-06-20 10:07:40.257848,[358],True,165,False,[167],True,Sensor contact not supported
2024-06-20 10:07:40.662743,[366],True,164,False,[163],True,Sensor contact not supported
2024-06-20 10:07:41.022493,[366],True,164,False,[163],True,Sensor contact not supported
2024-06-20 10:07:41.352623,[366],True,164,False,[163],True,Sensor contact not supported
2024-06-20 10:07:41.757869,[358],True,165,False,[167],True,Sensor contact not supported
2024-06-20 10:07:42.087790,[366],True,164,False,[163],True,Sensor contact not supported
2024-06-20 10:07:42.493044,[366],True,164,False,[163],True,Sensor contact not supported
2024-06-20 10:07:42.852757,[366],True,164,False,[163],True,Sensor contact not supported
2024-06-20 10:07:43.213330,[358],True,164,False,[167],True,Sensor contact not supported
2024-06-20 10:07:43.542598,[358],True,165,False,[167],True,Sensor contact not supported
2024-06-20 10:07:43.902807,[366],True,165,False,[163],True,Sensor contact not supported
2024-06-20 10:07:44.308139,[366],True,164,False,[163],True,Sensor contact not supported
2024-06-20 10:07:44.668282,[366],True,164,False,[163],True,Sensor contact not supported
2024-06-20 10:07:44.998190,[358],True,165,False,[167],True,Sensor contact not supported
2024-06-20 10:07:45.402370,[375],True,163,False,[160],True,Sensor contact not supported
2024-06-20 10:07:45.763290,[358],True,164,False,[167],True,Sensor contact not supported
2024-06-20 10:07:46.093043,[358],True,165,False,[167],True,Sensor contact not supported
2024-06-20 10:07:46.498047,[366],True,164,False,[163],True,Sensor contact not supported
2024-06-20 10:07:46.858063,[358],True,165,False,[167],True,Sensor contact not supported
2024-06-20 10:07:47.217982,[366],True,164,False,[163],True,Sensor contact not supported
2024-06-20 10:07:47.548034,[358],True,165,False,[167],True,Sensor contact not supported
2024-06-20 10:07:47.952823,[366],True,165,False,[163],True,Sensor contact not supported
2024-06-20 10:07:48.312723,[366],True,164,False,[163],True,Sensor contact not supported
2024-06-20 10:07:48.643200,[358],True,165,False,[167],True,Sensor contact not supported
2024-06-20 10:07:49.047852,[366],True,164,False,[163],True,Sensor contact not supported
2024-06-20 10:07:49.408104,[358],True,165,False,[167],True,Sensor contact not supported
2024-06-20 10:07:49.768003,[358],True,166,False,[167],True,Sensor contact not supported
2024-06-20 10:07:50.128162,[358],True,166,False,[167],True,Sensor contact not supported
2024-06-20 10:07:50.487943,[366],True,165,False,[163],True,Sensor contact not supported
2024-06-20 10:07:50.847408,[358],True,166,False,[167],True,Sensor contact not supported
2024-06-20 10:07:51.208084,[366],True,165,False,[163],True,Sensor contact not supported
2024-06-20 10:07:51.538069,[358],True,165,False,[167],True,Sensor contact not supported
2024-06-20 10:07:51.942552,[366],True,165,False,[163],True,Sensor contact not supported
2024-06-20 10:07:52.303311,[366],True,164,False,[163],True,Sensor contact not supported
2024-06-20 10:07:52.633274,[358],True,165,False,[167],True,Sensor contact not supported
2024-06-20 10:07:53.037480,[358],True,165,False,[167],True,Sensor contact not supported
2024-06-20 10:07:53.398196,[358],True,166,False,[167],True,Sensor contact not supported
2024-06-20 10:07:53.698191,[358],True,166,False,[167],True,Sensor contact not supported
2024-06-20 10:07:54.073025,[358],True,166,False,[167],True,Sensor contact not supported
2024-06-20 10:07:54.478285,[366],True,165,False,[163],True,Sensor contact not supported
2024-06-20 10:07:54.837710,[358],True,166,False,[167],True,Sensor contact not supported
2024-06-20 10:07:55.198050,[358],True,166,False,[167],True,Sensor contact not supported
2024-06-20 10:07:55.558068,[366],True,165,False,[163],True,Sensor contact not supported
2024-06-20 10:07:55.917829,[358],True,166,False,[167],True,Sensor contact not supported
2024-06-20 10:07:56.248290,[358],True,166,False,[167],True,Sensor contact not supported
2024-06-20 10:07:56.592629,[366],True,165,False,[163],True,Sensor contact not supported
2024-06-20 10:07:56.968082,[358],True,166,False,[167],True,Sensor contact not supported
2024-06-20 10:07:57.372587,[366],True,165,False,[163],True,Sensor contact not supported
2024-06-20 10:07:57.733356,[358],True,165,False,[167],True,Sensor contact not supported
2024-06-20 10:07:58.093173,[358],True,166,False,[167],True,Sensor contact not supported
2024-06-20 10:07:58.452828,[358],True,166,False,[167],True,Sensor contact not supported
2024-06-20 10:07:58.813380,[366],True,165,False,[163],True,Sensor contact not supported
2024-06-20 10:07:59.143324,[358],True,166,False,[167],True,Sensor contact not supported
2024-06-20 10:07:59.547750,[358],True,166,False,[167],True,Sensor contact not supported
2024-06-20 10:07:59.847596,[358],True,166,False,[167],True,Sensor contact not supported
2024-06-20 10:08:00.253119,[358],True,166,False,[167],True,Sensor contact not supported
2024-06-20 10:08:00.612826,[358],True,166,False,[167],True,Sensor contact not supported
2024-06-20 10:08:00.972427,[358],True,167,False,[167],True,Sensor contact not supported
2024-06-20 10:08:01.333102,[366],True,165,False,[163],True,Sensor contact not supported
2024-06-20 10:08:01.662501,[358],True,166,False,[167],True,Sensor contact not supported
2024-06-20 10:08:02.068032,[366],True,165,False,[163],True,Sensor contact not supported
2024-06-20 10:08:02.427804,[358],True,166,False,[167],True,Sensor contact not supported
2024-06-20 10:08:02.787851,[358],True,166,False,[167],True,Sensor contact not supported
2024-06-20 10:08:03.147654,[358],True,166,False,[167],True,Sensor contact not supported
2024-06-20 10:08:03.508028,[366],True,165,False,[163],True,Sensor contact not supported
2024-06-20 10:08:03.868056,[358],True,166,False,[167],True,Sensor contact not supported
2024-06-20 10:08:04.197753,[358],True,166,False,[167],True,Sensor contact not supported
2024-06-20 10:08:04.603085,[358],True,166,False,[167],True,Sensor contact not supported
2024-06-20 10:08:04.962950,[366],True,165,False,[163],True,Sensor contact not supported
2024-06-20 10:08:05.322748,[358],True,166,False,[167],True,Sensor contact not supported
2024-06-20 10:08:05.683229,[366],True,165,False,[163],True,Sensor contact not supported
2024-06-20 10:08:06.043299,[358],True,165,False,[167],True,Sensor contact not supported
2024-06-20 10:08:06.403332,[366],True,165,False,[163],True,Sensor contact not supported
2024-06-20 10:08:06.762798,[358],True,165,False,[167],True,Sensor contact not supported
2024-06-20 10:08:07.122572,[358],True,166,False,[167],True,Sensor contact not supported
2024-06-20 10:08:07.452802,[358],True,166,False,[167],True,Sensor contact not supported
2024-06-20 10:08:07.858170,[358],True,166,False,[167],True,Sensor contact not supported
2024-06-20 10:08:08.217652,[366],True,165,False,[163],True,Sensor contact not supported
2024-06-20 10:08:08.577823,[358],True,166,False,[167],True,Sensor contact not supported
2024-06-20 10:08:08.938144,[366],True,165,False,[163],True,Sensor contact not supported
2024-06-20 10:08:09.268331,[358],True,165,False,[167],True,Sensor contact not supported
2024-06-20 10:08:09.673374,[366],True,165,False,[163],True,Sensor contact not supported
2024-06-20 10:08:10.032820,[358],True,165,False,[167],True,Sensor contact not supported
2024-06-20 10:08:10.393411,[358],True,166,False,[167],True,Sensor contact not supported
2024-06-20 10:08:10.753249,[358],True,166,False,[167],True,Sensor contact not supported
2024-06-20 10:08:11.068288,[358],True,166,False,[167],True,Sensor contact not supported
2024-06-20 10:08:11.472539,[358],True,166,False,[167],True,Sensor contact not supported
2024-06-20 10:08:11.832699,[366],True,165,False,[163],True,Sensor contact not supported
2024-06-20 10:08:12.193319,[358],True,166,False,[167],True,Sensor contact not supported
2024-06-20 10:08:12.552915,[358],True,166,False,[167],True,Sensor contact not supported
2024-06-20 10:08:12.913051,[366],True,165,False,[163],True,Sensor contact not supported
2024-06-20 10:08:13.243048,[358],True,166,False,[167],True,Sensor contact not supported
2024-06-20 10:08:13.648047,[358],True,166,False,[167],True,Sensor contact not supported
2024-06-20 10:08:14.007897,[366],True,165,False,[163],True,Sensor contact not supported
2024-06-20 10:08:14.367914,[358],True,166,False,[167],True,Sensor contact not supported
2024-06-20 10:08:14.727664,[358],True,166,False,[167],True,Sensor contact not supported
2024-06-20 10:08:15.088062,[366],True,165,False,[163],True,Sensor contact not supported
2024-06-20 10:08:15.418286,[358],True,166,False,[167],True,Sensor contact not supported
2024-06-20 10:08:15.777840,[358],True,166,False,[167],True,Sensor contact not supported
2024-06-20 10:08:16.138120,[366],True,165,False,[163],True,Sensor contact not supported
2024-06-20 10:08:16.542665,[358],True,166,False,[167],True,Sensor contact not supported
2024-06-20 10:08:16.903053,[366],True,165,False,[163],True,Sensor contact not supported
2024-06-20 10:08:17.262603,[358],True,165,False,[167],True,Sensor contact not supported
2024-06-20 10:08:17.592899,[366],True,165,False,[163],True,Sensor contact not supported
2024-06-20 10:08:17.998152,[358],True,165,False,[167],True,Sensor contact not supported
2024-06-20 10:08:18.357964,[358],True,166,False,[167],True,Sensor contact not supported
2024-06-20 10:08:18.717739,[358],True,166,False,[167],True,Sensor contact not supported
2024-06-20 10:08:19.077430,[366],True,165,False,[163],True,Sensor contact not supported
2024-06-20 10:08:19.438356,[366],True,164,False,[163],True,Sensor contact not supported
2024-06-20 10:08:19.767876,[358],True,165,False,[167],True,Sensor contact not supported
2024-06-20 10:08:20.172500,[358],True,166,False,[167],True,Sensor contact not supported
2024-06-20 10:08:20.533288,[366],True,165,False,[163],True,Sensor contact not supported
2024-06-20 10:08:20.862890,[366],True,164,False,[163],True,Sensor contact not supported
2024-06-20 10:08:21.267591,[358],True,165,False,[167],True,Sensor contact not supported
2024-06-20 10:08:21.583077,[366],True,164,False,[163],True,Sensor contact not supported
2024-06-20 10:08:21.943399,[358],True,165,False,[167],True,Sensor contact not supported
2024-06-20 10:08:22.288133,[358],True,166,False,[167],True,Sensor contact not supported
2024-06-20 10:08:22.707929,[366],True,165,False,[163],True,Sensor contact not supported
2024-06-20 10:08:23.068131,[358],True,165,False,[167],True,Sensor contact not supported
2024-06-20 10:08:23.428242,[358],True,166,False,[167],True,Sensor contact not supported
2024-06-20 10:08:23.788102,[366],True,165,False,[163],True,Sensor contact not supported
2024-06-20 10:08:24.117647,[358],True,165,False,[167],True,Sensor contact not supported
2024-06-20 10:08:24.523198,[366],True,165,False,[163],True,Sensor contact not supported
2024-06-20 10:08:24.837885,[366],True,164,False,[163],True,Sensor contact not supported
2024-06-20 10:08:25.243214,[358],True,165,False,[167],True,Sensor contact not supported
2024-06-20 10:08:25.573338,[358],True,165,False,[167],True,Sensor contact not supported
2024-06-20 10:08:25.978286,[358],True,166,False,[167],True,Sensor contact not supported
2024-06-20 10:08:26.277604,[358],True,166,False,[167],True,Sensor contact not supported
2024-06-20 10:08:26.683245,[358],True,166,False,[167],True,Sensor contact not supported
2024-06-20 10:08:27.042641,[366],True,165,False,[163],True,Sensor contact not supported
2024-06-20 10:08:27.372500,[358],True,166,False,[167],True,Sensor contact not supported
2024-06-20 10:08:27.777871,[358],True,166,False,[167],True,Sensor contact not supported
2024-06-20 10:08:28.137954,[366],True,165,False,[163],True,Sensor contact not supported
2024-06-20 10:08:28.497673,[366],True,164,False,[163],True,Sensor contact not supported
2024-06-20 10:08:28.842770,[358],True,165,False,[167],True,Sensor contact not supported
2024-06-20 10:08:29.172713,[358],True,166,False,[167],True,Sensor contact not supported
2024-06-20 10:08:29.578084,[358],True,166,False,[167],True,Sensor contact not supported
2024-06-20 10:08:29.938239,[358],True,166,False,[167],True,Sensor contact not supported
2024-06-20 10:08:30.297942,[358],True,166,False,[167],True,Sensor contact not supported
2024-06-20 10:08:30.657810,[358],True,166,False,[167],True,Sensor contact not supported
2024-06-20 10:08:30.988052,[358],True,167,False,[167],True,Sensor contact not supported
2024-06-20 10:08:31.392492,[358],True,167,False,[167],True,Sensor contact not supported
2024-06-20 10:08:31.692544,[350],True,168,False,[171],True,Sensor contact not supported
2024-06-20 10:08:32.098003,[358],True,167,False,[167],True,Sensor contact not supported
2024-06-20 10:08:32.397382,[358],True,167,False,[167],True,Sensor contact not supported
2024-06-20 10:08:32.802576,[358],True,167,False,[167],True,Sensor contact not supported
2024-06-20 10:08:33.162494,[358],True,167,False,[167],True,Sensor contact not supported
2024-06-20 10:08:33.523259,[358],True,167,False,[167],True,Sensor contact not supported
2024-06-20 10:08:33.897389,[358],True,167,False,[167],True,Sensor contact not supported
2024-06-20 10:08:34.197607,[358],True,167,False,[167],True,Sensor contact not supported
2024-06-20 10:08:34.602843,[358],True,167,False,[167],True,Sensor contact not supported
2024-06-20 10:08:34.933420,[358],True,167,False,[167],True,Sensor contact not supported
2024-06-20 10:08:35.337594,[358],True,167,False,[167],True,Sensor contact not supported
2024-06-20 10:08:35.697488,[358],True,167,False,[167],True,Sensor contact not supported
2024-06-20 10:08:36.012458,[358],True,167,False,[167],True,Sensor contact not supported
2024-06-20 10:08:36.373088,[366],True,166,False,[163],True,Sensor contact not supported
2024-06-20 10:08:36.777597,[358],True,166,False,[167],True,Sensor contact not supported
2024-06-20 10:08:37.138130,[358],True,166,False,[167],True,Sensor contact not supported
2024-06-20 10:08:37.497684,[358],True,166,False,[167],True,Sensor contact not supported
2024-06-20 10:08:37.857431,[358],True,166,False,[167],True,Sensor contact not supported
2024-06-20 10:08:38.217382,[358],True,167,False,[167],True,Sensor contact not supported
2024-06-20 10:08:38.577789,[358],True,167,False,[167],True,Sensor contact not supported
2024-06-20 10:08:38.877555,[350],True,168,False,[171],True,Sensor contact not supported
2024-06-20 10:08:39.283042,[358],True,167,False,[167],True,Sensor contact not supported
2024-06-20 10:08:39.642828,[358],True,167,False,[167],True,Sensor contact not supported
2024-06-20 10:08:40.002535,[366],True,166,False,[163],True,Sensor contact not supported
2024-06-20 10:08:40.362488,[358],True,166,False,[167],True,Sensor contact not supported
2024-06-20 10:08:40.722613,[358],True,166,False,[167],True,Sensor contact not supported
2024-06-20 10:08:41.082508,[358],True,166,False,[167],True,Sensor contact not supported
2024-06-20 10:08:41.442508,[358],True,167,False,[167],True,Sensor contact not supported
2024-06-20 10:08:41.802513,[358],True,167,False,[167],True,Sensor contact not supported
2024-06-20 10:08:42.163247,[366],True,165,False,[163],True,Sensor contact not supported
2024-06-20 10:08:42.522913,[350],True,167,False,[171],True,Sensor contact not supported
2024-06-20 10:08:42.882671,[358],True,167,False,[167],True,Sensor contact not supported
2024-06-20 10:08:43.242635,[358],True,167,False,[167],True,Sensor contact not supported
2024-06-20 10:08:43.602924,[358],True,167,False,[167],True,Sensor contact not supported
2024-06-20 10:08:43.962817,[366],True,166,False,[163],True,Sensor contact not supported
2024-06-20 10:08:44.292883,[358],True,166,False,[167],True,Sensor contact not supported
2024-06-20 10:08:44.697402,[358],True,166,False,[167],True,Sensor contact not supported
2024-06-20 10:08:45.012816,[366],True,165,False,[163],True,Sensor contact not supported
2024-06-20 10:08:45.418131,[358],True,166,False,[167],True,Sensor contact not supported
2024-06-20 10:08:45.777534,[358],True,166,False,[167],True,Sensor contact not supported
2024-06-20 10:08:46.137286,[358],True,166,False,[167],True,Sensor contact not supported
2024-06-20 10:08:46.497590,[358],True,166,False,[167],True,Sensor contact not supported
2024-06-20 10:08:46.858157,[358],True,166,False,[167],True,Sensor contact not supported
2024-06-20 10:08:47.218249,[358],True,167,False,[167],True,Sensor contact not supported
2024-06-20 10:08:47.578307,[366],True,165,False,[163],True,Sensor contact not supported
2024-06-20 10:08:47.937621,[358],True,166,False,[167],True,Sensor contact not supported
2024-06-20 10:08:48.297535,[358],True,166,False,[167],True,Sensor contact not supported
2024-06-20 10:08:48.657960,[366],True,165,False,[163],True,Sensor contact not supported
2024-06-20 10:08:49.018053,[358],True,166,False,[167],True,Sensor contact not supported
2024-06-20 10:08:49.347884,[358],True,166,False,[167],True,Sensor contact not supported
2024-06-20 10:08:49.707972,[358],True,166,False,[167],True,Sensor contact not supported
2024-06-20 10:08:50.112386,[366],True,165,False,[163],True,Sensor contact not supported
2024-06-20 10:08:50.472982,[358],True,166,False,[167],True,Sensor contact not supported
2024-06-20 10:08:50.833079,[358],True,166,False,[167],True,Sensor contact not supported
2024-06-20 10:08:51.193243,[366],True,165,False,[163],True,Sensor contact not supported
2024-06-20 10:08:51.552462,[358],True,166,False,[167],True,Sensor contact not supported
2024-06-20 10:08:51.912569,[358],True,166,False,[167],True,Sensor contact not supported
2024-06-20 10:08:52.272360,[358],True,166,False,[167],True,Sensor contact not supported
2024-06-20 10:08:52.632473,[358],True,166,False,[167],True,Sensor contact not supported
2024-06-20 10:08:52.992908,[366],True,165,False,[163],True,Sensor contact not supported
2024-06-20 10:08:53.322945,[358],True,166,False,[167],True,Sensor contact not supported
2024-06-20 10:08:53.683093,[366],True,165,False,[163],True,Sensor contact not supported
2024-06-20 10:08:54.087550,[366],True,164,False,[163],True,Sensor contact not supported
2024-06-20 10:08:54.417822,[358],True,165,False,[167],True,Sensor contact not supported
2024-06-20 10:08:54.822722,[358],True,166,False,[167],True,Sensor contact not supported
2024-06-20 10:08:55.137821,[366],True,165,False,[163],True,Sensor contact not supported
2024-06-20 10:08:55.542758,[358],True,165,False,[167],True,Sensor contact not supported
2024-06-20 10:08:55.903143,[366],True,165,False,[163],True,Sensor contact not supported
2024-06-20 10:08:56.263057,[358],True,165,False,[167],True,Sensor contact not supported
2024-06-20 10:08:56.623187,[366],True,165,False,[163],True,Sensor contact not supported
2024-06-20 10:08:56.953125,[366],True,164,False,[163],True,Sensor contact not supported
2024-06-20 10:08:57.357581,[358],True,165,False,[167],True,Sensor contact not supported
2024-06-20 10:08:57.717383,[358],True,165,False,[167],True,Sensor contact not supported
2024-06-20 10:08:58.078083,[358],True,166,False,[167],True,Sensor contact not supported
2024-06-20 10:08:58.437554,[366],True,165,False,[163],True,Sensor contact not supported
2024-06-20 10:08:58.797459,[358],True,165,False,[167],True,Sensor contact not supported
2024-06-20 10:08:59.127840,[366],True,165,False,[163],True,Sensor contact not supported
2024-06-20 10:08:59.532433,[358],True,165,False,[167],True,Sensor contact not supported
2024-06-20 10:08:59.893055,[358],True,166,False,[167],True,Sensor contact not supported
2024-06-20 10:09:00.253085,[366],True,165,False,[163],True,Sensor contact not supported
2024-06-20 10:09:00.613143,[358],True,165,False,[167],True,Sensor contact not supported
2024-06-20 10:09:00.973246,[366],True,165,False,[163],True,Sensor contact not supported
2024-06-20 10:09:01.302679,[358],True,165,False,[167],True,Sensor contact not supported
2024-06-20 10:09:01.707733,[358],True,166,False,[167],True,Sensor contact not supported
2024-06-20 10:09:02.067872,[358],True,166,False,[167],True,Sensor contact not supported
2024-06-20 10:09:02.427649,[358],True,166,False,[167],True,Sensor contact not supported
2024-06-20 10:09:02.787592,[358],True,166,False,[167],True,Sensor contact not supported
2024-06-20 10:09:03.148196,[366],True,165,False,[163],True,Sensor contact not supported
2024-06-20 10:09:03.508229,[358],True,166,False,[167],True,Sensor contact not supported
2024-06-20 10:09:03.867843,[358],True,166,False,[167],True,Sensor contact not supported
2024-06-20 10:09:04.228024,[366],True,165,False,[163],True,Sensor contact not supported
2024-06-20 10:09:04.557959,[358],True,166,False,[167],True,Sensor contact not supported
2024-06-20 10:09:04.962272,[366],True,165,False,[163],True,Sensor contact not supported
2024-06-20 10:09:05.322467,[358],True,165,False,[167],True,Sensor contact not supported
2024-06-20 10:09:05.682628,[366],True,165,False,[163],True,Sensor contact not supported
2024-06-20 10:09:06.042809,[358],True,165,False,[167],True,Sensor contact not supported
2024-06-20 10:09:06.403000,[358],True,166,False,[167],True,Sensor contact not supported
2024-06-20 10:09:06.762340,[358],True,166,False,[167],True,Sensor contact not supported
2024-06-20 10:09:07.122542,[358],True,166,False,[167],True,Sensor contact not supported
2024-06-20 10:09:07.483176,[358],True,166,False,[167],True,Sensor contact not supported
2024-06-20 10:09:07.843120,[358],True,166,False,[167],True,Sensor contact not supported
2024-06-20 10:09:08.202775,[366],True,165,False,[163],True,Sensor contact not supported
2024-06-20 10:09:08.532902,[358],True,166,False,[167],True,Sensor contact not supported
2024-06-20 10:09:08.938173,[366],True,165,False,[163],True,Sensor contact not supported
2024-06-20 10:09:09.298034,[366],True,164,False,[163],True,Sensor contact not supported
2024-06-20 10:09:09.657511,[358],True,165,False,[167],True,Sensor contact not supported
2024-06-20 10:09:10.017388,[358],True,166,False,[167],True,Sensor contact not supported
2024-06-20 10:09:10.378229,[358],True,166,False,[167],True,Sensor contact not supported
2024-06-20 10:09:10.738135,[358],True,166,False,[167],True,Sensor contact not supported
2024-06-20 10:09:11.097945,[358],True,166,False,[167],True,Sensor contact not supported
2024-06-20 10:09:11.457935,[366],True,165,False,[163],True,Sensor contact not supported
2024-06-20 10:09:11.832870,[358],True,166,False,[167],True,Sensor contact not supported
2024-06-20 10:09:12.192225,[358],True,166,False,[167],True,Sensor contact not supported
2024-06-20 10:09:12.553017,[366],True,165,False,[163],True,Sensor contact not supported
2024-06-20 10:09:12.912608,[358],True,166,False,[167],True,Sensor contact not supported
2024-06-20 10:09:13.272405,[366],True,165,False,[163],True,Sensor contact not supported
2024-06-20 10:09:13.632992,[350],True,167,False,[171],True,Sensor contact not supported
2024-06-20 10:09:13.993186,[358],True,167,False,[167],True,Sensor contact not supported
2024-06-20 10:09:14.352743,[358],True,167,False,[167],True,Sensor contact not supported
2024-06-20 10:09:14.712525,[358],True,167,False,[167],True,Sensor contact not supported
2024-06-20 10:09:15.072587,[358],True,167,False,[167],True,Sensor contact not supported
2024-06-20 10:09:15.432506,[366],True,165,False,[163],True,Sensor contact not supported
2024-06-20 10:09:15.793216,[358],True,166,False,[167],True,Sensor contact not supported
2024-06-20 10:09:16.152533,[358],True,166,False,[167],True,Sensor contact not supported
2024-06-20 10:09:16.512343,[358],True,166,False,[167],True,Sensor contact not supported
2024-06-20 10:09:16.873040,[358],True,166,False,[167],True,Sensor contact not supported
2024-06-20 10:09:17.232470,[366],True,165,False,[163],True,Sensor contact not supported
2024-06-20 10:09:17.593035,[358],True,166,False,[167],True,Sensor contact not supported
2024-06-20 10:09:17.952568,[358],True,166,False,[167],True,Sensor contact not supported
2024-06-20 10:09:18.282774,[358],True,166,False,[167],True,Sensor contact not supported
2024-06-20 10:09:18.687367,[358],True,166,False,[167],True,Sensor contact not supported
2024-06-20 10:09:18.987770,[350],True,168,False,[171],True,Sensor contact not supported
2024-06-20 10:09:19.393135,[350],True,168,False,[171],True,Sensor contact not supported
2024-06-20 10:09:19.692952,[350],True,169,False,[171],True,Sensor contact not supported
2024-06-20 10:09:20.052600,[350],True,169,False,[171],True,Sensor contact not supported
2024-06-20 10:09:20.397471,[358],True,169,False,[167],True,Sensor contact not supported
2024-06-20 10:09:20.802675,[358],True,168,False,[167],True,Sensor contact not supported
2024-06-20 10:09:21.162463,[358],True,168,False,[167],True,Sensor contact not supported
2024-06-20 10:09:21.522783,[358],True,167,False,[167],True,Sensor contact not supported
2024-06-20 10:09:21.883113,[366],True,166,False,[163],True,Sensor contact not supported
2024-06-20 10:09:22.242693,[358],True,166,False,[167],True,Sensor contact not supported
2024-06-20 10:09:22.602902,[358],True,166,False,[167],True,Sensor contact not supported
2024-06-20 10:09:22.933051,[358],True,166,False,[167],True,Sensor contact not supported
2024-06-20 10:09:23.293072,[358],True,167,False,[167],True,Sensor contact not supported
2024-06-20 10:09:23.697630,[366],True,165,False,[163],True,Sensor contact not supported
2024-06-20 10:09:24.057482,[366],True,165,False,[163],True,Sensor contact not supported
2024-06-20 10:09:24.417350,[358],True,165,False,[167],True,Sensor contact not supported
2024-06-20 10:09:24.777389,[358],True,166,False,[167],True,Sensor contact not supported
2024-06-20 10:09:25.137618,[358],True,166,False,[167],True,Sensor contact not supported
2024-06-20 10:09:25.497481,[358],True,166,False,[167],True,Sensor contact not supported
2024-06-20 10:09:25.857559,[358],True,166,False,[167],True,Sensor contact not supported
2024-06-20 10:09:26.217296,[358],True,166,False,[167],True,Sensor contact not supported
2024-06-20 10:09:26.577904,[366],True,165,False,[163],True,Sensor contact not supported
2024-06-20 10:09:26.907597,[358],True,166,False,[167],True,Sensor contact not supported
2024-06-20 10:09:27.312507,[358],True,166,False,[167],True,Sensor contact not supported
2024-06-20 10:09:27.672954,[358],True,166,False,[167],True,Sensor contact not supported
2024-06-20 10:09:28.032562,[366],True,165,False,[163],True,Sensor contact not supported
2024-06-20 10:09:28.393194,[358],True,166,False,[167],True,Sensor contact not supported
2024-06-20 10:09:28.752933,[366],True,165,False,[163],True,Sensor contact not supported
2024-06-20 10:09:29.083274,[358],True,165,False,[167],True,Sensor contact not supported
2024-06-20 10:09:29.442930,[366],True,165,False,[163],True,Sensor contact not supported
2024-06-20 10:09:29.847475,[358],True,165,False,[167],True,Sensor contact not supported
2024-06-20 10:09:30.147275,[358],True,166,False,[167],True,Sensor contact not supported
2024-06-20 10:09:30.522567,[358],True,166,False,[167],True,Sensor contact not supported
2024-06-20 10:09:30.927487,[366],True,165,False,[163],True,Sensor contact not supported
2024-06-20 10:09:31.287416,[366],True,164,False,[163],True,Sensor contact not supported
2024-06-20 10:09:31.617967,[366],True,164,False,[163],True,Sensor contact not supported
2024-06-20 10:09:32.022856,[358],True,165,False,[167],True,Sensor contact not supported
2024-06-20 10:09:32.382388,[366],True,164,False,[163],True,Sensor contact not supported
2024-06-20 10:09:32.713032,[366],True,164,False,[163],True,Sensor contact not supported
2024-06-20 10:09:33.117320,[358],True,165,False,[167],True,Sensor contact not supported
2024-06-20 10:09:33.477428,[366],True,164,False,[163],True,Sensor contact not supported
2024-06-20 10:09:33.807379,[366],True,164,False,[163],True,Sensor contact not supported
2024-06-20 10:09:34.182627,[366],True,164,False,[163],True,Sensor contact not supported
2024-06-20 10:09:34.587896,[366],True,163,False,[163],True,Sensor contact not supported
2024-06-20 10:09:34.947604,[358],True,164,False,[167],True,Sensor contact not supported
2024-06-20 10:09:35.307846,[366],True,164,False,[163],True,Sensor contact not supported
2024-06-20 10:09:35.667620,[366],True,164,False,[163],True,Sensor contact not supported
2024-06-20 10:09:35.997477,[366],True,164,False,[163],True,Sensor contact not supported
2024-06-20 10:09:36.402574,[358],True,164,False,[167],True,Sensor contact not supported
2024-06-20 10:09:36.733106,[366],True,164,False,[163],True,Sensor contact not supported
2024-06-20 10:09:37.137473,[366],True,164,False,[163],True,Sensor contact not supported
2024-06-20 10:09:37.497802,[358],True,165,False,[167],True,Sensor contact not supported
2024-06-20 10:09:37.827948,[366],True,164,False,[163],True,Sensor contact not supported
2024-06-20 10:09:38.232904,[366],True,164,False,[163],True,Sensor contact not supported
2024-06-20 10:09:38.592887,[366],True,164,False,[163],True,Sensor contact not supported
2024-06-20 10:09:38.922407,[366],True,163,False,[163],True,Sensor contact not supported
2024-06-20 10:09:39.327297,[366],True,163,False,[163],True,Sensor contact not supported
2024-06-20 10:09:39.658131,[366],True,163,False,[163],True,Sensor contact not supported
2024-06-20 10:09:40.063168,[358],True,164,False,[167],True,Sensor contact not supported
2024-06-20 10:09:40.392356,[366],True,164,False,[163],True,Sensor contact not supported
2024-06-20 10:09:40.798264,[366],True,164,False,[163],True,Sensor contact not supported
2024-06-20 10:09:41.157771,[366],True,163,False,[163],True,Sensor contact not supported
2024-06-20 10:09:41.487923,[366],True,163,False,[163],True,Sensor contact not supported
2024-06-20 10:09:41.892389,[358],True,164,False,[167],True,Sensor contact not supported
2024-06-20 10:09:42.223124,[366],True,164,False,[163],True,Sensor contact not supported
2024-06-20 10:09:42.628257,[366],True,164,False,[163],True,Sensor contact not supported
2024-06-20 10:09:42.957684,[366],True,163,False,[163],True,Sensor contact not supported
2024-06-20 10:09:43.318150,[366],True,163,False,[163],True,Sensor contact not supported
2024-06-20 10:09:43.723104,[358],True,164,False,[167],True,Sensor contact not supported
2024-06-20 10:09:44.082899,[366],True,164,False,[163],True,Sensor contact not supported
2024-06-20 10:09:44.442777,[366],True,164,False,[163],True,Sensor contact not supported
2024-06-20 10:09:44.772297,[366],True,163,False,[163],True,Sensor contact not supported
2024-06-20 10:09:45.132488,[358],True,164,False,[167],True,Sensor contact not supported
2024-06-20 10:09:45.552981,[366],True,164,False,[163],True,Sensor contact not supported
2024-06-20 10:09:45.912346,[366],True,164,False,[163],True,Sensor contact not supported
2024-06-20 10:09:46.272747,[366],True,164,False,[163],True,Sensor contact not supported
2024-06-20 10:09:46.602229,[366],True,163,False,[163],True,Sensor contact not supported
2024-06-20 10:09:47.007439,[366],True,163,False,[163],True,Sensor contact not supported
2024-06-20 10:09:47.368128,[358],True,164,False,[167],True,Sensor contact not supported
2024-06-20 10:09:47.697481,[358],True,165,False,[167],True,Sensor contact not supported
2024-06-20 10:09:48.103022,[366],True,164,False,[163],True,Sensor contact not supported
2024-06-20 10:09:48.462964,[358],True,165,False,[167],True,Sensor contact not supported
2024-06-20 10:09:48.792842,[366],True,164,False,[163],True,Sensor contact not supported
2024-06-20 10:09:49.198038,[366],True,164,False,[163],True,Sensor contact not supported
2024-06-20 10:09:49.557799,[366],True,164,False,[163],True,Sensor contact not supported
2024-06-20 10:09:49.917500,[358],True,165,False,[167],True,Sensor contact not supported
2024-06-20 10:09:50.277393,[366],True,164,False,[163],True,Sensor contact not supported
2024-06-20 10:09:50.607790,[366],True,164,False,[163],True,Sensor contact not supported
2024-06-20 10:09:51.012985,[366],True,164,False,[163],True,Sensor contact not supported
2024-06-20 10:09:51.342275,[358],True,165,False,[167],True,Sensor contact not supported
2024-06-20 10:09:51.747954,[366],True,164,False,[163],True,Sensor contact not supported
2024-06-20 10:09:52.107740,[358],True,165,False,[167],True,Sensor contact not supported
2024-06-20 10:09:52.467290,[366],True,164,False,[163],True,Sensor contact not supported
2024-06-20 10:09:52.797601,[366],True,164,False,[163],True,Sensor contact not supported
2024-06-20 10:09:53.202611,[358],True,165,False,[167],True,Sensor contact not supported
2024-06-20 10:09:53.562811,[366],True,164,False,[163],True,Sensor contact not supported
2024-06-20 10:09:53.893012,[358],True,165,False,[167],True,Sensor contact not supported
2024-06-20 10:09:54.297946,[366],True,164,False,[163],True,Sensor contact not supported
2024-06-20 10:09:54.657397,[366],True,164,False,[163],True,Sensor contact not supported
2024-06-20 10:09:54.988101,[358],True,165,False,[167],True,Sensor contact not supported
2024-06-20 10:09:55.392655,[366],True,164,False,[163],True,Sensor contact not supported
2024-06-20 10:09:55.752495,[366],True,164,False,[163],True,Sensor contact not supported
2024-06-20 10:09:56.082525,[358],True,165,False,[167],True,Sensor contact not supported
2024-06-20 10:09:56.442622,[366],True,164,False,[163],True,Sensor contact not supported
2024-06-20 10:09:56.847932,[366],True,164,False,[163],True,Sensor contact not supported
2024-06-20 10:09:57.208035,[358],True,165,False,[167],True,Sensor contact not supported
2024-06-20 10:09:57.537421,[366],True,164,False,[163],True,Sensor contact not supported
2024-06-20 10:09:57.942772,[366],True,164,False,[163],True,Sensor contact not supported
2024-06-20 10:09:58.302455,[366],True,164,False,[163],True,Sensor contact not supported
2024-06-20 10:09:58.632431,[358],True,165,False,[167],True,Sensor contact not supported
2024-06-20 10:09:59.038209,[366],True,164,False,[163],True,Sensor contact not supported
2024-06-20 10:09:59.397469,[358],True,165,False,[167],True,Sensor contact not supported
2024-06-20 10:09:59.757179,[358],True,165,False,[167],True,Sensor contact not supported
2024-06-20 10:10:00.118092,[366],True,165,False,[163],True,Sensor contact not supported
2024-06-20 10:10:00.447488,[366],True,164,False,[163],True,Sensor contact not supported
2024-06-20 10:10:00.853091,[358],True,165,False,[167],True,Sensor contact not supported
2024-06-20 10:10:01.212893,[366],True,164,False,[163],True,Sensor contact not supported
2024-06-20 10:10:01.542599,[358],True,165,False,[167],True,Sensor contact not supported
2024-06-20 10:10:01.947535,[366],True,164,False,[163],True,Sensor contact not supported
2024-06-20 10:10:02.307448,[358],True,165,False,[167],True,Sensor contact not supported
2024-06-20 10:10:02.667269,[366],True,165,False,[163],True,Sensor contact not supported
2024-06-20 10:10:03.028137,[358],True,165,False,[167],True,Sensor contact not supported
2024-06-20 10:10:03.387310,[366],True,165,False,[163],True,Sensor contact not supported
2024-06-20 10:10:03.717656,[358],True,165,False,[167],True,Sensor contact not supported
2024-06-20 10:10:04.122909,[366],True,165,False,[163],True,Sensor contact not supported
2024-06-20 10:10:04.483023,[366],True,164,False,[163],True,Sensor contact not supported
2024-06-20 10:10:04.813100,[366],True,164,False,[163],True,Sensor contact not supported
2024-06-20 10:10:05.218090,[358],True,165,False,[167],True,Sensor contact not supported
2024-06-20 10:10:05.577634,[366],True,164,False,[163],True,Sensor contact not supported
2024-06-20 10:10:05.908034,[366],True,164,False,[163],True,Sensor contact not supported
2024-06-20 10:10:06.312688,[366],True,164,False,[163],True,Sensor contact not supported
2024-06-20 10:10:06.672384,[358],True,165,False,[167],True,Sensor contact not supported
2024-06-20 10:10:07.003063,[366],True,164,False,[163],True,Sensor contact not supported
2024-06-20 10:10:07.407451,[358],True,165,False,[167],True,Sensor contact not supported
2024-06-20 10:10:07.767355,[366],True,164,False,[163],True,Sensor contact not supported
2024-06-20 10:10:08.097625,[358],True,165,False,[167],True,Sensor contact not supported
2024-06-20 10:10:08.502650,[366],True,164,False,[163],True,Sensor contact not supported
2024-06-20 10:10:08.863155,[366],True,164,False,[163],True,Sensor contact not supported
2024-06-20 10:10:09.222689,[366],True,164,False,[163],True,Sensor contact not supported
2024-06-20 10:10:09.552853,[358],True,165,False,[167],True,Sensor contact not supported
2024-06-20 10:10:09.957854,[366],True,164,False,[163],True,Sensor contact not supported
2024-06-20 10:10:10.318081,[358],True,165,False,[167],True,Sensor contact not supported
2024-06-20 10:10:10.677382,[358],True,165,False,[167],True,Sensor contact not supported
2024-06-20 10:10:11.007860,[366],True,165,False,[163],True,Sensor contact not supported
2024-06-20 10:10:11.412339,[366],True,164,False,[163],True,Sensor contact not supported
2024-06-20 10:10:11.773715,[366],True,164,False,[163],True,Sensor contact not supported
2024-06-20 10:10:12.102872,[358],True,165,False,[167],True,Sensor contact not supported
2024-06-20 10:10:12.507721,[366],True,164,False,[163],True,Sensor contact not supported
2024-06-20 10:10:12.867852,[366],True,164,False,[163],True,Sensor contact not supported
2024-06-20 10:10:13.197385,[366],True,164,False,[163],True,Sensor contact not supported
2024-06-20 10:10:13.602978,[366],True,163,False,[163],True,Sensor contact not supported
2024-06-20 10:10:13.962609,[358],True,164,False,[167],True,Sensor contact not supported
2024-06-20 10:10:14.292671,[358],True,165,False,[167],True,Sensor contact not supported
2024-06-20 10:10:14.697487,[366],True,165,False,[163],True,Sensor contact not supported
2024-06-20 10:10:15.057344,[358],True,165,False,[167],True,Sensor contact not supported
2024-06-20 10:10:15.388038,[366],True,165,False,[163],True,Sensor contact not supported
2024-06-20 10:10:15.747589,[358],True,165,False,[167],True,Sensor contact not supported
2024-06-20 10:10:16.107323,[366],True,165,False,[163],True,Sensor contact not supported
2024-06-20 10:10:16.512261,[366],True,164,False,[163],True,Sensor contact not supported
2024-06-20 10:10:16.872278,[358],True,165,False,[167],True,Sensor contact not supported
2024-06-20 10:10:17.232735,[366],True,164,False,[163],True,Sensor contact not supported
2024-06-20 10:10:17.562338,[358],True,165,False,[167],True,Sensor contact not supported
2024-06-20 10:10:17.967646,[358],True,166,False,[167],True,Sensor contact not supported
2024-06-20 10:10:18.327812,[366],True,165,False,[163],True,Sensor contact not supported
2024-06-20 10:10:18.687568,[358],True,165,False,[167],True,Sensor contact not supported
2024-06-20 10:10:19.047964,[366],True,165,False,[163],True,Sensor contact not supported
2024-06-20 10:10:19.377320,[358],True,165,False,[167],True,Sensor contact not supported
2024-06-20 10:10:19.782301,[366],True,165,False,[163],True,Sensor contact not supported
2024-06-20 10:10:20.143046,[358],True,165,False,[167],True,Sensor contact not supported
2024-06-20 10:10:20.472274,[366],True,165,False,[163],True,Sensor contact not supported
2024-06-20 10:10:20.892306,[358],True,165,False,[167],True,Sensor contact not supported
2024-06-20 10:10:21.177932,[358],True,166,False,[167],True,Sensor contact not supported
2024-06-20 10:10:21.552995,[358],True,166,False,[167],True,Sensor contact not supported
2024-06-20 10:10:21.912922,[358],True,166,False,[167],True,Sensor contact not supported
2024-06-20 10:10:22.257320,[366],True,165,False,[163],True,Sensor contact not supported
2024-06-20 10:10:22.677695,[358],True,166,False,[167],True,Sensor contact not supported
2024-06-20 10:10:23.037784,[366],True,165,False,[163],True,Sensor contact not supported
2024-06-20 10:10:23.397975,[358],True,165,False,[167],True,Sensor contact not supported
2024-06-20 10:10:23.757728,[358],True,166,False,[167],True,Sensor contact not supported
2024-06-20 10:10:24.087889,[366],True,165,False,[163],True,Sensor contact not supported
2024-06-20 10:10:24.492951,[366],True,164,False,[163],True,Sensor contact not supported
2024-06-20 10:10:24.853638,[358],True,165,False,[167],True,Sensor contact not supported
2024-06-20 10:10:25.212443,[358],True,166,False,[167],True,Sensor contact not supported
2024-06-20 10:10:25.572806,[358],True,166,False,[167],True,Sensor contact not supported
2024-06-20 10:10:25.933168,[358],True,166,False,[167],True,Sensor contact not supported
2024-06-20 10:10:26.247564,[358],True,166,False,[167],True,Sensor contact not supported
2024-06-20 10:10:26.652896,[366],True,165,False,[163],True,Sensor contact not supported
2024-06-20 10:10:27.012577,[358],True,166,False,[167],True,Sensor contact not supported
2024-06-20 10:10:27.372442,[358],True,166,False,[167],True,Sensor contact not supported
2024-06-20 10:10:27.732300,[366],True,165,False,[163],True,Sensor contact not supported
2024-06-20 10:10:28.063303,[358],True,166,False,[167],True,Sensor contact not supported
2024-06-20 10:10:28.467499,[358],True,166,False,[167],True,Sensor contact not supported
2024-06-20 10:10:28.827356,[358],True,166,False,[167],True,Sensor contact not supported
2024-06-20 10:10:29.187718,[358],True,166,False,[167],True,Sensor contact not supported
2024-06-20 10:10:29.548190,[358],True,166,False,[167],True,Sensor contact not supported
2024-06-20 10:10:29.907630,[366],True,165,False,[163],True,Sensor contact not supported
2024-06-20 10:10:30.267362,[358],True,166,False,[167],True,Sensor contact not supported
2024-06-20 10:10:30.628037,[366],True,165,False,[163],True,Sensor contact not supported
2024-06-20 10:10:30.957356,[358],True,165,False,[167],True,Sensor contact not supported
2024-06-20 10:10:31.362552,[366],True,165,False,[163],True,Sensor contact not supported
2024-06-20 10:10:31.722302,[358],True,165,False,[167],True,Sensor contact not supported
2024-06-20 10:10:32.082720,[358],True,166,False,[167],True,Sensor contact not supported
2024-06-20 10:10:32.442391,[358],True,166,False,[167],True,Sensor contact not supported
2024-06-20 10:10:32.802830,[358],True,166,False,[167],True,Sensor contact not supported
2024-06-20 10:10:33.162465,[358],True,166,False,[167],True,Sensor contact not supported
2024-06-20 10:10:33.522395,[358],True,166,False,[167],True,Sensor contact not supported
2024-06-20 10:10:33.882954,[366],True,165,False,[163],True,Sensor contact not supported
2024-06-20 10:10:34.242911,[358],True,166,False,[167],True,Sensor contact not supported
2024-06-20 10:10:34.572597,[366],True,165,False,[163],True,Sensor contact not supported
2024-06-20 10:10:34.977411,[358],True,166,False,[167],True,Sensor contact not supported
2024-06-20 10:10:35.337605,[366],True,165,False,[163],True,Sensor contact not supported
2024-06-20 10:10:35.698007,[358],True,165,False,[167],True,Sensor contact not supported
2024-06-20 10:10:36.057373,[358],True,166,False,[167],True,Sensor contact not supported
2024-06-20 10:10:36.417983,[358],True,166,False,[167],True,Sensor contact not supported
2024-06-20 10:10:36.777433,[366],True,165,False,[163],True,Sensor contact not supported
2024-06-20 10:10:37.137283,[358],True,166,False,[167],True,Sensor contact not supported
2024-06-20 10:10:37.498180,[366],True,165,False,[163],True,Sensor contact not supported
2024-06-20 10:10:37.827894,[358],True,165,False,[167],True,Sensor contact not supported
2024-06-20 10:10:38.232288,[366],True,165,False,[163],True,Sensor contact not supported
2024-06-20 10:10:38.562298,[366],True,164,False,[163],True,Sensor contact not supported
2024-06-20 10:10:38.967930,[366],True,164,False,[163],True,Sensor contact not supported
2024-06-20 10:10:39.327574,[366],True,164,False,[163],True,Sensor contact not supported
2024-06-20 10:10:39.657346,[358],True,165,False,[167],True,Sensor contact not supported
2024-06-20 10:10:40.062858,[358],True,165,False,[167],True,Sensor contact not supported
2024-06-20 10:10:40.423031,[366],True,165,False,[163],True,Sensor contact not supported
2024-06-20 10:10:40.783010,[366],True,164,False,[163],True,Sensor contact not supported
2024-06-20 10:10:41.112188,[358],True,165,False,[167],True,Sensor contact not supported
2024-06-20 10:10:41.517712,[366],True,164,False,[163],True,Sensor contact not supported
2024-06-20 10:10:41.847158,[366],True,164,False,[163],True,Sensor contact not supported
2024-06-20 10:10:42.252647,[366],True,164,False,[163],True,Sensor contact not supported
2024-06-20 10:10:42.582837,[366],True,163,False,[163],True,Sensor contact not supported
2024-06-20 10:10:42.987355,[366],True,163,False,[163],True,Sensor contact not supported
2024-06-20 10:10:43.347976,[366],True,163,False,[163],True,Sensor contact not supported
2024-06-20 10:10:43.707274,[366],True,163,False,[163],True,Sensor contact not supported
2024-06-20 10:10:44.038005,[366],True,163,False,[163],True,Sensor contact not supported
2024-06-20 10:10:44.442662,[358],True,164,False,[167],True,Sensor contact not supported
2024-06-20 10:10:44.772866,[366],True,164,False,[163],True,Sensor contact not supported
2024-06-20 10:10:45.177316,[366],True,164,False,[163],True,Sensor contact not supported
2024-06-20 10:10:45.507385,[366],True,163,False,[163],True,Sensor contact not supported
2024-06-20 10:10:45.912721,[366],True,163,False,[163],True,Sensor contact not supported
2024-06-20 10:10:46.272225,[358],True,164,False,[167],True,Sensor contact not supported
2024-06-20 10:10:46.632527,[366],True,164,False,[163],True,Sensor contact not supported
2024-06-20 10:10:46.962725,[366],True,164,False,[163],True,Sensor contact not supported
2024-06-20 10:10:47.367631,[366],True,163,False,[163],True,Sensor contact not supported
2024-06-20 10:10:47.697395,[358],True,164,False,[167],True,Sensor contact not supported
2024-06-20 10:10:48.102539,[366],True,164,False,[163],True,Sensor contact not supported
2024-06-20 10:10:48.462895,[366],True,164,False,[163],True,Sensor contact not supported
2024-06-20 10:10:48.792192,[366],True,164,False,[163],True,Sensor contact not supported
2024-06-20 10:10:49.197444,[366],True,163,False,[163],True,Sensor contact not supported
2024-06-20 10:10:49.527422,[366],True,163,False,[163],True,Sensor contact not supported
2024-06-20 10:10:49.932555,[358],True,164,False,[167],True,Sensor contact not supported
2024-06-20 10:10:50.247720,[366],True,164,False,[163],True,Sensor contact not supported
2024-06-20 10:10:50.652383,[358],True,165,False,[167],True,Sensor contact not supported
2024-06-20 10:10:51.012798,[366],True,164,False,[163],True,Sensor contact not supported
2024-06-20 10:10:51.342901,[366],True,164,False,[163],True,Sensor contact not supported
2024-06-20 10:10:51.747998,[366],True,164,False,[163],True,Sensor contact not supported
2024-06-20 10:10:52.077965,[366],True,163,False,[163],True,Sensor contact not supported
2024-06-20 10:10:52.482708,[366],True,163,False,[163],True,Sensor contact not supported
2024-06-20 10:10:52.812846,[366],True,163,False,[163],True,Sensor contact not supported
2024-06-20 10:10:53.217335,[358],True,164,False,[167],True,Sensor contact not supported
2024-06-20 10:10:53.578134,[366],True,164,False,[163],True,Sensor contact not supported
2024-06-20 10:10:53.937254,[358],True,165,False,[167],True,Sensor contact not supported
2024-06-20 10:10:54.267684,[366],True,164,False,[163],True,Sensor contact not supported
2024-06-20 10:10:54.672912,[366],True,164,False,[163],True,Sensor contact not supported
2024-06-20 10:10:55.002280,[358],True,165,False,[167],True,Sensor contact not supported
2024-06-20 10:10:55.407574,[366],True,164,False,[163],True,Sensor contact not supported
2024-06-20 10:10:55.767443,[366],True,164,False,[163],True,Sensor contact not supported
2024-06-20 10:10:56.097970,[358],True,165,False,[167],True,Sensor contact not supported
2024-06-20 10:10:56.502124,[366],True,164,False,[163],True,Sensor contact not supported
2024-06-20 10:10:56.862512,[366],True,164,False,[163],True,Sensor contact not supported
2024-06-20 10:10:57.192886,[358],True,165,False,[167],True,Sensor contact not supported
2024-06-20 10:10:57.552625,[358],True,165,False,[167],True,Sensor contact not supported
2024-06-20 10:10:57.912908,[366],True,165,False,[163],True,Sensor contact not supported
2024-06-20 10:10:58.317261,[358],True,165,False,[167],True,Sensor contact not supported
2024-06-20 10:10:58.678380,[366],True,165,False,[163],True,Sensor contact not supported
2024-06-20 10:10:59.037290,[358],True,165,False,[167],True,Sensor contact not supported
2024-06-20 10:10:59.368373,[366],True,165,False,[163],True,Sensor contact not supported
2024-06-20 10:10:59.773125,[366],True,164,False,[163],True,Sensor contact not supported
2024-06-20 10:11:00.132703,[358],True,165,False,[167],True,Sensor contact not supported
2024-06-20 10:11:00.492985,[366],True,164,False,[163],True,Sensor contact not supported
2024-06-20 10:11:00.823474,[366],True,164,False,[163],True,Sensor contact not supported
2024-06-20 10:11:01.227983,[358],True,165,False,[167],True,Sensor contact not supported
2024-06-20 10:11:01.588401,[358],True,165,False,[167],True,Sensor contact not supported
2024-06-20 10:11:01.947784,[358],True,166,False,[167],True,Sensor contact not supported
2024-06-20 10:11:02.307134,[366],True,165,False,[163],True,Sensor contact not supported
2024-06-20 10:11:02.638422,[358],True,165,False,[167],True,Sensor contact not supported
2024-06-20 10:11:03.043337,[366],True,165,False,[163],True,Sensor contact not supported
2024-06-20 10:11:03.403321,[358],True,165,False,[167],True,Sensor contact not supported
2024-06-20 10:11:03.762790,[366],True,165,False,[163],True,Sensor contact not supported
2024-06-20 10:11:04.123413,[366],True,164,False,[163],True,Sensor contact not supported
2024-06-20 10:11:04.453480,[358],True,165,False,[167],True,Sensor contact not supported
2024-06-20 10:11:04.857708,[358],True,165,False,[167],True,Sensor contact not supported
2024-06-20 10:11:05.218424,[366],True,165,False,[163],True,Sensor contact not supported
2024-06-20 10:11:05.578441,[358],True,165,False,[167],True,Sensor contact not supported
2024-06-20 10:11:05.938412,[358],True,166,False,[167],True,Sensor contact not supported
2024-06-20 10:11:06.298435,[366],True,165,False,[163],True,Sensor contact not supported
2024-06-20 10:11:06.628186,[366],True,164,False,[163],True,Sensor contact not supported
2024-06-20 10:11:07.032559,[358],True,165,False,[167],True,Sensor contact not supported
2024-06-20 10:11:07.393400,[366],True,164,False,[163],True,Sensor contact not supported
2024-06-20 10:11:07.722487,[366],True,164,False,[163],True,Sensor contact not supported
2024-06-20 10:11:08.128424,[358],True,165,False,[167],True,Sensor contact not supported
2024-06-20 10:11:08.488465,[366],True,164,False,[163],True,Sensor contact not supported
2024-06-20 10:11:08.848450,[358],True,165,False,[167],True,Sensor contact not supported
2024-06-20 10:11:09.208388,[358],True,166,False,[167],True,Sensor contact not supported
2024-06-20 10:11:09.567738,[358],True,166,False,[167],True,Sensor contact not supported
2024-06-20 10:11:09.928425,[366],True,165,False,[163],True,Sensor contact not supported
2024-06-20 10:11:10.258494,[358],True,166,False,[167],True,Sensor contact not supported
2024-06-20 10:11:10.663505,[366],True,165,False,[163],True,Sensor contact not supported
2024-06-20 10:11:11.022814,[358],True,165,False,[167],True,Sensor contact not supported
2024-06-20 10:11:11.382964,[366],True,165,False,[163],True,Sensor contact not supported
2024-06-20 10:11:11.713014,[366],True,164,False,[163],True,Sensor contact not supported
2024-06-20 10:11:12.118480,[358],True,165,False,[167],True,Sensor contact not supported
2024-06-20 10:11:12.478495,[366],True,164,False,[163],True,Sensor contact not supported
2024-06-20 10:11:12.838483,[358],True,165,False,[167],True,Sensor contact not supported
2024-06-20 10:11:13.198210,[358],True,166,False,[167],True,Sensor contact not supported
2024-06-20 10:11:13.558303,[358],True,166,False,[167],True,Sensor contact not supported
2024-06-20 10:11:13.887842,[358],True,166,False,[167],True,Sensor contact not supported
2024-06-20 10:11:14.292958,[358],True,166,False,[167],True,Sensor contact not supported
2024-06-20 10:11:14.608458,[366],True,165,False,[163],True,Sensor contact not supported
2024-06-20 10:11:15.013480,[358],True,166,False,[167],True,Sensor contact not supported
2024-06-20 10:11:15.373471,[366],True,165,False,[163],True,Sensor contact not supported
2024-06-20 10:11:15.733502,[358],True,165,False,[167],True,Sensor contact not supported
2024-06-20 10:11:16.092259,[366],True,165,False,[163],True,Sensor contact not supported
2024-06-20 10:11:16.423498,[358],True,165,False,[167],True,Sensor contact not supported
2024-06-20 10:11:16.828279,[358],True,166,False,[167],True,Sensor contact not supported
2024-06-20 10:11:17.188430,[358],True,166,False,[167],True,Sensor contact not supported
2024-06-20 10:11:17.548426,[358],True,166,False,[167],True,Sensor contact not supported
2024-06-20 10:11:17.908431,[366],True,165,False,[163],True,Sensor contact not supported
2024-06-20 10:11:18.268115,[358],True,166,False,[167],True,Sensor contact not supported
2024-06-20 10:11:18.628525,[358],True,166,False,[167],True,Sensor contact not supported
2024-06-20 10:11:18.988262,[366],True,165,False,[163],True,Sensor contact not supported
2024-06-20 10:11:19.348441,[358],True,166,False,[167],True,Sensor contact not supported
2024-06-20 10:11:19.708439,[358],True,166,False,[167],True,Sensor contact not supported
2024-06-20 10:11:20.067716,[358],True,166,False,[167],True,Sensor contact not supported
2024-06-20 10:11:20.428434,[366],True,165,False,[163],True,Sensor contact not supported
2024-06-20 10:11:20.788413,[358],True,166,False,[167],True,Sensor contact not supported
2024-06-20 10:11:21.118105,[358],True,166,False,[167],True,Sensor contact not supported
2024-06-20 10:11:21.523424,[358],True,166,False,[167],True,Sensor contact not supported
2024-06-20 10:11:21.883402,[358],True,166,False,[167],True,Sensor contact not supported
2024-06-20 10:11:22.242921,[358],True,166,False,[167],True,Sensor contact not supported
2024-06-20 10:11:22.603485,[358],True,167,False,[167],True,Sensor contact not supported
2024-06-20 10:11:22.902948,[350],True,168,False,[171],True,Sensor contact not supported
2024-06-20 10:11:23.308203,[358],True,167,False,[167],True,Sensor contact not supported
2024-06-20 10:11:23.668434,[358],True,167,False,[167],True,Sensor contact not supported
2024-06-20 10:11:24.028266,[358],True,167,False,[167],True,Sensor contact not supported
2024-06-20 10:11:24.388404,[358],True,167,False,[167],True,Sensor contact not supported
2024-06-20 10:11:24.748419,[366],True,166,False,[163],True,Sensor contact not supported
2024-06-20 10:11:25.108111,[358],True,166,False,[167],True,Sensor contact not supported
2024-06-20 10:11:25.468416,[358],True,166,False,[167],True,Sensor contact not supported
2024-06-20 10:11:25.828413,[358],True,166,False,[167],True,Sensor contact not supported
2024-06-20 10:11:26.188374,[358],True,166,False,[167],True,Sensor contact not supported
2024-06-20 10:11:26.548408,[358],True,167,False,[167],True,Sensor contact not supported
2024-06-20 10:11:26.908389,[358],True,167,False,[167],True,Sensor contact not supported
2024-06-20 10:11:27.268393,[358],True,167,False,[167],True,Sensor contact not supported
2024-06-20 10:11:27.628398,[358],True,167,False,[167],True,Sensor contact not supported
2024-06-20 10:11:27.988368,[358],True,167,False,[167],True,Sensor contact not supported
2024-06-20 10:11:28.348404,[366],True,165,False,[163],True,Sensor contact not supported
2024-06-20 10:11:28.708437,[358],True,166,False,[167],True,Sensor contact not supported
2024-06-20 10:11:29.068330,[358],True,166,False,[167],True,Sensor contact not supported
2024-06-20 10:11:29.428450,[358],True,166,False,[167],True,Sensor contact not supported
2024-06-20 10:11:29.788383,[358],True,166,False,[167],True,Sensor contact not supported
2024-06-20 10:11:30.148404,[358],True,166,False,[167],True,Sensor contact not supported
2024-06-20 10:11:30.508422,[358],True,167,False,[167],True,Sensor contact not supported
2024-06-20 10:11:30.868183,[358],True,167,False,[167],True,Sensor contact not supported
2024-06-20 10:11:31.228264,[358],True,167,False,[167],True,Sensor contact not supported
2024-06-20 10:11:31.588183,[358],True,167,False,[167],True,Sensor contact not supported
2024-06-20 10:11:31.948098,[358],True,167,False,[167],True,Sensor contact not supported
2024-06-20 10:11:32.308261,[358],True,167,False,[167],True,Sensor contact not supported
2024-06-20 10:11:32.668280,[358],True,167,False,[167],True,Sensor contact not supported
2024-06-20 10:11:32.983036,[358],True,167,False,[167],True,Sensor contact not supported
2024-06-20 10:11:33.343002,[358],True,167,False,[167],True,Sensor contact not supported
2024-06-20 10:11:33.703320,[358],True,167,False,[167],True,Sensor contact not supported
2024-06-20 10:11:34.048199,[358],True,167,False,[167],True,Sensor contact not supported
2024-06-20 10:11:34.423264,[358],True,167,False,[167],True,Sensor contact not supported
2024-06-20 10:11:34.828307,[358],True,167,False,[167],True,Sensor contact not supported
2024-06-20 10:11:35.188427,[358],True,167,False,[167],True,Sensor contact not supported
2024-06-20 10:11:35.488432,[358],True,167,False,[167],True,Sensor contact not supported
2024-06-20 10:11:35.893434,[358],True,167,False,[167],True,Sensor contact not supported
2024-06-20 10:11:36.253004,[350],True,168,False,[171],True,Sensor contact not supported
2024-06-20 10:11:36.613373,[358],True,167,False,[167],True,Sensor contact not supported
2024-06-20 10:11:37.196350,[350],True,168,False,[171],True,Sensor contact not supported
2024-06-20 10:11:37.288258,[358],True,168,False,[167],True,Sensor contact not supported
