timestamp_sent,freq,freq_hr,on
2024-06-20 09:24:47.818105,1.368428783333333,82.10572699999999,1
2024-06-20 09:25:48.076484,1.4861019176259143,89.16611505755486,1
2024-06-20 09:25:48.820731,1.4517954467831733,87.1077268069904,1
2024-06-20 09:25:49.499197,1.5236027490506527,91.41616494303916,1
2024-06-20 09:25:50.193029,1.6259866944536894,97.55920166722136,1
2024-06-20 09:25:50.857671,1.7706514825718607,106.23908895431164,1
2024-06-20 09:25:51.491835,1.8285174777791933,109.7110486667516,1
2024-06-20 09:25:52.063995,1.8497972651446075,110.98783590867644,1
2024-06-20 09:25:52.622148,1.878911304852466,112.73467829114796,1
2024-06-20 09:25:53.175486,1.897354299428015,113.8412579656809,1
2024-06-20 09:25:53.716885,1.9084745676265313,114.50847405759188,1
2024-06-20 09:25:54.257523,1.9248407899966167,115.490447399797,1
2024-06-20 09:25:54.784714,1.954384543193,117.26307259158,1
2024-06-20 09:25:55.328748,1.9807199495444878,118.84319697266928,1
2024-06-20 09:25:55.838720,1.9938073995635504,119.62844397381302,1
2024-06-20 09:25:56.341924,2.0303020945486714,121.81812567292029,1
2024-06-20 09:25:56.849607,2.0448517183689505,122.69110310213703,1
2024-06-20 09:25:57.359309,2.0518929306500078,123.11357583900046,1
2024-06-20 09:25:57.840065,2.090376397974727,125.42258387848362,1
2024-06-20 09:25:58.334902,2.1138944580320094,126.83366748192056,1
2024-06-20 09:25:58.831005,2.118261088576542,127.09566531459252,1
2024-06-20 09:25:59.296439,2.145191960930611,128.71151765583667,1
2024-06-20 09:25:59.760685,2.176224345392365,130.5734607235419,1
2024-06-20 09:26:00.241110,2.176185507042865,130.57113042257188,1
2024-06-20 09:26:00.710356,2.2076857420695615,132.46114452417368,1
2024-06-20 09:26:01.175209,2.2223798119292124,133.34278871575273,1
2024-06-20 09:26:01.638766,2.2320121479093857,133.92072887456314,1
2024-06-20 09:26:02.103822,2.2224374155045425,133.34624493027255,1
2024-06-20 09:26:02.566773,2.2855748318749884,137.1344899124993,1
2024-06-20 09:26:03.029681,2.3480605844782385,140.8836350686943,1
2024-06-20 09:26:03.461619,2.3377373531884023,140.26424119130414,1
2024-06-20 09:26:03.893246,2.1978521517700096,131.87112910620058,1
2024-06-20 09:26:04.325767,2.3303057074746243,139.81834244847747,1
2024-06-20 09:26:04.789902,2.335622844985217,140.13737069911303,1
2024-06-20 09:26:05.238058,2.3491670932186968,140.9500255931218,1
2024-06-20 09:26:05.667492,2.368981361278444,142.13888167670663,1
2024-06-20 09:26:06.101581,2.3541639935691694,141.24983961415018,1
2024-06-20 09:26:06.521672,2.4066123530438444,144.39674118263065,1
2024-06-20 09:26:06.966657,2.4016501344986403,144.09900806991843,1
2024-06-20 09:26:07.397055,2.374935284858948,142.49611709153686,1
2024-06-20 09:26:07.830583,2.3974547068363994,143.84728241018396,1
2024-06-20 09:26:08.248249,2.428777564237835,145.7266538542701,1
2024-06-20 09:26:08.663828,2.425819617447978,145.54917704687867,1
2024-06-20 09:26:09.072189,2.431129502425463,145.86777014552777,1
2024-06-20 09:26:09.492353,2.4841347534887106,149.04808520932264,1
2024-06-20 09:26:09.897337,2.4820224467525374,148.92134680515224,1
2024-06-20 09:26:10.301789,2.4762314355115693,148.57388613069415,1
2024-06-20 09:26:10.707395,2.44323525849458,146.5941155096748,1
2024-06-20 09:26:11.111914,2.529707717715143,151.7824630629086,1
2024-06-20 09:26:11.522487,2.5033222677145273,150.19933606287162,1
2024-06-20 09:26:11.922192,2.499316680010861,149.95900080065164,1
2024-06-20 09:26:12.323481,2.5037835201116887,150.22701120670132,1
2024-06-20 09:26:12.743093,2.5288363910464335,151.73018346278602,1
2024-06-20 09:26:13.158323,2.4955878413047357,149.73527047828415,1
2024-06-20 09:26:13.558171,2.5475031248769584,152.8501874926175,1
2024-06-20 09:26:13.959096,2.5321338884419182,151.9280333065151,1
2024-06-20 09:26:14.360869,2.534086167835661,152.04517007013968,1
2024-06-20 09:26:14.747724,2.5342094801099666,152.052568806598,1
2024-06-20 09:26:15.151461,2.5407224413550296,152.44334648130177,1
2024-06-20 09:26:15.553312,2.5398032701135222,152.38819620681133,1
2024-06-20 09:26:15.955139,2.541391991503109,152.48351949018652,1
2024-06-20 09:26:16.342933,2.5538811777549397,153.2328706652964,1
2024-06-20 09:26:16.728436,2.5532990830800006,153.19794498480005,1
2024-06-20 09:26:17.116560,2.552083864463477,153.12503186780862,1
2024-06-20 09:26:17.519026,2.5455326945317296,152.73196167190378,1
2024-06-20 09:26:17.920832,2.561268494344496,153.67610966066977,1
2024-06-20 09:26:18.329434,2.562938193657258,153.77629161943548,1
2024-06-20 09:26:18.727203,2.583737164436635,155.0242298661981,1
2024-06-20 09:26:19.129557,2.5623864937852963,153.74318962711777,1
2024-06-20 09:26:19.531197,2.5606493309985185,153.63895985991113,1
2024-06-20 09:26:19.934062,2.562224605272333,153.73347631634,1
2024-06-20 09:26:20.334959,2.5779334108001692,154.67600464801015,1
2024-06-20 09:26:20.737617,2.569379773680288,154.16278642081727,1
2024-06-20 09:26:21.123030,2.573435133030701,154.40610798184207,1
2024-06-20 09:26:21.524994,2.6071888468621425,156.43133081172854,1
2024-06-20 09:26:21.926525,2.59992518323642,155.9955109941852,1
2024-06-20 09:26:22.328668,2.562597117622057,153.75582705732344,1
2024-06-20 09:26:22.715634,2.580568653127817,154.83411918766902,1
2024-06-20 09:26:23.117940,2.6064201566079097,156.38520939647458,1
2024-06-20 09:26:23.520476,2.615925439705296,156.95552638231777,1
2024-06-20 09:26:23.922039,2.6128649512250854,156.77189707350513,1
2024-06-20 09:26:24.306709,2.6039348282042436,156.2360896922546,1
2024-06-20 09:26:24.693147,2.5957552673775712,155.74531604265428,1
2024-06-20 09:26:25.081475,2.595129680403642,155.7077808242185,1
2024-06-20 09:26:25.465457,2.605377334797944,156.32264008787664,1
2024-06-20 09:26:25.852573,2.610056299578287,156.60337797469722,1
2024-06-20 09:26:26.240678,2.5946439032465727,155.67863419479437,1
2024-06-20 09:26:26.637957,2.5943611279043686,155.6616676742621,1
2024-06-20 09:26:27.032986,2.5988292855219095,155.92975713131457,1
2024-06-20 09:26:27.413189,2.645317916092655,158.7190749655593,1
2024-06-20 09:26:27.809129,2.5929470904259575,155.57682542555744,1
2024-06-20 09:26:28.185879,2.579047101033335,154.74282606200012,1
2024-06-20 09:26:28.574136,2.6120976050648803,156.7258563038928,1
2024-06-20 09:26:28.958396,2.612147378795999,156.72884272775994,1
2024-06-20 09:26:29.347502,2.63114629636603,157.8687777819618,1
2024-06-20 09:26:29.736890,2.6049863995784013,156.29918397470408,1
2024-06-20 09:26:30.109146,2.607193657433957,156.43161944603742,1
2024-06-20 09:26:30.494177,2.604822900824482,156.28937404946893,1
2024-06-20 09:26:30.894500,2.600719172250369,156.04315033502212,1
2024-06-20 09:26:31.279311,2.659849853112408,159.5909911867445,1
2024-06-20 09:26:31.666815,2.599743558243898,155.98461349463386,1
2024-06-20 09:26:32.065164,2.578676910714658,154.7206146428795,1
2024-06-20 09:26:32.450221,2.619311316464225,157.1586789878535,1
2024-06-20 09:26:32.847230,2.6177532673718074,157.06519604230843,1
2024-06-20 09:26:33.222530,2.624846372235562,157.49078233413374,1
2024-06-20 09:26:33.611422,2.617031894229529,157.02191365377175,1
2024-06-20 09:26:33.987158,2.607239061826996,156.43434370961975,1
2024-06-20 09:26:34.362373,2.6078707048779504,156.472242292677,1
2024-06-20 09:26:34.751212,2.618798301141688,157.12789806850128,1
2024-06-20 09:26:35.126857,2.640067130564731,158.40402783388387,1
2024-06-20 09:26:35.510898,2.635224600762388,158.11347604574328,1
2024-06-20 09:26:35.892703,2.57708677200845,154.625206320507,1
2024-06-20 09:26:36.281839,2.619316503065231,157.15899018391386,1
2024-06-20 09:26:36.680921,2.6182638724517084,157.09583234710252,1
2024-06-20 09:26:37.080793,2.6305088613830856,157.83053168298514,1
2024-06-20 09:26:37.466650,2.5974478450345027,155.84687070207016,1
2024-06-20 09:26:37.852677,2.6328659054799757,157.97195432879855,1
2024-06-20 09:26:38.252491,2.623530969885957,157.41185819315743,1
2024-06-20 09:26:38.635133,2.59993391496725,155.996034898035,1
2024-06-20 09:26:39.034539,2.6024233736251583,156.1454024175095,1
2024-06-20 09:26:39.421723,2.652814858512751,159.16889151076506,1
2024-06-20 09:26:39.808628,2.6167053986757605,157.00232392054562,1
2024-06-20 09:26:40.191796,2.617985840873874,157.07915045243246,1
2024-06-20 09:26:40.593931,2.6181318850857123,157.08791310514275,1
2024-06-20 09:26:40.981471,2.616414055153135,156.9848433091881,1
2024-06-20 09:26:41.368733,2.5708503852388085,154.25102311432852,1
2024-06-20 09:26:41.758445,2.6308269683269603,157.84961809961763,1
2024-06-20 09:26:42.158986,2.6287230317045753,157.72338190227453,1
2024-06-20 09:26:42.543650,2.629935053373635,157.7961032024181,1
2024-06-20 09:26:42.928863,2.6450538976732285,158.7032338603937,1
2024-06-20 09:26:43.315693,2.610087405222366,156.60524431334196,1
2024-06-20 09:26:43.686342,2.604719003231282,156.28314019387693,1
2024-06-20 09:26:44.072944,2.6317225464212615,157.9033527852757,1
2024-06-20 09:26:44.460540,2.617694995979075,157.0616997587445,1
2024-06-20 09:26:44.847854,2.617157446657525,157.0294467994515,1
2024-06-20 09:26:45.236796,2.584093331670588,155.0455999002353,1
2024-06-20 09:26:45.624324,2.640008332652358,158.40049995914148,1
2024-06-20 09:26:46.011081,2.6369866235981463,158.21919741588877,1
2024-06-20 09:26:46.396339,2.5840622420285766,155.04373452171458,1
2024-06-20 09:26:46.787335,2.646065064237417,158.763903854245,1
2024-06-20 09:26:47.174512,2.607210502079153,156.43263012474918,1
2024-06-20 09:26:47.547162,2.6076996786186353,156.4619807171181,1
2024-06-20 09:26:47.935182,2.6249356606172487,157.49613963703493,1
2024-06-20 09:26:48.320041,2.645807716531137,158.74846299186822,1
2024-06-20 09:26:48.706940,2.6538474485034356,159.23084691020614,1
2024-06-20 09:26:49.095162,2.649538505152512,158.9723103091507,1
2024-06-20 09:26:49.468682,2.6389431339821248,158.3365880389275,1
2024-06-20 09:26:49.842556,2.628134262754684,157.68805576528104,1
2024-06-20 09:26:50.213952,2.6232827227924553,157.39696336754733,1
2024-06-20 09:26:50.599207,2.6247594973130792,157.48556983878476,1
2024-06-20 09:26:50.983392,2.6179387365442794,157.07632419265676,1
2024-06-20 09:26:51.369135,2.6209547226749157,157.25728336049494,1
2024-06-20 09:26:51.754508,2.6218416416511987,157.3104984990719,1
2024-06-20 09:26:52.141054,2.6097589269606036,156.58553561763622,1
2024-06-20 09:26:52.511573,2.6593178031231663,159.55906818738998,1
2024-06-20 09:26:52.898422,2.6255593731984077,157.53356239190447,1
2024-06-20 09:26:53.286513,2.6317157914278906,157.90294748567342,1
2024-06-20 09:26:53.673934,2.6050691754117965,156.30415052470778,1
2024-06-20 09:26:54.059278,2.6075778805111396,156.4546728306684,1
2024-06-20 09:26:54.460673,2.605994314553824,156.35965887322942,1
2024-06-20 09:26:54.864531,2.658521815597207,159.51130893583243,1
2024-06-20 09:26:55.266241,2.646752008411939,158.80512050471634,1
2024-06-20 09:26:55.651832,2.6251022860316557,157.50613716189935,1
2024-06-20 09:26:56.039604,2.6246302686014293,157.47781611608576,1
2024-06-20 09:26:56.438586,2.6224353751521865,157.3461225091312,1
2024-06-20 09:26:56.824891,2.6225778438873033,157.3546706332382,1
2024-06-20 09:26:57.211641,2.6215055767834645,157.29033460700788,1
2024-06-20 09:26:57.612271,2.6451964847437544,158.71178908462525,1
2024-06-20 09:26:57.999371,2.6300840348576964,157.8050420914618,1
2024-06-20 09:26:58.387805,2.6291167731335654,157.74700638801392,1
2024-06-20 09:26:58.766986,2.6290696230665773,157.74417738399464,1
2024-06-20 09:26:59.157269,2.6380605847818694,158.28363508691217,1
2024-06-20 09:26:59.531639,2.641988235950381,158.51929415702287,1
2024-06-20 09:26:59.919014,2.641968991815824,158.51813950894945,1
2024-06-20 09:27:00.296700,2.644304669357069,158.65828016142413,1
2024-06-20 09:27:00.672008,2.6487993306486346,158.92795983891807,1
2024-06-20 09:27:01.047026,2.653551330428533,159.213079825712,1
2024-06-20 09:27:01.431399,2.6566903847350196,159.40142308410117,1
2024-06-20 09:27:01.811986,2.656368859311042,159.3821315586625,1
2024-06-20 09:27:02.186841,2.6507260394089567,159.0435623645374,1
2024-06-20 09:27:02.562293,2.645046263252191,158.70277579513146,1
2024-06-20 09:27:02.937025,2.6622348899792097,159.73409339875258,1
2024-06-20 09:27:03.327422,2.6638814975403267,159.8328898524196,1
2024-06-20 09:27:03.711543,2.643517553447988,158.6110532068793,1
2024-06-20 09:27:04.097814,2.639589288702154,158.37535732212925,1
2024-06-20 09:27:04.484256,2.6875080809619427,161.25048485771657,1
2024-06-20 09:27:04.870204,2.6608209131816705,159.64925479090022,1
2024-06-20 09:27:05.253035,2.6729183092260995,160.37509855356598,1
2024-06-20 09:27:05.639053,2.6674865993262125,160.04919595957276,1
2024-06-20 09:27:06.023597,2.661873955483932,159.7124373290359,1
2024-06-20 09:27:06.411531,2.6623412564293885,159.74047538576332,1
2024-06-20 09:27:06.797708,2.6603354018547027,159.62012411128217,1
2024-06-20 09:27:07.184311,2.6887785321352635,161.3267119281158,1
2024-06-20 09:27:07.572725,2.652563664682367,159.15381988094202,1
2024-06-20 09:27:07.956943,2.694318117624904,161.65908705749425,1
2024-06-20 09:27:08.346993,2.659111897853388,159.54671387120328,1
2024-06-20 09:27:08.717074,2.6554867213085465,159.32920327851278,1
2024-06-20 09:27:09.105741,2.657892948477211,159.47357690863265,1
2024-06-20 09:27:09.492191,2.6967647022483177,161.80588213489906,1
2024-06-20 09:27:09.877918,2.7009854470025236,162.05912682015142,1
2024-06-20 09:27:10.250620,2.6650166301718268,159.9009978103096,1
2024-06-20 09:27:10.620212,2.662966372375437,159.77798234252623,1
2024-06-20 09:27:11.009536,2.6555122584765782,159.3307355085947,1
2024-06-20 09:27:11.395888,2.6548471841096153,159.29083104657693,1
2024-06-20 09:27:11.782131,2.6542853388535304,159.2571203312118,1
2024-06-20 09:27:12.167264,2.6700607512123966,160.2036450727438,1
2024-06-20 09:27:12.556822,2.6876049419718124,161.25629651830874,1
2024-06-20 09:27:12.944575,2.6880169989170155,161.28101993502094,1
2024-06-20 09:27:13.329914,2.689351733430716,161.36110400584295,1
2024-06-20 09:27:13.701845,2.6613992962113056,159.68395777267833,1
2024-06-20 09:27:14.087124,2.6593360825212797,159.5601649512768,1
2024-06-20 09:27:14.475348,2.664021938911954,159.84131633471725,1
2024-06-20 09:27:14.861233,2.7141155788749405,162.84693473249644,1
2024-06-20 09:27:15.247504,2.7207056127934774,163.24233676760863,1
2024-06-20 09:27:15.623728,2.6617397887651415,159.7043873259085,1
2024-06-20 09:27:15.995857,2.6915123386243454,161.49074031746073,1
2024-06-20 09:27:16.383465,2.710326786367627,162.61960718205762,1
2024-06-20 09:27:16.769789,2.699483201833669,161.96899211002014,1
2024-06-20 09:27:17.155436,2.6868731085085225,161.21238651051135,1
2024-06-20 09:27:17.525914,2.6865826604518634,161.1949596271118,1
2024-06-20 09:27:17.912187,2.6849958848650664,161.09975309190398,1
2024-06-20 09:27:18.298922,2.714530142071082,162.8718085242649,1
2024-06-20 09:27:18.656718,2.7210348120036287,163.26208872021772,1
2024-06-20 09:27:19.031330,2.6673925932362987,160.04355559417792,1
2024-06-20 09:27:19.407485,2.7138011235598882,162.8280674135933,1
2024-06-20 09:27:19.767519,2.704752792952876,162.28516757717256,1
2024-06-20 09:27:20.142642,2.7057551000078015,162.3453060004681,1
2024-06-20 09:27:20.519829,2.7054853771671343,162.32912263002805,1
2024-06-20 09:27:20.876668,2.7238003654904506,163.42802192942705,1
2024-06-20 09:27:21.251394,2.7129770785934806,162.77862471560883,1
2024-06-20 09:27:21.627161,2.6885115309743943,161.31069185846366,1
2024-06-20 09:27:21.986906,2.701889697171361,162.11338183028167,1
2024-06-20 09:27:22.364203,2.7003369260209027,162.02021556125416,1
2024-06-20 09:27:22.750262,2.7473570868796804,164.84142521278082,1
2024-06-20 09:27:23.133187,2.752847079187082,165.1708247512249,1
2024-06-20 09:27:23.501987,2.7306184821584973,163.83710892950984,1
2024-06-20 09:27:23.876026,2.7049083095888076,162.29449857532845,1
2024-06-20 09:27:24.236937,2.682198646318072,160.93191877908433,1
2024-06-20 09:27:24.597599,2.6692806992168037,160.1568419530082,1
2024-06-20 09:27:24.963522,2.6732342537640514,160.3940552258431,1
2024-06-20 09:27:25.334799,2.7010665861068115,162.0639951664087,1
2024-06-20 09:27:25.734572,2.739267304871476,164.35603829228856,1
2024-06-20 09:27:26.104731,2.718660138552255,163.1196083131353,1
2024-06-20 09:27:26.489526,2.7249206675023956,163.49524005014374,1
2024-06-20 09:27:26.861292,2.7043595849799975,162.26157509879985,1
2024-06-20 09:27:27.231118,2.7067547590838834,162.405285545033,1
2024-06-20 09:27:27.601894,2.7076175696776326,162.45705418065796,1
2024-06-20 09:27:27.971465,2.708270379056036,162.49622274336215,1
2024-06-20 09:27:28.343518,2.706554602017714,162.39327612106285,1
2024-06-20 09:27:28.713925,2.760430212317526,165.62581273905158,1
2024-06-20 09:27:29.084009,2.7306538624602767,163.8392317476166,1
2024-06-20 09:27:29.456449,2.6941212881208783,161.6472772872527,1
2024-06-20 09:27:29.811965,2.730700643980718,163.8420386388431,1
2024-06-20 09:27:30.183125,2.7080903634534463,162.4854218072068,1
2024-06-20 09:27:30.556153,2.704640992398431,162.27845954390585,1
2024-06-20 09:27:30.928980,2.704151382185964,162.24908293115786,1
2024-06-20 09:27:31.302361,2.7261142599240484,163.56685559544292,1
2024-06-20 09:27:31.688206,2.7309940481530504,163.85964288918302,1
2024-06-20 09:27:32.060159,2.7025266440226066,162.1515986413564,1
2024-06-20 09:27:32.431193,2.7310854672706015,163.8651280362361,1
2024-06-20 09:27:32.803824,2.7033643641392144,162.20186184835288,1
2024-06-20 09:27:33.176769,2.696013648668734,161.76081892012405,1
2024-06-20 09:27:33.561974,2.7294545800932806,163.76727480559683,1
2024-06-20 09:27:33.934626,2.734256200706627,164.05537204239764,1
2024-06-20 09:27:34.309752,2.7187650452529444,163.12590271517666,1
2024-06-20 09:27:34.680920,2.716635380195078,162.9981228117047,1
2024-06-20 09:27:35.051825,2.7190396900459177,163.14238140275506,1
2024-06-20 09:27:35.439276,2.701753987743083,162.10523926458498,1
2024-06-20 09:27:35.809612,2.7408228351301176,164.44937010780706,1
2024-06-20 09:27:36.180582,2.78031660591064,166.8189963546384,1
2024-06-20 09:27:36.551502,2.7918840069973854,167.51304041984312,1
2024-06-20 09:27:36.921276,2.782290490959585,166.93742945757512,1
2024-06-20 09:27:37.289900,2.7574663069274736,165.4479784156484,1
2024-06-20 09:27:37.663585,2.7231026549446327,163.38615929667796,1
2024-06-20 09:27:38.036967,2.6903622312596154,161.42173387557693,1
2024-06-20 09:27:38.423284,2.7030267962454793,162.18160777472875,1
2024-06-20 09:27:38.806909,2.724323285710158,163.45939714260948,1
2024-06-20 09:27:39.193241,2.714320758536175,162.8592455121705,1
2024-06-20 09:27:39.577472,2.705657852973682,162.33947117842092,1
2024-06-20 09:27:39.948200,2.7399484613876814,164.39690768326088,1
2024-06-20 09:27:40.324315,2.743538165872631,164.61228995235788,1
2024-06-20 09:27:40.693240,2.683442493832484,161.00654962994903,1
2024-06-20 09:27:41.079302,2.733860223447877,164.03161340687262,1
2024-06-20 09:27:41.464284,2.730171872823734,163.81031236942405,1
2024-06-20 09:27:41.838293,2.6958458210356087,161.7507492621365,1
2024-06-20 09:27:42.206355,2.7100601614087156,162.60360968452295,1
2024-06-20 09:27:42.577846,2.732993003343401,163.97958020060406,1
2024-06-20 09:27:42.961049,2.7134172613213376,162.80503567928025,1
2024-06-20 09:27:43.348866,2.725281102254297,163.5168661352578,1
2024-06-20 09:27:43.722192,2.7369011116650555,164.21406669990333,1
2024-06-20 09:27:44.090152,2.707935684759844,162.47614108559063,1
2024-06-20 09:27:44.456764,2.7110880297198916,162.6652817831935,1
2024-06-20 09:27:44.832261,2.730006079647372,163.80036477884232,1
2024-06-20 09:27:45.191639,2.733224164126535,163.9934498475921,1
2024-06-20 09:27:45.546581,2.728264141707882,163.69584850247293,1
2024-06-20 09:27:45.913926,2.7270349033211376,163.62209419926825,1
2024-06-20 09:27:46.282649,2.7273147022367854,163.63888213420714,1
2024-06-20 09:27:46.650531,2.727834966106918,163.67009796641509,1
2024-06-20 09:27:47.022440,2.7299794976987917,163.7987698619275,1
2024-06-20 09:27:47.393481,2.7133633952888894,162.80180371733337,1
2024-06-20 09:27:47.749024,2.676366748968192,160.58200493809153,1
2024-06-20 09:27:48.120464,2.7390117323217,164.340703939302,1
2024-06-20 09:27:48.492200,2.7419730349220526,164.51838209532315,1
2024-06-20 09:27:48.863406,2.7299875172959682,163.7992510377581,1
2024-06-20 09:27:49.217747,2.731751652733065,163.9050991639839,1
2024-06-20 09:27:49.585365,2.736448471771776,164.18690830630658,1
2024-06-20 09:27:49.957016,2.704563475062267,162.27380850373603,1
2024-06-20 09:27:50.312320,2.7382086733043915,164.2925203982635,1
2024-06-20 09:27:50.683912,2.72206633128681,163.3239798772086,1
2024-06-20 09:27:51.056651,2.6946949069837145,161.68169441902288,1
2024-06-20 09:27:51.427590,2.7640603863710895,165.84362318226536,1
2024-06-20 09:27:51.814246,2.7619771749490782,165.71863049694468,1
2024-06-20 09:27:52.166606,2.720240783415023,163.2144470049014,1
2024-06-20 09:27:52.538747,2.730732860076448,163.84397160458687,1
2024-06-20 09:27:52.902443,2.7559424091663094,165.35654454997857,1
2024-06-20 09:27:53.262021,2.732063299321236,163.92379795927417,1
2024-06-20 09:27:53.635528,2.728742994996719,163.72457969980312,1
2024-06-20 09:27:53.996997,2.7317764424872495,163.90658654923496,1
2024-06-20 09:27:54.356938,2.742886648646012,164.5731989187607,1
2024-06-20 09:27:54.731970,2.7495224527909596,164.97134716745757,1
2024-06-20 09:27:55.091588,2.738077480613128,164.28464883678768,1
2024-06-20 09:27:55.459235,2.7373134099934413,164.23880459960648,1
2024-06-20 09:27:55.827074,2.722199691206902,163.33198147241413,1
2024-06-20 09:27:56.187042,2.7172578101350404,163.03546860810243,1
2024-06-20 09:27:56.546712,2.7135571961100564,162.81343176660337,1
2024-06-20 09:27:56.928395,2.747227761988966,164.83366571933794,1
2024-06-20 09:27:57.317231,2.763963240811066,165.83779444866397,1
2024-06-20 09:27:57.707134,2.7379780626071692,164.27868375643015,1
2024-06-20 09:27:58.079349,2.7352545373630277,164.11527224178167,1
2024-06-20 09:27:58.450913,2.746957934101863,164.81747604611178,1
2024-06-20 09:27:58.821132,2.7418220927254073,164.50932556352444,1
2024-06-20 09:27:59.206696,2.7410180652105467,164.4610839126328,1
2024-06-20 09:27:59.594017,2.7472885961808324,164.83731577084995,1
2024-06-20 09:27:59.947777,2.72175993292128,163.3055959752768,1
2024-06-20 09:28:00.333976,2.734807264940341,164.08843589642046,1
2024-06-20 09:28:00.718682,2.744954706672763,164.69728240036576,1
2024-06-20 09:28:01.088612,2.7476019515031322,164.85611709018792,1
2024-06-20 09:28:01.472730,2.749854513631395,164.9912708178837,1
2024-06-20 09:28:01.843619,2.7514426756022723,165.08656053613635,1
2024-06-20 09:28:02.198479,2.7360540267370252,164.16324160422153,1
2024-06-20 09:28:02.567377,2.721733361631899,163.30400169791395,1
2024-06-20 09:28:02.939380,2.759357328753701,165.56143972522207,1
2024-06-20 09:28:03.312277,2.72505403288364,163.5032419730184,1
2024-06-20 09:28:03.668454,2.7249700320094488,163.4982019205669,1
2024-06-20 09:28:04.039573,2.75424323686656,165.2545942119936,1
2024-06-20 09:28:04.410269,2.7526195621561658,165.15717372936996,1
2024-06-20 09:28:04.777915,2.7685772988109267,166.1146379286556,1
2024-06-20 09:28:05.148715,2.7506762980500854,165.0405778830051,1
2024-06-20 09:28:05.517566,2.730535762528732,163.8321457517239,1
2024-06-20 09:28:05.887970,2.7287559135125203,163.7253548107512,1
2024-06-20 09:28:06.262753,2.7333210767290885,163.9992646037453,1
2024-06-20 09:28:06.632808,2.712750304279869,162.76501825679213,1
2024-06-20 09:28:07.017053,2.7681569493283265,166.08941695969958,1
2024-06-20 09:28:07.390026,2.7684166212406685,166.1049972744401,1
2024-06-20 09:28:07.764259,2.753061898543922,165.18371391263534,1
2024-06-20 09:28:08.133545,2.744498116958126,164.66988701748755,1
2024-06-20 09:28:08.504138,2.743565690876886,164.61394145261318,1
2024-06-20 09:28:08.889766,2.7483349188204325,164.90009512922595,1
2024-06-20 09:28:09.256303,2.7463317323253107,164.77990393951865,1
2024-06-20 09:28:09.642403,2.7498471244789062,164.99082746873438,1
2024-06-20 09:28:10.010802,2.7334083506625233,164.0045010397514,1
2024-06-20 09:28:10.380428,2.7552293349083072,165.31376009449843,1
2024-06-20 09:28:10.766468,2.7856373255791698,167.1382395347502,1
2024-06-20 09:28:11.139681,2.7744200799548207,166.46520479728923,1
2024-06-20 09:28:11.502254,2.771637922101861,166.29827532611168,1
2024-06-20 09:28:11.861769,2.7524912182206824,165.14947309324094,1
2024-06-20 09:28:12.222451,2.740989772208656,164.45938633251936,1
2024-06-20 09:28:12.581618,2.746504925465896,164.79029552795376,1
2024-06-20 09:28:12.968494,2.74769153770147,164.8614922620882,1
2024-06-20 09:28:13.322668,2.7460803523012753,164.7648211380765,1
2024-06-20 09:28:13.677316,2.7535371378473616,165.2122282708417,1
2024-06-20 09:28:14.036922,2.7509616274395325,165.05769764637196,1
2024-06-20 09:28:14.403504,2.782840252102585,166.97041512615507,1
2024-06-20 09:28:14.771543,2.80337913623113,168.2027481738678,1
2024-06-20 09:28:15.132165,2.7773106807510377,166.63864084506227,1
2024-06-20 09:28:15.492388,2.7708330716181866,166.2499842970912,1
2024-06-20 09:28:15.853437,2.7548429872636153,165.29057923581692,1
2024-06-20 09:28:16.222934,2.749504151547053,164.9702490928232,1
2024-06-20 09:28:16.592481,2.760951448608395,165.6570869165037,1
2024-06-20 09:28:16.963970,2.7627375482489622,165.76425289493773,1
2024-06-20 09:28:17.330582,2.762322737597121,165.73936425582724,1
2024-06-20 09:28:17.686701,2.763538788781793,165.81232732690756,1
2024-06-20 09:28:18.056956,2.7718951731983874,166.31371039190324,1
2024-06-20 09:28:18.428975,2.7376146734595017,164.2568804075701,1
2024-06-20 09:28:18.798267,2.769201917911028,166.15211507466168,1
2024-06-20 09:28:19.167961,2.7997173570058624,167.98304142035175,1
2024-06-20 09:28:19.538456,2.760994287032256,165.65965722193536,1
2024-06-20 09:28:19.909400,2.7477457192048482,164.86474315229088,1
2024-06-20 09:28:20.280632,2.7450001012561844,164.70000607537108,1
2024-06-20 09:28:20.650797,2.7780482558570707,166.68289535142424,1
2024-06-20 09:28:21.020815,2.8072303497315536,168.4338209838932,1
2024-06-20 09:28:21.391691,2.7616653207343718,165.6999192440623,1
2024-06-20 09:28:21.764417,2.761940916685816,165.71645500114897,1
2024-06-20 09:28:22.136357,2.7837209165023484,167.0232549901409,1
2024-06-20 09:28:22.509526,2.7629570807945756,165.77742484767452,1
2024-06-20 09:28:22.877693,2.751876128502973,165.11256771017838,1
2024-06-20 09:28:23.249507,2.7598796672156447,165.5927800329387,1
2024-06-20 09:28:23.621404,2.7328600596405797,163.97160357843478,1
2024-06-20 09:28:23.978637,2.7749761174903633,166.4985670494218,1
2024-06-20 09:28:24.350713,2.7939584951954,167.63750971172402,1
2024-06-20 09:28:24.722741,2.769346554946167,166.16079329677,1
2024-06-20 09:28:25.096056,2.7702839194410696,166.21703516646417,1
2024-06-20 09:28:25.452527,2.7705455724157173,166.23273434494303,1
2024-06-20 09:28:25.809657,2.7672671685088166,166.036030110529,1
2024-06-20 09:28:26.166462,2.7679516016927006,166.07709610156203,1
2024-06-20 09:28:26.538162,2.7550050432743385,165.3003025964603,1
2024-06-20 09:28:26.914093,2.745975663440995,164.7585398064597,1
2024-06-20 09:28:27.284256,2.7459807647640586,164.75884588584353,1
2024-06-20 09:28:27.655385,2.7579251183989606,165.47550710393764,1
2024-06-20 09:28:28.028887,2.7866624296835423,167.19974578101252,1
2024-06-20 09:28:28.400371,2.789312691016782,167.3587614610069,1
2024-06-20 09:28:28.773130,2.756325970506628,165.37955823039766,1
2024-06-20 09:28:29.145423,2.7553532161292558,165.32119296775534,1
2024-06-20 09:28:29.515880,2.7709971175270334,166.259827051622,1
2024-06-20 09:28:29.888405,2.752548869755904,165.15293218535425,1
2024-06-20 09:28:30.260631,2.7418485531942443,164.51091319165465,1
2024-06-20 09:28:30.633126,2.7435027535526726,164.61016521316034,1
2024-06-20 09:28:31.004937,2.762559934506196,165.75359607037177,1
2024-06-20 09:28:31.390104,2.792162279393759,167.52973676362555,1
2024-06-20 09:28:31.762943,2.7797140795858164,166.782844775149,1
2024-06-20 09:28:32.126724,2.7733938543572023,166.40363126143214,1
2024-06-20 09:28:32.486853,2.786896840411932,167.21381042471592,1
2024-06-20 09:28:32.846642,2.7620162712812206,165.72097627687324,1
2024-06-20 09:28:33.206590,2.745252285986418,164.71513715918508,1
2024-06-20 09:28:33.597218,2.771650197444897,166.29901184669382,1
2024-06-20 09:28:33.983872,2.766712513714217,166.00275082285302,1
2024-06-20 09:28:34.339315,2.7523764222168743,165.14258533301245,1
2024-06-20 09:28:34.707895,2.7547380264438672,165.28428158663203,1
2024-06-20 09:28:35.078160,2.758815852701408,165.52895116208447,1
2024-06-20 09:28:35.433287,2.7632720910903035,165.79632546541822,1
2024-06-20 09:28:35.805887,2.761876227875898,165.7125736725539,1
2024-06-20 09:28:36.176553,2.762199576826555,165.7319746095933,1
2024-06-20 09:28:36.547147,2.762469832266034,165.74818993596205,1
2024-06-20 09:28:36.917071,2.762455412040791,165.74732472244744,1
2024-06-20 09:28:37.287045,2.762294217518991,165.73765305113946,1
2024-06-20 09:28:37.656555,2.7629534567711804,165.77720740627083,1
2024-06-20 09:28:38.014192,2.759333318379795,165.55999910278769,1
2024-06-20 09:28:38.383357,2.7487211916098087,164.9232714965885,1
2024-06-20 09:28:38.756848,2.740089657679102,164.40537946074613,1
2024-06-20 09:28:39.126812,2.7567973293209964,165.4078397592598,1
2024-06-20 09:28:39.501693,2.7777071963190503,166.66243177914302,1
2024-06-20 09:28:39.872589,2.7729511873244985,166.3770712394699,1
2024-06-20 09:28:40.244397,2.771161528914901,166.26969173489405,1
2024-06-20 09:28:40.616910,2.7346538196539196,164.07922917923517,1
2024-06-20 09:28:40.987549,2.7584078993390624,165.50447396034374,1
2024-06-20 09:28:41.357481,2.764161053309039,165.84966319854234,1
2024-06-20 09:28:41.727340,2.717001404726079,163.02008428356476,1
2024-06-20 09:28:42.100005,2.7493116373256012,164.95869823953606,1
2024-06-20 09:28:42.484238,2.7590478216900762,165.54286930140458,1
2024-06-20 09:28:42.852374,2.7649136193958483,165.8948171637509,1
2024-06-20 09:28:43.223991,2.7814872981150653,166.8892378869039,1
2024-06-20 09:28:43.610980,2.7700728600524243,166.20437160314546,1
2024-06-20 09:28:43.982690,2.7311881186356,163.871287118136,1
2024-06-20 09:28:44.353118,2.7531737902702007,165.19042741621203,1
2024-06-20 09:28:44.740536,2.7650305932255628,165.90183559353378,1
2024-06-20 09:28:45.127543,2.7572255761221345,165.43353456732808,1
2024-06-20 09:28:45.482157,2.7578034906138313,165.46820943682988,1
2024-06-20 09:28:45.851706,2.727163992753583,163.62983956521498,1
2024-06-20 09:28:46.221499,2.7585482984133565,165.51289790480138,1
2024-06-20 09:28:46.579227,2.77882195326592,166.72931719595522,1
2024-06-20 09:28:46.935311,2.7643730077524773,165.86238046514865,1
2024-06-20 09:28:47.290298,2.788934787230169,167.33608723381013,1
2024-06-20 09:28:47.661266,2.790049104770165,167.40294628620993,1
2024-06-20 09:28:48.034336,2.7589202050465955,165.53521230279574,1
2024-06-20 09:28:48.390405,2.753222277413786,165.19333664482716,1
2024-06-20 09:28:48.761570,2.7600133590419857,165.60080154251915,1
2024-06-20 09:28:49.132882,2.7566258899723723,165.39755339834235,1
2024-06-20 09:28:49.505050,2.7498439917218507,164.99063950331103,1
2024-06-20 09:28:49.871621,2.7443220170432667,164.659321022596,1
2024-06-20 09:28:50.232122,2.777279951783333,166.63679710699998,1
2024-06-20 09:28:50.603034,2.794081402892404,167.64488417354426,1
2024-06-20 09:28:50.967228,2.7778262701112646,166.66957620667588,1
2024-06-20 09:28:51.326811,2.7870149066758816,167.2208944005529,1
2024-06-20 09:28:51.686461,2.7852871842253393,167.11723105352036,1
2024-06-20 09:28:52.057402,2.758937459998126,165.53624759988756,1
2024-06-20 09:28:52.429065,2.7632644229551446,165.79586537730867,1
2024-06-20 09:28:52.802854,2.8132744573321307,168.79646743992785,1
2024-06-20 09:28:53.190118,2.8245416241743504,169.47249745046102,1
2024-06-20 09:28:53.561466,2.8102255433607466,168.6135326016448,1
2024-06-20 09:28:53.917188,2.7870008034612908,167.22004820767745,1
2024-06-20 09:28:54.288384,2.7716264880158694,166.29758928095217,1
2024-06-20 09:28:54.643461,2.7801082508117037,166.80649504870223,1
2024-06-20 09:28:55.000855,2.779821030725683,166.78926184354097,1
2024-06-20 09:28:55.355613,2.7930551766031555,167.58331059618934,1
2024-06-20 09:28:55.713338,2.7951955653905265,167.71173392343158,1
2024-06-20 09:28:56.069431,2.7295469587959067,163.7728175277544,1
2024-06-20 09:28:56.441505,2.773733059290717,166.423983557443,1
2024-06-20 09:28:56.811185,2.8134111785659663,168.804670713958,1
2024-06-20 09:28:57.181817,2.768044043101828,166.08264258610967,1
2024-06-20 09:28:57.538362,2.7654363964999584,165.9261837899975,1
2024-06-20 09:28:57.909373,2.745706716466208,164.74240298797247,1
2024-06-20 09:28:58.265248,2.7825985938056466,166.9559156283388,1
2024-06-20 09:28:58.637104,2.7943290460562062,167.65974276337238,1
2024-06-20 09:28:58.996766,2.7679065582329865,166.0743934939792,1
2024-06-20 09:28:59.367253,2.784674532233736,167.08047193402416,1
2024-06-20 09:28:59.735833,2.8009048609943856,168.05429165966314,1
2024-06-20 09:29:00.108754,2.797723701310779,167.86342207864675,1
2024-06-20 09:29:00.480769,2.798875711736186,167.93254270417117,1
2024-06-20 09:29:00.851749,2.782396171581138,166.94377029486827,1
2024-06-20 09:29:01.224386,2.7625759450305494,165.75455670183297,1
2024-06-20 09:29:01.608231,2.771167823855525,166.27006943133148,1
2024-06-20 09:29:01.976631,2.7799129946563683,166.7947796793821,1
2024-06-20 09:29:02.361734,2.7832144824352425,166.99286894611456,1
2024-06-20 09:29:02.731465,2.775057424640497,166.50344547842982,1
2024-06-20 09:29:03.101498,2.7578520858292914,165.47112514975748,1
2024-06-20 09:29:03.460011,2.774214185987023,166.45285115922138,1
2024-06-20 09:29:03.830990,2.7978328493022655,167.86997095813592,1
2024-06-20 09:29:04.184034,2.786414685790776,167.18488114744656,1
2024-06-20 09:29:04.540800,2.777048853571353,166.62293121428118,1
2024-06-20 09:29:04.911039,2.775044631764989,166.50267790589933,1
2024-06-20 09:29:05.282330,2.7702205244965254,166.21323146979154,1
2024-06-20 09:29:05.641121,2.7659318586340906,165.95591151804544,1
2024-06-20 09:29:05.996859,2.768046277317907,166.0827766390744,1
2024-06-20 09:29:06.367539,2.7550615041959707,165.30369025175824,1
2024-06-20 09:29:06.742656,2.7398472993427685,164.3908379605661,1
2024-06-20 09:29:07.106902,2.7807962164792857,166.84777298875713,1
2024-06-20 09:29:07.484151,2.7857715095956057,167.14629057573634,1
2024-06-20 09:29:07.846567,2.785510308671546,167.13061852029276,1
2024-06-20 09:29:08.201979,2.78487063213436,167.09223792806162,1
2024-06-20 09:29:08.573686,2.768465325254259,166.10791951525553,1
2024-06-20 09:29:08.936232,2.774148072164271,166.44888432985624,1
2024-06-20 09:29:09.301717,2.78622707702281,167.17362462136862,1
2024-06-20 09:29:09.671750,2.7395934613591675,164.37560768155004,1
2024-06-20 09:29:10.031175,2.760704256059064,165.64225536354385,1
2024-06-20 09:29:10.391377,2.785886171182683,167.15317027096097,1
2024-06-20 09:29:10.752933,2.7492045710349378,164.95227426209627,1
2024-06-20 09:29:11.111561,2.755937854606664,165.35627127639984,1
2024-06-20 09:29:11.471629,2.756293564338361,165.37761386030164,1
2024-06-20 09:29:11.823703,2.7661199763664612,165.96719858198767,1
2024-06-20 09:29:12.195741,2.7752298549278294,166.51379129566976,1
2024-06-20 09:29:12.566602,2.7811845645228903,166.87107387137343,1
2024-06-20 09:29:12.920414,2.7824582804226328,166.94749682535797,1
2024-06-20 09:29:13.274164,2.777527187782255,166.6516312669353,1
2024-06-20 09:29:13.646792,2.765081924519529,165.90491547117173,1
2024-06-20 09:29:14.007235,2.7594103872897215,165.5646232373833,1
2024-06-20 09:29:14.366964,2.751513640830647,165.09081844983882,1
2024-06-20 09:29:14.745268,2.732867397174624,163.97204383047745,1
2024-06-20 09:29:15.117513,2.7327032231145867,163.9621933868752,1
2024-06-20 09:29:15.488704,2.7460426400708386,164.7625584042503,1
2024-06-20 09:29:15.847404,2.7872599167234933,167.2355950034096,1
2024-06-20 09:29:16.203595,2.7744956012597606,166.46973607558564,1
2024-06-20 09:29:16.541584,2.7401505950223526,164.40903570134117,1
2024-06-20 09:29:16.914662,2.7443156953387717,164.6589417203263,1
2024-06-20 09:29:17.276910,2.764568658227604,165.87411949365625,1
2024-06-20 09:29:17.637245,2.741771138596529,164.50626831579174,1
2024-06-20 09:29:17.996545,2.7163484705530414,162.98090823318248,1
2024-06-20 09:29:18.375612,2.765135024098251,165.90810144589506,1
2024-06-20 09:29:18.731989,2.7701976211250012,166.21185726750008,1
2024-06-20 09:29:19.091619,2.7696879747277157,166.18127848366294,1
2024-06-20 09:29:19.451751,2.7715500326160583,166.2930019569635,1
2024-06-20 09:29:19.819829,2.763981633704872,165.8388980222923,1
2024-06-20 09:29:20.186650,2.7442529518414576,164.65517711048744,1
2024-06-20 09:29:20.546622,2.76717002440674,166.0302014644044,1
2024-06-20 09:29:20.907145,2.7779304826175726,166.67582895705436,1
2024-06-20 09:29:21.266830,2.74208216272857,164.5249297637142,1
2024-06-20 09:29:21.626678,2.750192105669196,165.01152634015176,1
2024-06-20 09:29:21.987254,2.7405384835981357,164.43230901588814,1
2024-06-20 09:29:22.346377,2.7568921647064424,165.41352988238654,1
2024-06-20 09:29:22.722513,2.8006285502493786,168.03771301496272,1
2024-06-20 09:29:23.081707,2.7708938728813752,166.25363237288252,1
2024-06-20 09:29:23.441569,2.775880646294508,166.55283877767047,1
2024-06-20 09:29:23.801668,2.7768878437814077,166.61327062688446,1
2024-06-20 09:29:24.162446,2.7726763486838655,166.36058092103193,1
2024-06-20 09:29:24.521324,2.7556632575537368,165.3397954532242,1
2024-06-20 09:29:24.882381,2.7561040819786267,165.3662449187176,1
2024-06-20 09:29:25.241557,2.7644435761198496,165.86661456719096,1
2024-06-20 09:29:25.601693,2.7712594521594394,166.27556712956635,1
2024-06-20 09:29:25.961614,2.747644439885351,164.85866639312107,1
2024-06-20 09:29:26.322090,2.7632741162056362,165.79644697233817,1
2024-06-20 09:29:26.681626,2.7377346556072077,164.26407933643247,1
2024-06-20 09:29:27.044330,2.7620206345970986,165.7212380758259,1
2024-06-20 09:29:27.416798,2.8254428501832134,169.5265710109928,1
2024-06-20 09:29:27.776539,2.7719947982037803,166.31968789222682,1
2024-06-20 09:29:28.132968,2.7527454726149343,165.16472835689606,1
2024-06-20 09:29:28.496575,2.773521406608243,166.41128439649458,1
2024-06-20 09:29:28.856662,2.785180378329647,167.11082269977882,1
2024-06-20 09:29:29.216293,2.7420341261658465,164.5220475699508,1
2024-06-20 09:29:29.577048,2.748312826920757,164.8987696152454,1
2024-06-20 09:29:29.936667,2.7409677555385326,164.45806533231195,1
2024-06-20 09:29:30.303952,2.7508071576924538,165.04842946154722,1
2024-06-20 09:29:30.672471,2.783232452147582,166.99394712885493,1
2024-06-20 09:29:31.032212,2.7918065586974157,167.50839352184494,1
2024-06-20 09:29:31.392304,2.7806925596598546,166.84155357959128,1
2024-06-20 09:29:31.752131,2.749452205610665,164.9671323366399,1
2024-06-20 09:29:32.112280,2.750476126205933,165.028567572356,1
2024-06-20 09:29:32.471533,2.762984864696729,165.77909188180377,1
2024-06-20 09:29:32.832307,2.7889913268824365,167.33947961294618,1
2024-06-20 09:29:33.186064,2.7498660823754184,164.9919649425251,1
2024-06-20 09:29:33.558570,2.7567493962616316,165.4049637756979,1
2024-06-20 09:29:33.927079,2.7520933834273658,165.12560300564195,1
2024-06-20 09:29:34.286666,2.7644618718459184,165.8677123107551,1
2024-06-20 09:29:34.647036,2.8062758374870813,168.3765502492249,1
2024-06-20 09:29:35.006739,2.797254900316573,167.83529401899438,1
2024-06-20 09:29:35.366707,2.7814995946624403,166.8899756797464,1
2024-06-20 09:29:35.727463,2.7673771534651137,166.04262920790683,1
2024-06-20 09:29:36.086954,2.7621186506282505,165.72711903769502,1
2024-06-20 09:29:36.446590,2.7765482567670645,166.59289540602387,1
2024-06-20 09:29:36.807103,2.7770175776977184,166.6210546618631,1
2024-06-20 09:29:37.167214,2.7647463694181504,165.88478216508904,1
2024-06-20 09:29:37.526246,2.7906866834582984,167.4412010074979,1
2024-06-20 09:29:37.894553,2.731062860817732,163.86377164906392,1
2024-06-20 09:29:38.268059,2.77863404656396,166.7180427938376,1
2024-06-20 09:29:38.637911,2.7861122003451424,167.16673202070854,1
2024-06-20 09:29:39.010305,2.7686791182387585,166.1207470943255,1
2024-06-20 09:29:39.382491,2.754331622459948,165.25989734759688,1
2024-06-20 09:29:39.752187,2.8250297335346657,169.50178401207995,1
2024-06-20 09:29:40.122606,2.8614512847394042,171.68707708436426,1
2024-06-20 09:29:40.477966,2.86188831627743,171.7132989766458,1
2024-06-20 09:29:40.847149,2.839727377202218,170.38364263213307,1
2024-06-20 09:29:41.218588,2.8074097457654634,168.4445847459278,1
2024-06-20 09:29:41.587643,2.7778341492137297,166.67004895282378,1
2024-06-20 09:29:41.945531,2.7648293385362885,165.88976031217732,1
2024-06-20 09:29:42.300836,2.7706365433864812,166.23819260318888,1
2024-06-20 09:29:42.671739,2.769384372414472,166.16306234486834,1
2024-06-20 09:29:43.026629,2.7723582077306888,166.34149246384132,1
2024-06-20 09:29:43.384179,2.7919877778940343,167.51926667364205,1
2024-06-20 09:29:43.755665,2.756753045981284,165.40518275887703,1
2024-06-20 09:29:44.128373,2.758896871055153,165.5338122633092,1
2024-06-20 09:29:44.501583,2.7642298028875856,165.85378817325514,1
2024-06-20 09:29:44.871931,2.7656077780609802,165.9364666836588,1
2024-06-20 09:29:45.243743,2.71115498832666,162.6692992995996,1
2024-06-20 09:29:45.612210,2.7906202134789,167.437212808734,1
2024-06-20 09:29:45.981545,2.7916787433950163,167.50072460370097,1
2024-06-20 09:29:46.351844,2.7798962582401225,166.79377549440736,1
2024-06-20 09:29:46.724568,2.780696484864428,166.84178909186568,1
2024-06-20 09:29:47.097006,2.779431672801788,166.76590036810728,1
2024-06-20 09:29:47.453280,2.7520364824847103,165.1221889490826,1
2024-06-20 09:29:47.811567,2.7340442090920636,164.04265254552382,1
2024-06-20 09:29:48.181361,2.787789904763532,167.26739428581192,1
2024-06-20 09:29:48.553130,2.776014587620055,166.5608752572033,1
2024-06-20 09:29:48.922773,2.762259316267943,165.7355589760766,1
2024-06-20 09:29:49.294229,2.7618889594186573,165.71333756511945,1
2024-06-20 09:29:49.667058,2.7464733212986943,164.78839927792166,1
2024-06-20 09:29:50.038102,2.7482760216113324,164.89656129667995,1
2024-06-20 09:29:50.425070,2.7620260589868093,165.72156353920855,1
2024-06-20 09:29:50.797852,2.7564773631833717,165.3886417910023,1
2024-06-20 09:29:51.167631,2.7932432416345256,167.59459449807153,1
2024-06-20 09:29:51.536756,2.7525649893639517,165.1538993618371,1
2024-06-20 09:29:51.907029,2.7396720450931,164.380322705586,1
2024-06-20 09:29:52.278480,2.739757092688011,164.38542556128067,1
2024-06-20 09:29:52.648027,2.7404020592118172,164.42412355270903,1
2024-06-20 09:29:53.021599,2.74107787724666,164.4646726347996,1
2024-06-20 09:29:53.392643,2.7416908957509363,164.50145374505618,1
2024-06-20 09:29:53.757041,2.7421474636830423,164.52884782098255,1
2024-06-20 09:29:54.131987,2.7423539300013755,164.54123580008252,1
2024-06-20 09:29:54.492260,2.7422159944750364,164.53295966850217,1
2024-06-20 09:29:54.852302,2.731172305924766,163.87033835548596,1
2024-06-20 09:29:55.211728,2.710655337796238,162.63932026777428,1
2024-06-20 09:29:55.572055,2.755347942799729,165.32087656798373,1
2024-06-20 09:29:55.944049,2.7317675739212826,163.90605443527696,1
2024-06-20 09:29:56.314984,2.7399466612536756,164.39679967522054,1
2024-06-20 09:29:56.681954,2.734589545767501,164.07537274605008,1
2024-06-20 09:29:57.042363,2.734695489404208,164.08172936425248,1
2024-06-20 09:29:57.401943,2.734986933413222,164.0992160047933,1
2024-06-20 09:29:57.769053,2.747209288753847,164.83255732523082,1
2024-06-20 09:29:58.137196,2.7399569920970817,164.3974195258249,1
2024-06-20 09:29:58.512915,2.754511138098531,165.27066828591188,1
2024-06-20 09:29:58.871517,2.716925970203106,163.01555821218636,1
2024-06-20 09:29:59.231481,2.7178921225502775,163.07352735301666,1
2024-06-20 09:29:59.602453,2.7548680756084467,165.2920845365068,1
2024-06-20 09:29:59.967219,2.7245108094939963,163.47064856963976,1
2024-06-20 09:30:00.331536,2.7249325839906624,163.49595503943974,1
2024-06-20 09:30:00.701768,2.735457241334025,164.1274344800415,1
2024-06-20 09:30:01.061977,2.73972736225953,164.3836417355718,1
2024-06-20 09:30:01.429044,2.739775833820889,164.38655002925336,1
2024-06-20 09:30:01.797113,2.7395762511774975,164.37457507064985,1
2024-06-20 09:30:02.171936,2.7173913000000005,163.04347800000002,1
2024-06-20 09:30:02.543811,2.739839542390084,164.39037254340502,1
2024-06-20 09:30:02.917250,2.7322050012871992,163.93230007723196,1
2024-06-20 09:30:03.288466,2.727273188852078,163.63639133112466,1
2024-06-20 09:30:03.674723,2.727276199567355,163.6365719740413,1
2024-06-20 09:30:04.047163,2.7272327446703857,163.63396468022313,1
2024-06-20 09:30:04.420196,2.749818156475031,164.98908938850187,1
2024-06-20 09:30:04.792681,2.7497724744517393,164.98634846710436,1
2024-06-20 09:30:05.179668,2.74977085,164.986251,1
2024-06-20 09:30:05.567098,2.7248999343156344,163.49399605893805,1
2024-06-20 09:30:05.954950,2.735861443967759,164.15168663806554,1
2024-06-20 09:30:06.329281,2.7360371720653975,164.16223032392386,1
2024-06-20 09:30:06.685932,2.7322637820028475,163.93582692017085,1
2024-06-20 09:30:07.043196,2.7322260576820545,163.93356346092327,1
2024-06-20 09:30:07.416393,2.732269906356728,163.93619438140368,1
2024-06-20 09:30:07.789625,2.7321203514901597,163.92722108940958,1
2024-06-20 09:30:08.161364,2.7469634876172533,164.8178092570352,1
2024-06-20 09:30:08.533943,2.766171695083265,165.9703017049959,1
2024-06-20 09:30:08.890153,2.766333321580801,165.97999929484806,1
2024-06-20 09:30:09.247138,2.747721830808545,164.8633098485127,1
2024-06-20 09:30:09.603908,2.724804678715577,163.4882807229346,1
2024-06-20 09:30:09.976768,2.743118087464815,164.5870852478889,1
2024-06-20 09:30:10.351058,2.7436149890630928,164.61689934378558,1
2024-06-20 09:30:10.722998,2.74334204733431,164.6005228400586,1
2024-06-20 09:30:11.094015,2.743936296989877,164.6361778193926,1
2024-06-20 09:30:11.465616,2.7245793511279293,163.47476106767576,1
2024-06-20 09:30:11.837090,2.7472690734050738,164.83614440430443,1
2024-06-20 09:30:12.209323,2.724801231661647,163.48807389969883,1
2024-06-20 09:30:12.581229,2.7565927048338543,165.39556229003125,1
2024-06-20 09:30:12.953167,2.757459477284993,165.44756863709958,1
2024-06-20 09:30:13.324777,2.7577569163909543,165.46541498345726,1
2024-06-20 09:30:13.695575,2.733119211759497,163.98715270556983,1
2024-06-20 09:30:14.068323,2.738174668051569,164.29048008309414,1
2024-06-20 09:30:14.456114,2.770430333990854,166.22582003945124,1
2024-06-20 09:30:14.826766,2.7263079794749587,163.57847876849752,1
2024-06-20 09:30:15.199999,2.738430205612824,164.30581233676943,1
2024-06-20 09:30:15.570181,2.749744224775335,164.9846534865201,1
2024-06-20 09:30:15.946301,2.7455465443938696,164.73279266363218,1
2024-06-20 09:30:16.318589,2.7452939484759638,164.71763690855784,1
2024-06-20 09:30:16.705466,2.7454802371191422,164.72881422714855,1
2024-06-20 09:30:17.077470,2.7423208735025515,164.5392524101531,1
2024-06-20 09:30:17.447649,2.742286972752231,164.53721836513387,1
2024-06-20 09:30:17.819857,2.741901073362003,164.5140644017202,1
2024-06-20 09:30:18.206433,2.7476903612068933,164.8614216724136,1
2024-06-20 09:30:18.562137,2.72633693775679,163.5802162654074,1
2024-06-20 09:30:18.933832,2.7229500942271767,163.3770056536306,1
2024-06-20 09:30:19.305661,2.7546510860800386,165.27906516480232,1
2024-06-20 09:30:19.677309,2.7325996700579744,163.95598020347848,1
2024-06-20 09:30:20.045760,2.760534308520881,165.63205851125286,1
2024-06-20 09:30:20.417934,2.7734639019519607,166.40783411711763,1
2024-06-20 09:30:20.771064,2.775490109985735,166.52940659914412,1
2024-06-20 09:30:21.131981,2.727674944824113,163.66049668944677,1
2024-06-20 09:30:21.491390,2.7291780754113844,163.75068452468307,1
2024-06-20 09:30:21.871716,2.76962832776297,166.1776996657782,1
2024-06-20 09:30:22.226415,2.7440956382274564,164.64573829364738,1
2024-06-20 09:30:22.586693,2.741852264642782,164.51113587856693,1
2024-06-20 09:30:22.947067,2.741830196755578,164.50981180533466,1
2024-06-20 09:30:23.306500,2.7541376974381033,165.2482618462862,1
2024-06-20 09:30:23.675361,2.7549347926255687,165.29608755753412,1
2024-06-20 09:30:24.041986,2.7550501837041663,165.30301102225,1
2024-06-20 09:30:24.401732,2.753753443884387,165.22520663306324,1
2024-06-20 09:30:24.762224,2.770690564523905,166.2414338714343,1
2024-06-20 09:30:25.139529,2.7354875308237583,164.1292518494255,1
2024-06-20 09:30:25.496479,2.7248949430014706,163.49369658008823,1
2024-06-20 09:30:25.856939,2.73897322051551,164.3383932309306,1
2024-06-20 09:30:26.216996,2.7397741490863377,164.38644894518026,1
2024-06-20 09:30:26.593488,2.7402906813204235,164.4174408792254,1
2024-06-20 09:30:26.951352,2.726282629044756,163.57695774268538,1
2024-06-20 09:30:27.324178,2.728494974037857,163.70969844227142,1
2024-06-20 09:30:27.686320,2.7767769396121484,166.6066163767289,1
2024-06-20 09:30:28.062944,2.7465338803626183,164.7920328217571,1
2024-06-20 09:30:28.422206,2.743081694320976,164.58490165925855,1
2024-06-20 09:30:28.781938,2.7392377038003035,164.3542622280182,1
2024-06-20 09:30:29.141684,2.7543736612137986,165.26241967282792,1
2024-06-20 09:30:29.501285,2.7412934949841468,164.4776096990488,1
2024-06-20 09:30:29.862076,2.7333788306245013,164.00272983747007,1
2024-06-20 09:30:30.238509,2.7231725749880242,163.39035449928144,1
2024-06-20 09:30:30.626141,2.7596474570653498,165.578847423921,1
2024-06-20 09:30:31.000517,2.7631467224707214,165.78880334824328,1
2024-06-20 09:30:31.356302,2.762313049975409,165.73878299852453,1
2024-06-20 09:30:31.739780,2.756645058710061,165.39870352260365,1
2024-06-20 09:30:32.127808,2.7339658357519325,164.03795014511596,1
2024-06-20 09:30:32.487247,2.7317078721704435,163.9024723302266,1
2024-06-20 09:30:32.842537,2.7378598715644387,164.27159229386632,1
2024-06-20 09:30:33.199071,2.755440963333686,165.32645780002116,1
2024-06-20 09:30:33.568053,2.7276446546722615,163.6586792803357,1
2024-06-20 09:30:33.943539,2.724728647237312,163.48371883423872,1
2024-06-20 09:30:34.313233,2.722194106473931,163.33164638843587,1
2024-06-20 09:30:34.684337,2.7661993478167934,165.9719608690076,1
2024-06-20 09:30:35.057748,2.771804896028908,166.30829376173446,1
2024-06-20 09:30:35.430072,2.7562747619883115,165.3764857192987,1
2024-06-20 09:30:35.804217,2.748094872909462,164.88569237456772,1
2024-06-20 09:30:36.175055,2.7470916319913887,164.82549791948333,1
2024-06-20 09:30:36.532083,2.7476566514842284,164.8593990890537,1
2024-06-20 09:30:36.900221,2.745774558118978,164.74647348713867,1
2024-06-20 09:30:37.271083,2.762841103945173,165.77046623671038,1
2024-06-20 09:30:37.643657,2.735855688966611,164.15134133799666,1
2024-06-20 09:30:38.001245,2.730943111358136,163.85658668148815,1
2024-06-20 09:30:38.373820,2.7435796960863157,164.61478176517895,1
2024-06-20 09:30:38.742842,2.7818189699218103,166.90913819530863,1
2024-06-20 09:30:39.115393,2.788339954287031,167.30039725722185,1
2024-06-20 09:30:39.488825,2.755426615674559,165.32559694047353,1
2024-06-20 09:30:39.860258,2.75147837460121,165.0887024760726,1
2024-06-20 09:30:40.233850,2.7524067250717335,165.144403504304,1
2024-06-20 09:30:40.605609,2.7542822036767247,165.2569322206035,1
2024-06-20 09:30:40.979963,2.750889583283218,165.05337499699309,1
2024-06-20 09:30:41.354994,2.722395616164896,163.34373696989377,1
2024-06-20 09:30:41.727933,2.779752416459348,166.7851449875609,1
2024-06-20 09:30:42.115144,2.7758117901627406,166.54870740976443,1
2024-06-20 09:30:42.485823,2.77166767989813,166.3000607938878,1
2024-06-20 09:30:42.858476,2.773369199436652,166.4021519661991,1
2024-06-20 09:30:43.227996,2.76425572851375,165.855343710825,1
2024-06-20 09:30:43.600262,2.7530123121279533,165.1807387276772,1
2024-06-20 09:30:43.970340,2.75270922472587,165.16255348355222,1
2024-06-20 09:30:44.326757,2.749931325620376,164.99587953722258,1
2024-06-20 09:30:44.683712,2.776875867488559,166.61255204931356,1
2024-06-20 09:30:45.054930,2.752251698294716,165.13510189768297,1
2024-06-20 09:30:45.425285,2.7442078943774897,164.65247366264938,1
2024-06-20 09:30:45.800059,2.76818943394243,166.0913660365458,1
2024-06-20 09:30:46.156006,2.7689387632852656,166.13632579711594,1
2024-06-20 09:30:46.513150,2.7933078920750107,167.59847352450063,1
2024-06-20 09:30:46.869168,2.800955590622238,168.05733543733427,1
2024-06-20 09:30:47.225631,2.7551688719516565,165.3101323170994,1
2024-06-20 09:30:47.595172,2.7340340786013106,164.04204471607864,1
2024-06-20 09:30:47.951175,2.7897535720560165,167.385214323361,1
2024-06-20 09:30:48.322494,2.761926811049191,165.71560866295144,1
2024-06-20 09:30:48.696228,2.751650094349855,165.0990056609913,1
2024-06-20 09:30:49.068849,2.770834044246891,166.25004265481346,1
2024-06-20 09:30:49.443610,2.7731726550549047,166.39035930329428,1
2024-06-20 09:30:49.796575,2.7722808641982124,166.33685185189273,1
2024-06-20 09:30:50.171408,2.77655713294533,166.5934279767198,1
2024-06-20 09:30:50.543083,2.7801297383758876,166.80778430255324,1
2024-06-20 09:30:50.913430,2.751955810923647,165.11734865541882,1
2024-06-20 09:30:51.281364,2.7435050326916124,164.61030196149673,1
2024-06-20 09:30:51.659124,2.75696925542591,165.4181553255546,1
2024-06-20 09:30:52.030996,2.759243966360685,165.5546379816411,1
2024-06-20 09:30:52.403215,2.7577215852582047,165.4632951154923,1
2024-06-20 09:30:52.773788,2.7690228835792157,166.14137301475293,1
2024-06-20 09:30:53.159072,2.7825910129920164,166.955460779521,1
2024-06-20 09:30:53.529935,2.783414452178364,167.00486713070185,1
2024-06-20 09:30:53.902110,2.78517012154981,167.1102072929886,1
2024-06-20 09:30:54.256831,2.7650858215235945,165.90514929141568,1
2024-06-20 09:30:54.615020,2.76267740012154,165.7606440072924,1
2024-06-20 09:30:54.988058,2.751773365547875,165.1064019328725,1
2024-06-20 09:30:55.361562,2.7494666063206195,164.96799637923718,1
2024-06-20 09:30:55.716777,2.749033969311935,164.9420381587161,1
2024-06-20 09:30:56.088503,2.7578213939278133,165.4692836356688,1
2024-06-20 09:30:56.464361,2.756890469070567,165.41342814423402,1
2024-06-20 09:30:56.835042,2.783122172164333,166.98733032986,1
2024-06-20 09:30:57.208622,2.797239741179918,167.8343844707951,1
2024-06-20 09:30:57.585126,2.727975814276102,163.67854885656612,1
2024-06-20 09:30:57.956424,2.7797007145560255,166.78204287336152,1
2024-06-20 09:30:58.327015,2.7389898623649938,164.33939174189962,1
2024-06-20 09:30:58.682887,2.772329510487943,166.3397706292766,1
2024-06-20 09:30:59.053735,2.7347867153536805,164.08720292122084,1
2024-06-20 09:30:59.425336,2.7185509470419444,163.11305682251665,1
2024-06-20 09:30:59.811754,2.725027747668497,163.50166486010983,1
2024-06-20 09:31:00.183748,2.712819197564319,162.76915185385914,1
2024-06-20 09:31:00.556646,2.76420293280831,165.8521759684986,1
2024-06-20 09:31:00.943685,2.777147774456723,166.62886646740338,1
2024-06-20 09:31:01.317277,2.760581742417628,165.63490454505768,1
2024-06-20 09:31:01.686288,2.7274490136437475,163.64694081862484,1
2024-06-20 09:31:02.055187,2.7423158058589494,164.53894835153696,1
2024-06-20 09:31:02.428193,2.744045072814529,164.64270436887173,1
2024-06-20 09:31:02.816482,2.7258706762529976,163.55224057517987,1
2024-06-20 09:31:03.202857,2.728036293392482,163.68217760354892,1
2024-06-20 09:31:03.573522,2.700581625697761,162.03489754186566,1
2024-06-20 09:31:03.959647,2.753467840068002,165.2080704040801,1
2024-06-20 09:31:04.333849,2.738267002015999,164.29602012095992,1
2024-06-20 09:31:04.719267,2.7255757209592377,163.53454325755428,1
2024-06-20 09:31:05.082351,2.7324162766511337,163.944976599068,1
2024-06-20 09:31:05.442214,2.73027911883837,163.81674713030222,1
2024-06-20 09:31:05.818764,2.729510850706713,163.7706510424028,1
2024-06-20 09:31:06.204634,2.7302336611072677,163.81401966643605,1
2024-06-20 09:31:06.561318,2.7226095270892734,163.3565716253564,1
2024-06-20 09:31:06.911516,2.7066237045706694,162.39742227424017,1
2024-06-20 09:31:07.271573,2.7921266636816138,167.52759982089682,1
2024-06-20 09:31:07.642839,2.7500953550574203,165.00572130344523,1
2024-06-20 09:31:08.006699,2.727565816345705,163.6539489807423,1
2024-06-20 09:31:08.366741,2.7332961942352454,163.99777165411473,1
2024-06-20 09:31:08.738979,2.7326921107904045,163.96152664742428,1
2024-06-20 09:31:09.101495,2.7293494369162663,163.76096621497598,1
2024-06-20 09:31:09.483369,2.7530181895261623,165.18109137156975,1
2024-06-20 09:31:09.837184,2.7322837044721666,163.93702226833,1
2024-06-20 09:31:10.197113,2.723417326287081,163.40503957722484,1
2024-06-20 09:31:10.556656,2.7231106710298314,163.3866402617899,1
2024-06-20 09:31:10.937444,2.7423097829483254,164.53858697689952,1
2024-06-20 09:31:11.291276,2.7485985834616367,164.9159150076982,1
2024-06-20 09:31:11.661931,2.7464667814410486,164.7880068864629,1
2024-06-20 09:31:12.026381,2.7490355753664066,164.9421345219844,1
2024-06-20 09:31:12.386432,2.7336043630683258,164.01626178409956,1
2024-06-20 09:31:12.757535,2.728928555704459,163.73571334226756,1
2024-06-20 09:31:13.122151,2.7294523122757983,163.7671387365479,1
2024-06-20 09:31:13.482135,2.732787360390872,163.9672416234523,1
2024-06-20 09:31:13.852657,2.722098514364428,163.32591086186568,1
2024-06-20 09:31:14.216367,2.7154937517088795,162.92962510253278,1
2024-06-20 09:31:14.588867,2.7743057769455546,166.45834661673328,1
2024-06-20 09:31:14.951525,2.771044417575266,166.26266505451596,1
2024-06-20 09:31:15.316323,2.708054368089597,162.48326208537583,1
2024-06-20 09:31:15.686920,2.734400141749785,164.0640085049871,1
2024-06-20 09:31:16.046861,2.7508599851103614,165.0515991066217,1
2024-06-20 09:31:16.412992,2.744662561620322,164.67975369721933,1
2024-06-20 09:31:16.781292,2.7569031794615175,165.41419076769105,1
2024-06-20 09:31:17.141945,2.7299534876991753,163.7972092619505,1
2024-06-20 09:31:17.501764,2.742516373864432,164.55098243186592,1
2024-06-20 09:31:17.862186,2.75437353727403,165.2624122364418,1
2024-06-20 09:31:18.240641,2.744129394296406,164.64776365778434,1
2024-06-20 09:31:18.625308,2.7718819949020257,166.31291969412155,1
2024-06-20 09:31:18.998980,2.765831596955947,165.9498958173568,1
2024-06-20 09:31:19.370927,2.7278462088408513,163.67077253045107,1
2024-06-20 09:31:19.726411,2.744205625996632,164.6523375597979,1
2024-06-20 09:31:20.094249,2.76676402312654,166.0058413875924,1
2024-06-20 09:31:20.450149,2.735741741821298,164.14450450927788,1
2024-06-20 09:31:20.804992,2.7565206881638766,165.3912412898326,1
2024-06-20 09:31:21.182083,2.740986781694557,164.4592069016734,1
2024-06-20 09:31:21.547069,2.7404585846782705,164.42751508069622,1
2024-06-20 09:31:21.907010,2.7529407328473843,165.17644397084305,1
2024-06-20 09:31:22.267777,2.766100632310841,165.96603793865046,1
2024-06-20 09:31:22.622049,2.7716144171535726,166.29686502921436,1
2024-06-20 09:31:22.979658,2.7648233537612485,165.8894012256749,1
2024-06-20 09:31:23.345138,2.756826428435284,165.40958570611704,1
2024-06-20 09:31:23.709619,2.751560058488785,165.0936035093271,1
2024-06-20 09:31:24.087989,2.7512893567541457,165.07736140524875,1
2024-06-20 09:31:24.453937,2.7482806821609054,164.89684092965433,1
2024-06-20 09:31:24.818100,2.7471342334571927,164.82805400743155,1
2024-06-20 09:31:25.199020,2.7467943742139243,164.80766245283544,1
2024-06-20 09:31:25.564209,2.7517560539024752,165.1053632341485,1
2024-06-20 09:31:25.928007,2.761569997240734,165.69419983444405,1
2024-06-20 09:31:26.308130,2.760179000740708,165.61074004444248,1
2024-06-20 09:31:26.675291,2.777306250245759,166.63837501474555,1
2024-06-20 09:31:27.053954,2.751901572277285,165.1140943366371,1
2024-06-20 09:31:27.432358,2.734755354017604,164.08532124105625,1
2024-06-20 09:31:27.812568,2.7532422395417933,165.1945343725076,1
2024-06-20 09:31:28.190633,2.74245141091472,164.5470846548832,1
2024-06-20 09:31:28.553679,2.733357419400988,164.00144516405928,1
2024-06-20 09:31:28.936726,2.742868834991287,164.57213009947722,1
2024-06-20 09:31:29.315987,2.7396360850700243,164.37816510420146,1
2024-06-20 09:31:29.709674,2.772801060336378,166.36806362018268,1
2024-06-20 09:31:30.088112,2.7920912223100607,167.52547333860363,1
2024-06-20 09:31:30.461695,2.760345942164864,165.62075652989185,1
2024-06-20 09:31:30.842540,2.766922054835749,166.01532329014495,1
2024-06-20 09:31:31.205678,2.750587659578111,165.03525957468668,1
2024-06-20 09:31:31.556374,2.735670694803814,164.14024168822883,1
2024-06-20 09:31:31.918460,2.7505633446182274,165.03380067709364,1
2024-06-20 09:31:32.284468,2.7575642140521763,165.4538528431306,1
2024-06-20 09:31:32.647931,2.7429489687320454,164.57693812392273,1
2024-06-20 09:31:33.012148,2.7450146085812293,164.70087651487376,1
2024-06-20 09:31:33.378132,2.744163182954976,164.64979097729855,1
2024-06-20 09:31:33.743923,2.7732297423102765,166.3937845386166,1
2024-06-20 09:31:34.108228,2.7916813129789846,167.50087877873906,1
2024-06-20 09:31:34.472290,2.7644811384499017,165.8688683069941,1
2024-06-20 09:31:34.822020,2.7856387064411683,167.1383223864701,1
2024-06-20 09:31:35.186620,2.776021230046709,166.56127380280253,1
2024-06-20 09:31:35.549700,2.747659883716141,164.85959302296845,1
2024-06-20 09:31:35.916114,2.7381460625420515,164.2887637525231,1
2024-06-20 09:31:36.282664,2.7711430824937966,166.2685849496278,1
2024-06-20 09:31:36.646096,2.7574109109186864,165.44465465512118,1
2024-06-20 09:31:37.028116,2.7559282577954707,165.35569546772825,1
2024-06-20 09:31:37.394000,2.7576273914470257,165.45764348682155,1
2024-06-20 09:31:37.760270,2.763762973098254,165.82577838589523,1
2024-06-20 09:31:38.138526,2.7740988061052194,166.44592836631315,1
2024-06-20 09:31:38.506217,2.773915887759806,166.43495326558835,1
2024-06-20 09:31:38.888117,2.772558209245488,166.35349255472929,1
2024-06-20 09:31:39.254097,2.7631252492835636,165.78751495701383,1
2024-06-20 09:31:39.618398,2.769597289777098,166.1758373866259,1
2024-06-20 09:31:39.999093,2.7572440787943138,165.43464472765882,1
2024-06-20 09:31:40.362933,2.7741858713677017,166.4511522820621,1
2024-06-20 09:31:40.722954,2.786487284600573,167.18923707603437,1
2024-06-20 09:31:41.082680,2.7628271618873805,165.76962971324284,1
2024-06-20 09:31:41.442944,2.7566243737666007,165.39746242599605,1
2024-06-20 09:31:41.816424,2.7520462817347835,165.122776904087,1
2024-06-20 09:31:42.162886,2.784476864442095,167.06861186652569,1
2024-06-20 09:31:42.531508,2.774039594795817,166.44237568774903,1
2024-06-20 09:31:42.896366,2.7721138051386673,166.32682830832005,1
2024-06-20 09:31:43.257863,2.7870429443471125,167.22257666082675,1
2024-06-20 09:31:43.618000,2.776204076474555,166.5722445884733,1
2024-06-20 09:31:43.977005,2.8194656838622,169.167941031732,1
2024-06-20 09:31:44.337620,2.839246458370278,170.35478750221668,1
2024-06-20 09:31:44.707063,2.7599255944576706,165.59553566746024,1
2024-06-20 09:31:45.064971,2.7749889317191245,166.49933590314748,1
2024-06-20 09:31:45.436791,2.7835093133615407,167.01055880169244,1
2024-06-20 09:31:45.800355,2.754749522760847,165.28497136565082,1
2024-06-20 09:31:46.182444,2.759459581012132,165.56757486072792,1
2024-06-20 09:31:46.560568,2.7701244988661005,166.20746993196602,1
2024-06-20 09:31:46.922152,2.7793125552319484,166.7587533139169,1
2024-06-20 09:31:47.289517,2.778502555161652,166.7101533096991,1
2024-06-20 09:31:47.654749,2.78406519162548,167.0439114975288,1
2024-06-20 09:31:48.018524,2.785336358717532,167.12018152305194,1
2024-06-20 09:31:48.383647,2.787316471114267,167.238988266856,1
2024-06-20 09:31:48.764064,2.7755874241468095,166.53524544880858,1
2024-06-20 09:31:49.129567,2.77364173871606,166.4185043229636,1
2024-06-20 09:31:49.508491,2.775643464608653,166.53860787651917,1
2024-06-20 09:31:49.890561,2.763052431432783,165.78314588596697,1
2024-06-20 09:31:50.268580,2.769418281161214,166.16509686967282,1
2024-06-20 09:31:50.629684,2.758215418558177,165.4929251134906,1
2024-06-20 09:31:50.993912,2.803589361339211,168.21536168035266,1
2024-06-20 09:31:51.359930,2.801617490711419,168.09704944268512,1
2024-06-20 09:31:51.710613,2.782259890920959,166.93559345525753,1
2024-06-20 09:31:52.076156,2.8033720739197667,168.202324435186,1
2024-06-20 09:31:52.437517,2.7809733981379834,166.858403888279,1
2024-06-20 09:31:52.786145,2.767569740246401,166.05418441478406,1
2024-06-20 09:31:53.150618,2.7715289414852577,166.29173648911546,1
2024-06-20 09:31:53.515031,2.766818271803721,166.00909630822326,1
2024-06-20 09:31:53.880620,2.786860972656024,167.21165835936145,1
2024-06-20 09:31:54.260519,2.807559561276904,168.45357367661424,1
2024-06-20 09:31:54.624054,2.7944257100138197,167.66554260082918,1
2024-06-20 09:31:54.990638,2.772838872536585,166.3703323521951,1
2024-06-20 09:31:55.369555,2.768370867616162,166.10225205696972,1
2024-06-20 09:31:55.733887,2.768475776954777,166.1085466172866,1
2024-06-20 09:31:56.095931,2.781517446567497,166.89104679404983,1
2024-06-20 09:31:56.459686,2.8049193859806794,168.29516315884075,1
2024-06-20 09:31:56.842494,2.781010694395027,166.8606416637016,1
2024-06-20 09:31:57.205932,2.7861591577356117,167.1695494641367,1
2024-06-20 09:31:57.569630,2.8151572063795536,168.90943238277322,1
2024-06-20 09:31:58.947565,2.815157,168.90942,1
